{"type":"FeatureCollection","crs":"EPSG:3031","note":"Derived product. Ice shelf outlines traced from the BedMachine floating-ice mask, named by intersection with the MEaSUREs boundaries, then simplified for display. Simplification is relative to each shelf, so the geometry is not at a uniform resolution and is not suitable for measurement. Cite the sources below, not this file.","sources":[{"role":"ice shelf geometry","title":"MEaSUREs BedMachine Antarctica, Version 4","citation":"Morlighem, M. (2025). MEaSUREs BedMachine Antarctica (NSIDC-0756, Version 4). [Data Set]. Boulder, Colorado USA. NASA National Snow and Ice Data Center Distributed Active Archive Center.","doi":"https://doi.org/10.5067/POJQI54A45HX","reference":"Morlighem, M., Rignot, E., Binder, T., Blankenship, D. D., Drews, R., Eagles, G., et al. (2020). Deep glacial troughs and stabilizing ridges unveiled beneath the margins of the Antarctic ice sheet. Nature Geoscience, 13, 132-137."},{"role":"ice shelf names","title":"MEaSUREs Antarctic Boundaries for IPY 2007-2009 from Satellite Radar, Version 2","citation":"Mouginot, J., Scheuchl, B. & Rignot, E. (2017). MEaSUREs Antarctic Boundaries for IPY 2007-2009 from Satellite Radar (NSIDC-0709, Version 2). [Data Set]. Boulder, Colorado USA. NASA National Snow and Ice Data Center Distributed Active Archive Center.","doi":"https://doi.org/10.5067/AXE4121732AD","reference":"Rignot, E., Jacobs, S., Mouginot, J. & Scheuchl, B. (2013). Ice-Shelf Melting Around Antarctica. Science, 341, 266-270."}],"features":[{"type":"Feature","properties":{"key":"Ross","name":"Ross","area_km2":499469.9,"lon":-176.1993,"lat":-80.9418},"geometry":{"type":"MultiPolygon","coordinates":[[[[329750,-1262750],[329250,-1260250],[329750,-1260250],[329750,-1262750]]],[[[329750,-1259750],[329250,-1257250],[329750,-1257250],[329750,-1259750]]],[[[297250,-1255250],[298250,-1255250],[298750,-1255750],[297250,-1255250]]],[[[293250,-1250750],[295750,-1253750],[293250,-1254250],[293250,-1250750]]],[[[352250,-1246750],[351250,-1247250],[352250,-1245750],[352250,-1246750]]],[[[342250,-1248250],[349750,-1249750],[345750,-1256250],[342250,-1256250],[342250,-1250750],[339250,-1248750],[330750,-1252250],[331250,-1247250],[328750,-1246250],[329750,-1241250],[331750,-1240750],[332750,-1242750],[337750,-1245250],[339250,-1239250],[333250,-1239750],[333250,-1237750],[330250,-1237250],[336250,-1231250],[336750,-1227750],[340750,-1228250],[342250,-1230750],[345250,-1231750],[344750,-1236250],[348250,-1233750],[351750,-1235250],[356250,-1232250],[358250,-1233250],[358250,-1235750],[349750,-1238750],[345750,-1245750],[341750,-1246750],[342250,-1248250]]],[[[-193250,-547250],[-193250,-549750],[-195250,-548750],[-195250,-545750],[-197750,-542250],[-205750,-535250],[-211750,-526750],[-221750,-518250],[-225750,-517750],[-227250,-514250],[-229250,-513750],[-229750,-511250],[-227750,-512250],[-227250,-511250],[-229250,-510250],[-229750,-507250],[-226750,-507750],[-225250,-506250],[-223250,-507750],[-215250,-508250],[-213750,-505250],[-213250,-497250],[-217250,-489250],[-219750,-487750],[-218750,-485250],[-220250,-483250],[-222750,-481750],[-231250,-482250],[-230750,-479750],[-234750,-473750],[-237750,-474250],[-237750,-475750],[-243750,-474750],[-248750,-477750],[-255750,-478250],[-266250,-484250],[-271250,-484250],[-273250,-481750],[-274250,-476250],[-272250,-465750],[-272750,-458750],[-270750,-458250],[-271250,-456750],[-268750,-456750],[-267250,-452750],[-276250,-444250],[-276250,-441250],[-272750,-437750],[-267750,-437750],[-262250,-434750],[-260750,-438750],[-262750,-444750],[-259750,-442750],[-253250,-442750],[-247250,-444750],[-244750,-443750],[-244750,-442250],[-234250,-442750],[-229250,-441250],[-227750,-445250],[-224750,-447750],[-209250,-453750],[-206250,-453750],[-206750,-451750],[-202250,-448750],[-191250,-458250],[-183250,-470250],[-177750,-470750],[-177250,-468750],[-173250,-469250],[-173250,-467250],[-172750,-469250],[-168750,-469750],[-167750,-473250],[-165250,-474750],[-166250,-476250],[-157750,-497250],[-158750,-501750],[-163750,-504750],[-163250,-510750],[-156250,-515250],[-155750,-526750],[-152750,-535250],[-143250,-545750],[-138750,-547250],[-137750,-549750],[-137250,-548250],[-135750,-548750],[-134250,-551750],[-133750,-550250],[-132250,-551750],[-130250,-551750],[-129750,-550250],[-128750,-551250],[-129750,-548250],[-127750,-549250],[-127250,-552250],[-123750,-551750],[-122750,-549750],[-119250,-554750],[-118750,-565250],[-115250,-570750],[-92750,-584750],[-89750,-588750],[-83750,-589250],[-79250,-593750],[-70250,-597750],[-67250,-601250],[-62250,-601250],[-52250,-605250],[-50250,-604250],[-51250,-601750],[-50250,-597750],[-42250,-591750],[-40750,-598250],[-36750,-603250],[-36750,-605250],[-40250,-606250],[-41250,-608250],[-30250,-610250],[-28750,-607750],[-25750,-608750],[-23250,-607250],[-18750,-618750],[-14750,-619250],[-13750,-617750],[-11250,-618250],[-250,-613250],[4250,-618250],[2750,-621750],[5750,-629250],[11250,-632750],[12250,-631750],[13750,-633750],[17750,-633750],[16750,-638750],[18250,-639250],[18250,-637250],[19750,-638250],[20250,-636750],[24250,-641750],[27250,-642250],[27750,-644750],[28750,-643750],[29750,-645250],[31250,-644750],[36250,-652250],[43250,-656250],[47750,-654750],[49750,-655250],[54250,-652750],[56250,-656250],[54250,-656750],[52750,-660750],[59250,-668250],[65250,-665750],[68250,-661750],[71750,-664750],[74250,-660250],[76250,-660750],[78250,-664250],[74250,-672250],[74750,-674250],[79250,-674750],[80250,-678750],[82750,-679250],[85750,-683250],[90750,-682750],[93750,-677250],[95750,-676750],[96750,-678250],[95750,-683750],[97750,-684250],[97250,-686750],[104250,-692250],[109250,-692250],[110750,-693750],[110750,-695250],[107250,-695250],[104250,-697250],[103750,-699750],[105250,-699750],[106250,-702250],[108750,-703250],[111250,-699750],[117250,-703250],[118250,-698250],[119750,-697750],[123250,-702750],[123750,-707250],[126750,-709750],[130250,-709750],[129250,-704250],[130250,-700750],[132250,-702250],[133250,-711750],[137250,-710750],[140750,-704750],[144250,-708250],[143250,-705250],[144250,-702250],[147250,-702750],[146750,-704750],[147750,-704250],[148250,-706750],[150250,-706750],[151750,-709250],[151750,-712750],[164250,-717250],[166750,-719750],[165750,-721750],[163250,-721750],[156750,-717250],[154250,-718250],[154250,-720250],[151750,-718250],[147250,-717750],[146250,-721250],[150250,-721750],[150750,-724750],[144250,-727250],[144250,-731250],[150250,-741750],[150750,-745750],[158250,-748250],[159750,-740750],[161250,-737250],[162750,-737250],[162750,-738750],[165250,-739750],[166250,-745250],[171750,-746250],[171250,-747750],[167750,-747750],[168250,-751250],[171750,-753250],[170250,-756750],[171750,-758750],[171250,-762250],[179250,-767750],[181250,-766750],[180750,-764750],[183250,-763750],[185250,-766250],[185250,-772250],[190750,-777750],[194250,-776750],[203250,-778750],[204250,-790750],[208250,-794750],[210750,-800250],[215250,-799250],[215750,-801250],[218750,-801750],[221250,-804250],[224250,-797250],[238250,-789250],[238250,-785750],[232750,-781250],[231250,-777750],[236750,-779750],[236750,-777250],[238250,-776750],[244750,-781750],[259250,-776250],[258250,-777750],[266750,-780250],[267250,-787250],[265250,-791750],[262250,-792250],[257250,-800750],[237250,-809250],[235750,-816750],[239750,-819750],[239250,-822250],[241750,-821750],[243250,-825250],[246250,-826250],[254250,-834250],[256750,-838750],[262750,-840250],[262750,-842750],[258750,-843250],[257750,-845250],[260250,-850750],[264750,-851750],[263750,-847750],[265750,-848250],[266250,-846750],[270750,-845750],[270750,-847750],[268750,-849250],[269750,-852250],[268250,-856250],[271250,-858750],[273250,-863750],[275750,-865250],[280750,-864250],[280750,-866250],[282750,-867250],[289250,-866750],[290250,-871250],[295250,-871750],[296750,-869750],[298750,-870250],[298250,-875750],[294250,-878750],[296250,-884250],[302250,-881750],[305250,-877750],[306250,-881750],[304250,-883750],[304250,-887250],[310750,-888750],[315750,-884750],[316750,-889750],[315250,-890750],[320750,-894250],[320750,-898250],[319250,-899750],[310250,-899250],[309250,-903250],[315750,-903750],[315750,-907250],[320750,-910750],[318250,-912750],[318250,-914750],[323250,-918750],[325250,-923750],[321250,-927750],[323250,-930250],[322750,-932250],[326750,-935250],[339750,-939750],[337250,-944250],[326250,-946750],[329250,-947250],[328750,-948750],[323250,-948250],[327250,-952250],[327750,-963250],[334250,-966250],[337250,-965250],[339250,-960750],[343250,-958250],[347250,-958750],[349250,-960750],[341250,-971750],[345250,-978750],[342250,-979250],[339750,-976750],[336250,-976250],[337250,-980250],[339250,-983250],[340750,-982750],[344750,-989250],[352250,-984750],[355750,-984250],[357250,-981750],[360750,-981750],[363250,-977250],[367250,-975750],[368250,-973250],[375250,-968750],[381250,-969250],[385250,-973250],[384750,-978750],[382250,-981750],[383250,-990750],[365250,-1012250],[361750,-1018750],[362750,-1020250],[360250,-1021750],[357750,-1031750],[354250,-1032250],[350750,-1036750],[350250,-1041250],[351250,-1043250],[353750,-1043750],[355750,-1036250],[359250,-1033250],[370250,-1040250],[373250,-1040250],[375250,-1032250],[377250,-1032750],[378750,-1028750],[384750,-1028250],[382750,-1029750],[384750,-1038250],[386750,-1039250],[384750,-1047250],[379250,-1049250],[376750,-1053750],[376250,-1059250],[372250,-1064750],[373250,-1065750],[379750,-1058750],[382750,-1059750],[388750,-1058750],[392250,-1061250],[395750,-1069750],[391750,-1069750],[389250,-1067750],[384750,-1068250],[385750,-1072250],[382250,-1076250],[382750,-1083750],[380250,-1085250],[378750,-1083250],[373750,-1083250],[372750,-1085250],[375750,-1089750],[381750,-1088750],[383750,-1090750],[383750,-1097250],[390750,-1099250],[390750,-1105750],[395750,-1111750],[392250,-1122250],[394750,-1127750],[389750,-1126750],[386250,-1128250],[387750,-1139250],[389250,-1140250],[386250,-1143750],[381250,-1139750],[380250,-1135750],[377750,-1133250],[372750,-1131750],[367750,-1131750],[367250,-1133250],[378250,-1149250],[381250,-1150750],[381250,-1156750],[383750,-1158750],[387250,-1158250],[387250,-1161750],[397750,-1179250],[396250,-1187250],[393250,-1188250],[392250,-1191750],[390250,-1191250],[389250,-1180750],[387250,-1176750],[381750,-1173750],[374750,-1164750],[371750,-1165250],[370750,-1163250],[368750,-1165750],[367250,-1165250],[365750,-1155250],[359750,-1148750],[357250,-1150750],[356250,-1158750],[358250,-1163250],[357750,-1174250],[353250,-1174750],[352750,-1177250],[347750,-1177250],[348250,-1181750],[344750,-1181750],[343250,-1180250],[340250,-1181750],[339750,-1187250],[337750,-1187250],[333250,-1197750],[325750,-1200750],[314750,-1201250],[315250,-1202750],[313750,-1202750],[312750,-1205750],[306250,-1210250],[301250,-1210250],[297250,-1206750],[295750,-1207250],[289750,-1198750],[286250,-1196750],[281750,-1197250],[274250,-1201250],[273250,-1207250],[279750,-1220250],[293250,-1218750],[295250,-1220750],[299750,-1221250],[302750,-1219750],[306750,-1220750],[313250,-1225750],[314250,-1227750],[313250,-1231250],[315250,-1232250],[314250,-1236750],[325250,-1244250],[321750,-1253250],[323750,-1262250],[325750,-1264750],[328750,-1264750],[330250,-1262750],[334750,-1267750],[335750,-1278250],[330750,-1283250],[328750,-1283250],[326750,-1287250],[318250,-1286250],[309250,-1282250],[301250,-1283250],[300250,-1287250],[302750,-1290750],[301250,-1299750],[296750,-1303750],[292250,-1315750],[289750,-1318250],[281250,-1317250],[276750,-1318750],[273750,-1314750],[272750,-1315750],[266250,-1314750],[265250,-1319250],[259750,-1321750],[257750,-1328750],[251250,-1334250],[250750,-1338750],[253250,-1343250],[252750,-1345250],[244750,-1343250],[234250,-1343750],[229750,-1349250],[216750,-1349250],[216750,-1350250],[208750,-1350250],[205750,-1352250],[189750,-1351250],[189750,-1350250],[181750,-1352250],[148750,-1351250],[134750,-1348250],[104750,-1350250],[99750,-1349250],[95750,-1345250],[92750,-1345250],[91750,-1341250],[86750,-1336250],[80750,-1334250],[71750,-1327250],[61750,-1324250],[50750,-1324250],[50750,-1323250],[21750,-1324250],[15750,-1322250],[-3250,-1322250],[-9250,-1324250],[-21250,-1323250],[-26250,-1319250],[-31250,-1318250],[-32250,-1316250],[-42250,-1314250],[-45250,-1310250],[-47250,-1310250],[-50250,-1307250],[-58250,-1305250],[-63250,-1300250],[-63250,-1298250],[-68250,-1293250],[-70250,-1293250],[-70750,-1289250],[-69250,-1285750],[-58750,-1287750],[-68750,-1285250],[-69250,-1283750],[-59750,-1285750],[-56750,-1285250],[-69250,-1282750],[-69250,-1280250],[-67250,-1278250],[-69250,-1276250],[-72250,-1276250],[-80250,-1272250],[-87250,-1272250],[-99250,-1269250],[-108250,-1263250],[-117250,-1262250],[-129250,-1258250],[-131250,-1256250],[-136250,-1256250],[-153250,-1250250],[-180250,-1249250],[-188250,-1245250],[-212250,-1241250],[-220250,-1237250],[-232250,-1235250],[-241250,-1228250],[-253250,-1226250],[-275250,-1218250],[-282250,-1217250],[-284250,-1215250],[-287250,-1215250],[-289250,-1212250],[-297750,-1210250],[-315250,-1200250],[-322750,-1198750],[-324750,-1194250],[-330250,-1192250],[-332250,-1188750],[-323750,-1189250],[-327750,-1188250],[-330250,-1183750],[-323750,-1181750],[-320250,-1183250],[-314250,-1182250],[-320250,-1181250],[-324750,-1177250],[-324750,-1180750],[-326750,-1181250],[-328250,-1179750],[-332750,-1182750],[-334750,-1180750],[-345250,-1177250],[-350750,-1181750],[-349750,-1183250],[-352750,-1184250],[-362250,-1176250],[-371250,-1172250],[-371750,-1173250],[-359250,-1185250],[-378250,-1201250],[-384250,-1204250],[-395250,-1205250],[-397250,-1207250],[-403250,-1206250],[-412250,-1210250],[-415250,-1209250],[-421250,-1211250],[-424250,-1214250],[-443250,-1223250],[-462250,-1222250],[-465250,-1225250],[-469250,-1226250],[-470250,-1228250],[-476250,-1228250],[-479250,-1230750],[-482250,-1230750],[-482750,-1233750],[-484750,-1218250],[-488250,-1210750],[-493250,-1191750],[-496250,-1188250],[-496750,-1180250],[-502750,-1178750],[-513250,-1187250],[-515750,-1185250],[-515250,-1181750],[-516750,-1181250],[-515750,-1179750],[-519250,-1177250],[-524250,-1176750],[-526750,-1173250],[-532250,-1171750],[-535750,-1172750],[-537750,-1169250],[-542250,-1171750],[-544250,-1171250],[-543250,-1165250],[-541750,-1165750],[-542250,-1167750],[-538250,-1167750],[-539250,-1161250],[-545250,-1163750],[-544750,-1161250],[-546250,-1160750],[-547750,-1163750],[-551750,-1165250],[-551750,-1168250],[-557750,-1168250],[-558750,-1157750],[-560750,-1152750],[-555250,-1150750],[-554250,-1144750],[-549250,-1143750],[-549250,-1140250],[-547250,-1137750],[-544750,-1141250],[-542250,-1141250],[-541750,-1138250],[-537250,-1138750],[-534750,-1143250],[-532750,-1139750],[-529250,-1139250],[-517250,-1143750],[-509250,-1144250],[-505750,-1139750],[-502750,-1141250],[-495750,-1140250],[-492750,-1136250],[-492750,-1129750],[-498750,-1114750],[-504250,-1091750],[-505250,-1089250],[-507250,-1089250],[-506250,-1086750],[-507250,-1085250],[-505750,-1084750],[-511750,-1072250],[-532250,-1055750],[-536250,-1055250],[-536750,-1051750],[-539250,-1052750],[-539250,-1054750],[-540250,-1052750],[-544750,-1053250],[-543750,-1047750],[-547750,-1050250],[-548250,-1048250],[-552250,-1050250],[-551250,-1052750],[-549250,-1052750],[-552250,-1055250],[-554750,-1053750],[-555750,-1049750],[-563250,-1048750],[-559750,-1045250],[-541250,-1036750],[-540750,-1033750],[-541750,-1031250],[-545750,-1030750],[-552750,-1032750],[-555750,-1030750],[-552250,-1027750],[-547750,-1026750],[-545250,-1023750],[-554750,-1006750],[-557750,-997250],[-560250,-995250],[-561250,-988750],[-564750,-986750],[-572250,-974250],[-578250,-971250],[-578750,-962250],[-583250,-955250],[-593250,-944750],[-592750,-941250],[-587750,-939750],[-587250,-936750],[-584750,-936250],[-575750,-939750],[-573750,-943750],[-570750,-945250],[-574250,-935250],[-573250,-929750],[-575750,-927250],[-574250,-925250],[-571250,-925750],[-569250,-920250],[-567250,-920250],[-553250,-933250],[-546750,-934250],[-543750,-932750],[-535750,-939750],[-536750,-932250],[-533750,-925250],[-529250,-924250],[-522250,-929250],[-519750,-929250],[-521250,-917750],[-525250,-909750],[-527250,-900750],[-524250,-900750],[-523750,-904250],[-514750,-911750],[-514750,-908750],[-512250,-908750],[-511750,-905250],[-514250,-905250],[-516250,-903250],[-516750,-898250],[-515250,-896250],[-521750,-891250],[-521250,-888250],[-523250,-882750],[-534250,-870250],[-534250,-868250],[-533250,-867250],[-528750,-868250],[-526750,-870250],[-526250,-874250],[-525250,-871750],[-518750,-873250],[-521250,-869750],[-518750,-870750],[-515750,-869750],[-522750,-862750],[-529750,-851750],[-529250,-846250],[-534250,-840750],[-533750,-836750],[-531750,-834750],[-513750,-832250],[-510750,-834750],[-507750,-832750],[-488750,-834750],[-478250,-842750],[-475750,-842750],[-470750,-846250],[-463250,-847750],[-454750,-847250],[-446250,-851250],[-433250,-862250],[-428250,-872750],[-419250,-879750],[-402250,-884250],[-383250,-884750],[-382250,-882750],[-379750,-882250],[-374750,-883250],[-372750,-880250],[-371250,-883250],[-367750,-883250],[-366750,-881250],[-367750,-878750],[-372250,-877750],[-370750,-874250],[-366250,-870250],[-366750,-865250],[-374250,-858250],[-385750,-852750],[-388250,-849250],[-392250,-838250],[-395750,-835250],[-394250,-832750],[-397250,-827750],[-398250,-815750],[-401250,-812750],[-398250,-804250],[-395750,-802250],[-382750,-801750],[-372750,-793750],[-377250,-780750],[-373750,-771250],[-378750,-746750],[-377750,-731750],[-379250,-726250],[-376750,-727750],[-375750,-719750],[-369250,-716250],[-331750,-710250],[-324750,-701250],[-318750,-697750],[-316750,-691250],[-312250,-688250],[-302250,-689750],[-296750,-693250],[-293750,-697750],[-286750,-697750],[-281750,-694750],[-274250,-694750],[-274750,-691250],[-284250,-685250],[-289750,-678250],[-282250,-673250],[-272250,-662750],[-267250,-661250],[-256750,-661750],[-254750,-660250],[-253750,-654250],[-251250,-653250],[-242750,-659250],[-240250,-666250],[-231250,-665250],[-227250,-671250],[-225750,-669750],[-226250,-665750],[-219750,-670250],[-216750,-668250],[-214750,-669250],[-214250,-672250],[-218750,-675750],[-219250,-680750],[-212750,-687750],[-213250,-692250],[-211750,-693250],[-207250,-693250],[-204250,-690750],[-199250,-691750],[-195250,-689750],[-192250,-676750],[-182750,-681750],[-182250,-685750],[-186750,-687750],[-187750,-693250],[-186750,-699750],[-190250,-707250],[-190250,-714250],[-180250,-718250],[-177250,-713250],[-175250,-714750],[-173250,-712250],[-172750,-708250],[-170250,-708750],[-166250,-705250],[-165750,-708750],[-164250,-709250],[-164750,-711750],[-162750,-710750],[-159750,-715250],[-160750,-716750],[-158250,-716250],[-158250,-718750],[-156750,-718750],[-157750,-720250],[-156250,-720750],[-152750,-720250],[-154750,-718750],[-150750,-718250],[-151250,-714250],[-149750,-714750],[-149750,-717250],[-142750,-719250],[-141250,-716750],[-142750,-712750],[-140750,-708750],[-139250,-712750],[-128750,-717250],[-119250,-730750],[-119250,-745750],[-113750,-759750],[-105250,-768750],[-100750,-768750],[-96750,-762750],[-93250,-763250],[-89250,-766750],[-83750,-778750],[-79750,-783250],[-77750,-783250],[-79250,-768750],[-92250,-748250],[-101250,-737250],[-110750,-730750],[-118250,-722750],[-127250,-708750],[-132250,-703750],[-132250,-701750],[-135750,-701750],[-139750,-693750],[-138750,-693250],[-139750,-690250],[-140750,-692750],[-139750,-696750],[-143250,-696750],[-145250,-694750],[-144250,-691750],[-141750,-691250],[-141250,-683750],[-139750,-684250],[-137750,-681250],[-139750,-669250],[-145750,-665750],[-144250,-664750],[-142250,-665750],[-141250,-663750],[-139750,-665750],[-139250,-661750],[-146750,-656250],[-148750,-656250],[-147750,-658250],[-148750,-659250],[-151250,-656750],[-159250,-654250],[-163250,-654750],[-167750,-658250],[-174250,-653750],[-176750,-645750],[-176250,-642750],[-177250,-641750],[-177750,-643750],[-179250,-638750],[-182750,-635750],[-182750,-629250],[-180750,-628750],[-182750,-624750],[-182250,-621250],[-177250,-620250],[-167250,-624250],[-165250,-622250],[-166750,-614750],[-174250,-601750],[-170250,-601250],[-169250,-599750],[-170750,-596750],[-179750,-589250],[-179750,-586750],[-175250,-587750],[-173250,-582250],[-168250,-581750],[-152750,-592750],[-150750,-590250],[-156250,-584250],[-156750,-581250],[-162750,-577250],[-173250,-563750],[-176250,-562750],[-180750,-556750],[-193250,-547250]],[[-224250,-711750],[-233250,-715250],[-232250,-716250],[-233250,-718250],[-231750,-718750],[-232750,-720250],[-238250,-721750],[-235250,-729250],[-236750,-733750],[-235250,-734750],[-233250,-731750],[-234750,-738250],[-229250,-733750],[-232750,-738750],[-231250,-739250],[-227250,-736250],[-229750,-739250],[-229250,-741250],[-224250,-734750],[-223250,-735250],[-224750,-738750],[-223750,-737250],[-221250,-738750],[-221250,-736250],[-217250,-734250],[-220250,-737250],[-219250,-741250],[-215250,-732750],[-217750,-725250],[-216750,-721250],[-222250,-712750],[-224250,-711750]],[[-165250,-714750],[-164750,-717250],[-163250,-718250],[-163750,-713750],[-165250,-714750]],[[-177250,-717750],[-173250,-717750],[-172750,-716750],[-176750,-716250],[-177250,-717750]],[[-322750,-799250],[-326750,-802250],[-325250,-803250],[-324750,-807250],[-325250,-821250],[-322250,-833250],[-320250,-833250],[-320750,-813250],[-323750,-803250],[-322750,-799250]],[[-342750,-831750],[-340250,-831750],[-341750,-829250],[-342750,-829750],[-342750,-831750]],[[-259250,-896750],[-262750,-891750],[-261250,-890250],[-263750,-890250],[-275250,-878750],[-284750,-873250],[-290750,-871750],[-298750,-863750],[-301250,-862750],[-304750,-863750],[-306750,-868750],[-305250,-871250],[-306250,-879750],[-304250,-881750],[-304750,-883750],[-299250,-892250],[-293750,-895250],[-293250,-897750],[-285750,-905250],[-275750,-909250],[-264250,-908250],[-261750,-906750],[-262250,-905750],[-261250,-905750],[-261750,-904750],[-260250,-903750],[-259250,-896750]],[[-368750,-884750],[-369250,-886250],[-367750,-887250],[-374250,-886250],[-375750,-884250],[-379250,-885250],[-332750,-896750],[-325250,-895750],[-327750,-890750],[-332750,-888750],[-339750,-887750],[-338750,-891250],[-344250,-891250],[-354250,-888750],[-360250,-883750],[-368750,-884750]],[[-568250,-951250],[-564250,-954250],[-562750,-954250],[-566250,-950250],[-568250,-951250]],[[-477250,-981250],[-470750,-991250],[-469750,-995250],[-464250,-998250],[-466250,-998250],[-465750,-1002250],[-458250,-1007750],[-462750,-996250],[-472250,-988250],[-471750,-986250],[-469750,-986750],[-470250,-982750],[-474250,-980750],[-474250,-978750],[-476750,-976750],[-477750,-976750],[-477250,-981250]],[[-492750,-994250],[-495250,-996250],[-500750,-996750],[-498750,-1007250],[-497250,-1006750],[-497750,-998750],[-494250,-998250],[-492750,-994250]],[[-465750,-1011750],[-461750,-1011750],[-461750,-1008750],[-465750,-1009250],[-465750,-1011750]],[[-455250,-1012750],[-459750,-1014250],[-456750,-1016250],[-455250,-1012750]],[[-466250,-1014250],[-467250,-1016250],[-465250,-1019250],[-463750,-1015250],[-461250,-1016750],[-462250,-1013250],[-466250,-1014250]],[[-396250,-1036250],[-400250,-1040250],[-401250,-1044250],[-400250,-1055750],[-401750,-1058250],[-400750,-1065750],[-402250,-1065750],[-402250,-1068250],[-400750,-1072750],[-401750,-1077250],[-400750,-1087250],[-397250,-1092750],[-397250,-1095750],[-394250,-1098250],[-393750,-1106250],[-390250,-1112750],[-390250,-1116250],[-383250,-1134750],[-384250,-1140250],[-380750,-1146250],[-380750,-1152250],[-377750,-1161750],[-371250,-1165250],[-371750,-1168250],[-369250,-1170250],[-353750,-1177250],[-351750,-1170750],[-348750,-1170750],[-347750,-1168750],[-340250,-1164750],[-339250,-1162250],[-336250,-1161250],[-337250,-1158750],[-332750,-1158250],[-324750,-1149250],[-324750,-1146250],[-319750,-1138250],[-317250,-1122750],[-315250,-1123750],[-315250,-1121750],[-317250,-1120250],[-318250,-1111250],[-321750,-1104250],[-324750,-1102750],[-333250,-1081750],[-339750,-1074750],[-344750,-1061750],[-351750,-1052750],[-359250,-1046750],[-377250,-1038750],[-388250,-1035250],[-396250,-1036250]],[[-328250,-1062750],[-322750,-1063750],[-318250,-1066750],[-326750,-1058750],[-329250,-1058250],[-330250,-1061250],[-327750,-1065250],[-328250,-1062750]],[[303250,-1238250],[298750,-1242250],[295250,-1242250],[294250,-1244750],[291750,-1245250],[291750,-1249250],[283750,-1248750],[277250,-1251750],[276250,-1265250],[281250,-1276250],[285250,-1275750],[284750,-1269750],[287250,-1265750],[286250,-1261250],[293250,-1255250],[294750,-1256750],[295250,-1261750],[300250,-1264750],[302750,-1263750],[304750,-1259750],[304750,-1257750],[301250,-1257250],[302250,-1256250],[313250,-1260750],[312750,-1255250],[310750,-1253750],[308250,-1254250],[307750,-1241250],[303250,-1238250]],[[313750,-1263750],[308250,-1267250],[308250,-1268750],[315250,-1276250],[314750,-1272250],[316250,-1269250],[313750,-1263750]],[[315250,-1279250],[320750,-1279250],[320750,-1278750],[315750,-1276750],[315250,-1279250]],[[-37750,-1295250],[-39750,-1295250],[-39750,-1297250],[-37750,-1297250],[-37750,-1295250]]],[[[-31250,-608750],[-29750,-609250],[-31250,-609750],[-31250,-608750]]]]}},{"type":"Feature","properties":{"key":"Ronne","name":"Ronne","area_km2":339962.4,"lon":-63.5481,"lat":-78.5865},"geometry":{"type":"MultiPolygon","coordinates":[[[[-1470750,297250],[-1479250,300250],[-1479750,301750],[-1481250,300750],[-1480250,302750],[-1481750,303250],[-1482250,306750],[-1489250,310750],[-1489750,312250],[-1488250,313250],[-1490750,315250],[-1489750,317750],[-1495250,318750],[-1497750,315750],[-1502750,316250],[-1505750,314750],[-1511250,317750],[-1512250,322250],[-1510750,322750],[-1510750,325750],[-1500750,330250],[-1498750,332750],[-1492250,334250],[-1481750,334250],[-1470750,328750],[-1465250,328250],[-1458250,332750],[-1451250,334250],[-1445750,337250],[-1438750,337250],[-1431750,339750],[-1425250,345750],[-1426750,349250],[-1425250,353750],[-1421250,355750],[-1415250,354750],[-1410750,356250],[-1410250,358750],[-1414250,361750],[-1414250,364250],[-1415750,362750],[-1419750,363250],[-1419750,365250],[-1415750,368750],[-1415750,371250],[-1418750,372750],[-1414750,376750],[-1415250,380250],[-1411750,382750],[-1411750,384250],[-1408750,384250],[-1402750,390750],[-1402250,393250],[-1400250,393750],[-1398750,399750],[-1393250,402250],[-1393250,403750],[-1395250,402750],[-1396750,403750],[-1400750,401250],[-1391250,418750],[-1391250,422250],[-1395750,419750],[-1393750,424750],[-1391250,425750],[-1389750,428750],[-1390750,431750],[-1389250,433250],[-1391250,433250],[-1391250,434750],[-1390250,436250],[-1389250,434250],[-1385750,435750],[-1386250,441750],[-1383250,439750],[-1383250,442250],[-1385250,442250],[-1383250,449750],[-1378250,448250],[-1375250,454750],[-1372750,454250],[-1367750,470750],[-1367250,479250],[-1369250,485250],[-1368750,491250],[-1370750,496250],[-1372750,496750],[-1371250,494250],[-1372750,495750],[-1377750,496250],[-1377750,500250],[-1380250,500250],[-1380750,502250],[-1386750,501750],[-1388250,499250],[-1390250,499250],[-1394250,503250],[-1396250,512250],[-1398750,512750],[-1398250,514750],[-1399750,515750],[-1399250,531750],[-1396250,534750],[-1392750,546250],[-1394250,555750],[-1396250,552750],[-1398750,553750],[-1398750,560250],[-1400750,560250],[-1402250,564750],[-1401250,576750],[-1399250,580250],[-1398750,585250],[-1399750,605250],[-1398250,607250],[-1398250,615250],[-1402250,636250],[-1411250,644750],[-1411250,647750],[-1409750,647750],[-1409750,650750],[-1407750,650750],[-1406250,656250],[-1408250,679250],[-1411250,692250],[-1420250,715250],[-1425250,723750],[-1426750,723750],[-1431250,719250],[-1433250,712750],[-1438250,706250],[-1437750,698750],[-1440750,695750],[-1441250,690250],[-1443250,689250],[-1444250,691250],[-1446250,691250],[-1448750,693750],[-1453750,703250],[-1450250,715250],[-1450250,723750],[-1447250,724750],[-1445750,734750],[-1449250,736250],[-1451750,736250],[-1452750,734750],[-1456250,736250],[-1463250,735250],[-1464750,733250],[-1465750,721250],[-1469750,715750],[-1472250,715750],[-1473750,717750],[-1472750,731250],[-1473250,732750],[-1477750,734250],[-1477750,736750],[-1470750,740750],[-1469750,746250],[-1471750,748250],[-1480250,751250],[-1492250,750250],[-1492250,752250],[-1494750,754250],[-1494250,757750],[-1487250,760750],[-1485750,762750],[-1479250,761750],[-1475750,763250],[-1461250,757250],[-1455250,756250],[-1453250,757250],[-1453250,769250],[-1461250,782750],[-1459250,782250],[-1459250,783750],[-1456250,784750],[-1458250,780750],[-1453250,779250],[-1450250,774250],[-1440750,772750],[-1440750,773750],[-1445750,774750],[-1444750,776750],[-1445750,776750],[-1445250,779250],[-1446750,781250],[-1444750,783750],[-1446750,783750],[-1449750,787750],[-1451750,787750],[-1449250,792750],[-1446250,792750],[-1444250,794750],[-1441250,794750],[-1439250,796750],[-1436250,796750],[-1428250,800750],[-1414250,800750],[-1414250,801750],[-1407250,801750],[-1407250,802750],[-1401250,803750],[-1388250,810750],[-1385250,810750],[-1381250,813750],[-1378250,813750],[-1372250,816750],[-1366250,821750],[-1363250,821750],[-1359250,824750],[-1351250,826750],[-1335250,835750],[-1324250,837750],[-1319250,840750],[-1302250,842750],[-1301250,844750],[-1292250,846750],[-1287250,850750],[-1280250,851750],[-1278250,853750],[-1274250,853750],[-1263250,860750],[-1245250,862750],[-1245250,863750],[-1233250,864750],[-1233250,865750],[-1226250,865750],[-1225250,867750],[-1219250,870750],[-1214250,870750],[-1214250,871750],[-1212250,869750],[-1167250,870750],[-1167250,869750],[-1162250,869750],[-1162250,868750],[-1148250,867750],[-1148250,868750],[-1143250,868750],[-1142250,870750],[-1137250,870750],[-1134250,876750],[-1129250,879750],[-1130250,883750],[-1121250,883750],[-1121250,882750],[-1113250,881750],[-1111250,879750],[-1106250,879750],[-1106250,880750],[-1103250,880750],[-1103250,881750],[-1100250,881750],[-1100250,882750],[-1097250,882750],[-1091250,885750],[-1085250,885750],[-1085250,886750],[-1082250,885750],[-1087250,890250],[-1079750,890750],[-1073250,890250],[-1073250,887750],[-1074250,887750],[-1073250,885750],[-1054250,882750],[-1051250,880750],[-1051250,878750],[-1045250,878750],[-1042250,876750],[-1039250,877750],[-1039250,875750],[-1037250,874750],[-1031250,874750],[-1031250,873750],[-1023250,874750],[-1023250,875750],[-1020250,875750],[-1016250,878750],[-1009250,879750],[-1009250,880750],[-1005250,880250],[-1004250,876250],[-1003750,880250],[-1001750,879250],[-1001250,881250],[-999250,881250],[-1001250,882750],[-1000250,883250],[-1001250,884750],[-998250,885750],[-998750,887250],[-993250,887750],[-997250,888250],[-998250,889750],[-995250,889750],[-991250,891750],[-990250,893750],[-986250,893750],[-985250,895750],[-982750,895750],[-982250,891750],[-982750,863250],[-984250,852750],[-982750,850750],[-980250,850250],[-978750,844250],[-976250,842750],[-963750,811750],[-960750,805750],[-958250,804750],[-957750,802250],[-953750,797750],[-953250,794250],[-950250,792250],[-949250,789250],[-946250,787750],[-946250,786250],[-944250,787750],[-936750,778750],[-934750,779750],[-933250,778250],[-928250,770250],[-929250,767750],[-928250,764250],[-926250,765250],[-926250,766750],[-923750,763250],[-921250,765250],[-911750,753750],[-910750,755250],[-912750,758250],[-903250,751750],[-900750,747250],[-897750,745750],[-897250,744250],[-898750,743250],[-897250,741250],[-889250,740750],[-889750,737750],[-888250,739250],[-883250,737250],[-880750,733250],[-877750,732750],[-874250,729250],[-871750,719750],[-871250,709750],[-862750,697750],[-861750,691250],[-858750,686750],[-855750,677250],[-855750,675250],[-857250,677750],[-857750,675750],[-856750,673250],[-854750,674250],[-852750,670750],[-848250,658750],[-848750,655250],[-850750,654750],[-852250,658750],[-855750,659750],[-854250,656250],[-853250,658250],[-850750,653250],[-850750,651750],[-852750,651750],[-851250,640250],[-855750,637250],[-859250,640250],[-856250,638750],[-855250,641250],[-860250,641250],[-860750,639750],[-855750,635750],[-852750,628750],[-851750,629750],[-851750,628250],[-851250,629250],[-849750,628250],[-846750,621750],[-839250,612750],[-838750,609750],[-835750,607750],[-830750,600250],[-836250,603750],[-836750,601750],[-832750,596250],[-827750,593750],[-819750,586250],[-808250,582250],[-806100,582750],[-797919,578225],[-770762,555256],[-749176,525634],[-738697,508336],[-705011,437245],[-700486,430554],[-689926,416280],[-669722,397348],[-647678,379481],[-636929,367756],[-618867,341173],[-614255,336750],[-623250,339750],[-626250,342750],[-630250,342750],[-633250,341250],[-634250,338750],[-637250,338250],[-640750,343250],[-643250,342750],[-645250,346250],[-649250,349250],[-647250,355250],[-653250,356250],[-653250,360750],[-656750,363750],[-659750,362750],[-659750,360750],[-661250,360250],[-662250,363750],[-660750,364750],[-664750,368750],[-670250,368250],[-669750,366750],[-667250,366250],[-666750,362250],[-664250,360250],[-664750,353750],[-669750,357750],[-671250,357250],[-672750,348250],[-675750,349750],[-678750,355250],[-680750,353750],[-681750,348750],[-687750,349250],[-688750,351250],[-692250,352750],[-691750,354750],[-694250,358750],[-697750,360750],[-699750,360750],[-701250,358250],[-700750,356250],[-702750,354250],[-706250,355250],[-711750,359750],[-718250,357750],[-721750,360250],[-726750,359750],[-726250,361750],[-727750,361750],[-729250,365750],[-730750,366250],[-730750,371250],[-727750,374250],[-724250,374750],[-723750,383250],[-725250,387750],[-728250,390750],[-731750,407250],[-737750,416250],[-742750,414250],[-741750,397750],[-742750,395250],[-741250,391750],[-743250,391750],[-742750,388750],[-744250,388750],[-743750,391250],[-745750,390250],[-744750,388750],[-746250,388750],[-747250,384750],[-746250,383250],[-748250,382250],[-748250,378250],[-743750,375750],[-742250,383750],[-737750,390250],[-734250,386250],[-734750,380750],[-733250,378250],[-730750,379750],[-730750,376750],[-735750,373250],[-740250,375750],[-740250,378750],[-742250,376750],[-743750,371250],[-746750,369250],[-744750,363750],[-747750,363250],[-745250,356750],[-747750,355250],[-747750,353250],[-750250,353750],[-748250,351250],[-749750,350750],[-750250,348250],[-762750,351250],[-764750,345750],[-760750,344750],[-760750,342250],[-762750,341750],[-761750,339750],[-763750,339250],[-763750,341750],[-767250,340250],[-768250,342250],[-769750,342250],[-769750,340250],[-772250,341250],[-772750,339750],[-774250,339750],[-793750,358250],[-798250,354750],[-798250,353250],[-802250,351250],[-803250,353750],[-806750,354750],[-808750,359250],[-807250,363250],[-808750,370750],[-810750,368750],[-812250,372250],[-814750,371750],[-815750,373250],[-814750,374750],[-818750,376750],[-819750,382250],[-815250,392750],[-815750,395750],[-812250,395750],[-810250,401750],[-804750,404750],[-798750,416750],[-800250,422750],[-802250,423750],[-802750,421250],[-806250,420250],[-805250,423750],[-810250,425250],[-819750,418750],[-823750,400250],[-825750,399750],[-829750,391750],[-836250,387250],[-834250,392750],[-837750,396250],[-841250,391750],[-854250,383250],[-857250,378750],[-866250,376250],[-868750,373750],[-874750,373250],[-878250,369250],[-886250,366250],[-887250,364250],[-895750,362250],[-899250,356750],[-893750,359750],[-892750,359250],[-897250,355750],[-902250,354250],[-905250,350750],[-906750,351750],[-904750,354250],[-908250,353250],[-911250,348750],[-914250,347750],[-912250,346750],[-913250,344750],[-915750,343750],[-916250,345250],[-920250,345250],[-924250,343250],[-927750,328250],[-930750,329250],[-931750,332750],[-934750,331750],[-937750,333250],[-942750,333250],[-955750,338250],[-959750,337250],[-963250,333250],[-964750,328750],[-958750,324750],[-957750,320750],[-955750,319250],[-957250,302250],[-954250,299250],[-945750,295250],[-938750,294750],[-936750,293250],[-937250,289750],[-941750,284250],[-951250,279250],[-958250,272750],[-961750,271750],[-959250,266250],[-960250,263750],[-956250,259250],[-956250,254750],[-960750,246750],[-965250,244250],[-969250,244750],[-971250,250750],[-971250,255750],[-969750,258750],[-971250,258750],[-976250,252750],[-981250,249750],[-986750,248250],[-997750,249750],[-1004750,244750],[-1011750,244250],[-1018750,241250],[-1028750,246250],[-1028750,247750],[-1021750,251250],[-1001250,253250],[-999250,256750],[-1000750,258250],[-1008250,257750],[-1024750,253250],[-1035750,252750],[-1038750,250750],[-1046250,254250],[-1047250,246750],[-1044750,239250],[-1044750,229250],[-1048250,216750],[-1057750,204250],[-1064750,202250],[-1071250,195750],[-1074250,195250],[-1073750,201750],[-1067250,211250],[-1061750,223750],[-1061750,240250],[-1066250,253750],[-1079750,264250],[-1103750,274750],[-1118750,274750],[-1132750,270750],[-1133750,269750],[-1132750,268250],[-1137250,264750],[-1141750,257250],[-1152250,218250],[-1155250,200250],[-1152750,193250],[-1139250,189750],[-1126250,190750],[-1119750,186750],[-1118750,182750],[-1127250,180750],[-1135250,175750],[-1156250,176750],[-1162750,180750],[-1166250,175750],[-1180250,169750],[-1179250,168250],[-1180750,168750],[-1181750,166250],[-1183750,166750],[-1185750,162250],[-1195750,152750],[-1199750,152750],[-1200250,149750],[-1202250,149250],[-1202750,147250],[-1218250,142750],[-1224250,138250],[-1225750,138250],[-1226250,139750],[-1229750,139750],[-1241250,135750],[-1244750,137250],[-1244250,135250],[-1247750,134750],[-1261750,135750],[-1264250,140750],[-1261750,142750],[-1260250,146750],[-1245250,150750],[-1245750,153750],[-1259250,153250],[-1263250,156250],[-1265750,156250],[-1267250,159250],[-1252750,164750],[-1234250,174250],[-1210750,191250],[-1203250,200750],[-1199250,202750],[-1195750,209250],[-1192750,222750],[-1192750,238750],[-1195750,251250],[-1196750,251250],[-1196750,256750],[-1198250,256750],[-1204250,269250],[-1211250,274750],[-1214750,274750],[-1216250,272750],[-1218250,272750],[-1229250,275750],[-1242250,270750],[-1250750,262750],[-1250750,260750],[-1253250,259750],[-1260250,250750],[-1260750,248250],[-1265250,244750],[-1270750,234750],[-1287250,213250],[-1308750,193250],[-1311750,192250],[-1313750,195250],[-1313750,198250],[-1310250,203250],[-1305750,206250],[-1306250,209750],[-1312750,207750],[-1313750,211250],[-1317750,215250],[-1322750,216250],[-1326750,214750],[-1324750,217250],[-1322250,216750],[-1322250,219250],[-1319250,221250],[-1319750,222750],[-1312750,227250],[-1305750,244250],[-1305750,247750],[-1307750,247250],[-1307250,249750],[-1304750,252750],[-1302250,252250],[-1301250,254250],[-1297250,255250],[-1290750,263250],[-1288250,268250],[-1289250,271250],[-1286250,282250],[-1281250,286750],[-1276250,301250],[-1260750,319250],[-1258750,323250],[-1254250,325750],[-1251750,329250],[-1248750,330750],[-1241750,330750],[-1241750,332250],[-1248250,335750],[-1244750,347250],[-1244250,354250],[-1246250,352750],[-1247250,357750],[-1254250,369750],[-1259750,373750],[-1276250,392750],[-1280750,396750],[-1281750,396250],[-1283250,398750],[-1293750,399750],[-1310750,378250],[-1318250,365750],[-1323750,353250],[-1323750,349750],[-1321250,345750],[-1321750,340750],[-1323250,340250],[-1325750,335250],[-1325750,333250],[-1323250,331250],[-1322750,324250],[-1332750,324250],[-1334250,326250],[-1338250,325250],[-1343250,328750],[-1347750,327250],[-1362250,326750],[-1370250,322250],[-1371750,319250],[-1381250,316750],[-1385250,313750],[-1388250,313750],[-1387750,317750],[-1391250,318750],[-1405750,315250],[-1414250,312250],[-1414250,310750],[-1416250,310750],[-1416250,312250],[-1418750,313750],[-1433750,312750],[-1442750,314250],[-1445750,311750],[-1445250,310250],[-1453750,312250],[-1457250,305250],[-1463250,306250],[-1470750,297250]],[[-1326250,333250],[-1330750,334250],[-1332750,332750],[-1326250,332250],[-1326250,333250]],[[-1187250,305750],[-1180750,301250],[-1176750,300750],[-1174750,302250],[-1176750,305250],[-1182250,305250],[-1188250,308250],[-1187250,305750]],[[-1144750,421750],[-1143250,417250],[-1143750,411250],[-1142750,411250],[-1136250,393750],[-1125250,380750],[-1122250,375250],[-1113250,368750],[-1101250,362750],[-1097250,362750],[-1095250,360250],[-1090750,358250],[-1079250,356250],[-1068250,359250],[-1059250,369250],[-1058250,374250],[-1059250,379250],[-1061750,380750],[-1067250,392750],[-1068750,394250],[-1073750,394250],[-1080750,396750],[-1079750,400750],[-1084250,401250],[-1084250,403250],[-1085750,402750],[-1088250,406250],[-1091250,406750],[-1091250,409750],[-1095250,411750],[-1102750,422250],[-1114750,433250],[-1122250,445750],[-1121250,447250],[-1124750,449750],[-1129250,456750],[-1128250,457750],[-1137250,470750],[-1144750,477250],[-1145250,480250],[-1150750,483750],[-1151250,485750],[-1155750,486250],[-1156250,492250],[-1157750,492250],[-1161250,497250],[-1164750,497250],[-1166250,498750],[-1164750,500250],[-1165250,502250],[-1167250,502750],[-1170250,498750],[-1169750,497250],[-1171250,496750],[-1170750,495250],[-1172750,494750],[-1173250,489250],[-1170250,484250],[-1170250,481750],[-1166250,481250],[-1163750,477250],[-1164750,469250],[-1159250,457250],[-1154750,434250],[-1152250,429750],[-1149750,428250],[-1149750,426250],[-1144750,421750]],[[-907750,745250],[-903250,739250],[-901750,743250],[-899750,741750],[-899750,743750],[-901750,744250],[-903250,747250],[-905750,747750],[-905750,745750],[-907750,745250]],[[-855250,667750],[-851250,660750],[-850750,662750],[-854750,671250],[-855250,667750]],[[-860575,648750],[-860750,646250],[-863250,645250],[-862750,643750],[-860250,644750],[-860575,648750]],[[-787250,364250],[-785250,366750],[-785250,368750],[-787250,367250],[-787250,364250]],[[-799750,368731],[-795250,374250],[-793250,382750],[-793750,385750],[-796250,380750],[-797750,380750],[-795250,386250],[-796750,391750],[-800250,387750],[-801250,383750],[-802750,383250],[-802750,380250],[-804250,379750],[-802750,375750],[-803250,374250],[-805750,373750],[-806250,366250],[-803750,371250],[-802750,369750],[-804250,366250],[-802250,368750],[-799750,368731]],[[-792750,388250],[-793750,392250],[-795250,389250],[-794750,387250],[-792750,388250]],[[-803304,397250],[-805750,397750],[-805750,395250],[-804250,395250],[-803304,397250]],[[-805142,389750],[-804250,388250],[-801250,394250],[-801750,396250],[-805142,389750]],[[-1071750,420750],[-1066750,422250],[-1062250,427250],[-1061750,430750],[-1057250,435250],[-1057250,437750],[-1059250,438750],[-1058750,441250],[-1060250,441250],[-1061250,439250],[-1068250,438750],[-1067250,431250],[-1073750,427250],[-1073250,422250],[-1071750,420750]],[[-1083250,434750],[-1082250,431250],[-1080750,443250],[-1078750,443250],[-1076750,446250],[-1075250,446250],[-1074750,444750],[-1072250,445750],[-1075250,451250],[-1074750,452750],[-1076750,453250],[-1076750,451750],[-1078250,451750],[-1078250,454250],[-1086750,450750],[-1088250,447750],[-1086750,437250],[-1083250,434750]],[[-1051750,428250],[-1042250,428750],[-1034250,433250],[-1022750,436750],[-1019250,436250],[-1012750,429250],[-1008750,430250],[-1008250,432250],[-1001750,437750],[-995750,436250],[-994250,433750],[-990250,433750],[-988250,434750],[-988250,436250],[-989750,437250],[-989250,439750],[-990250,439750],[-994750,452750],[-995250,450750],[-998750,450750],[-996250,446750],[-996750,441750],[-1002250,442250],[-1003750,446250],[-1005750,445250],[-1010250,446250],[-1011250,451750],[-1010250,457250],[-1012250,458750],[-1013750,457750],[-1015250,459250],[-1016750,458750],[-1018250,451750],[-1019750,452250],[-1021250,450250],[-1032250,444750],[-1033750,446750],[-1030750,451250],[-1029250,458250],[-1029250,460250],[-1031750,462750],[-1035250,452750],[-1034250,449750],[-1035750,450250],[-1044750,442250],[-1045750,439750],[-1043750,438750],[-1044250,436250],[-1049250,434750],[-1052750,429750],[-1051750,428250]],[[-1002750,860250],[-1001750,863750],[-1003250,863250],[-1004750,870750],[-1006250,870750],[-1006250,863250],[-1004750,862750],[-1005750,860750],[-1002750,860250]],[[-965750,524566],[-963250,524750],[-963750,526250],[-956250,524750],[-957250,523250],[-954750,519250],[-955750,517250],[-952750,519250],[-947750,515750],[-934750,511250],[-928250,511250],[-923750,500250],[-922250,486250],[-925250,473250],[-926250,473750],[-926750,471750],[-926250,469250],[-929750,461250],[-935750,455750],[-943750,442750],[-943250,445750],[-944750,445250],[-946750,441750],[-946250,438250],[-951750,429250],[-958250,424250],[-973250,425250],[-973750,422250],[-972250,419250],[-966750,414750],[-958750,413250],[-947750,415250],[-913750,430250],[-907750,437750],[-915250,445750],[-915250,454250],[-913750,456750],[-910750,458750],[-906250,458750],[-905750,460250],[-900250,457250],[-895250,456750],[-883250,459250],[-860250,476750],[-857750,480750],[-859250,488750],[-863750,495250],[-864750,494750],[-867250,497750],[-867750,501250],[-869250,500250],[-876250,506750],[-880750,508250],[-883250,512250],[-888250,515750],[-894250,517250],[-914250,532750],[-924750,538250],[-934250,539750],[-937250,541250],[-936250,542750],[-937750,542250],[-941750,544750],[-946750,549750],[-955750,552250],[-957250,555250],[-956750,557750],[-959250,556750],[-961750,559750],[-962250,558250],[-963750,558250],[-961750,556750],[-963250,554250],[-965750,554250],[-966750,552250],[-972750,549250],[-971250,536750],[-967250,532250],[-968250,530750],[-964750,528750],[-964250,525250],[-965750,524566]],[[-935750,457750],[-939750,456750],[-938250,455750],[-938250,453750],[-935250,456750],[-935750,457750]],[[-856750,646250],[-853250,643750],[-853750,640750],[-852750,640750],[-852250,644250],[-855250,648750],[-856750,646250]],[[-808750,371750],[-806750,371750],[-806750,375250],[-808750,373250],[-808750,371750]]]]}},{"type":"Feature","properties":{"key":"Filchner","name":"Filchner","area_km2":103787.2,"lon":-41.8288,"lat":-80.3871},"geometry":{"type":"MultiPolygon","coordinates":[[[[-800734,588750],[-792750,595750],[-782250,608750],[-767750,636250],[-765250,644250],[-765250,649250],[-772250,654750],[-774250,658750],[-774250,663750],[-772250,668250],[-767250,674250],[-763750,677750],[-757750,680250],[-752750,686750],[-747250,697250],[-740750,716250],[-738250,727250],[-735250,763750],[-736750,777250],[-741250,782250],[-753750,784250],[-755750,791250],[-750750,793750],[-748750,793750],[-747250,792250],[-746750,796750],[-754750,809250],[-777250,835250],[-782250,840250],[-792750,847750],[-798750,850250],[-801750,849750],[-801750,850750],[-804750,850750],[-805750,853750],[-807250,854250],[-807750,859750],[-814750,863250],[-816750,861750],[-817750,864250],[-825250,872750],[-831250,877750],[-834250,878750],[-835250,878750],[-834750,877750],[-837250,878250],[-840750,881750],[-846250,884250],[-845750,880250],[-851250,874750],[-850750,873750],[-852750,873750],[-855750,871750],[-867750,859750],[-871750,860250],[-873750,863750],[-877250,865250],[-876750,871750],[-871750,877750],[-870250,881750],[-867750,883250],[-865250,888250],[-863250,889750],[-861750,893250],[-861750,898250],[-864750,898750],[-873750,913750],[-882250,921750],[-885750,923750],[-893750,924750],[-893750,925750],[-891750,925750],[-889750,928750],[-887250,936750],[-884250,936750],[-882250,938750],[-882250,941750],[-881250,941750],[-881250,944750],[-880250,944750],[-880250,947750],[-879250,947750],[-879250,953750],[-878250,954750],[-875250,954750],[-871250,958750],[-871250,960750],[-869250,962750],[-870250,972750],[-865250,977750],[-863250,977750],[-863250,979750],[-859250,979750],[-860250,982750],[-858250,983750],[-858250,987750],[-856250,989750],[-854250,989750],[-854250,990750],[-848250,990750],[-848250,989750],[-842250,990750],[-842250,989750],[-839250,989750],[-839250,990750],[-830250,991750],[-830250,992750],[-828250,992750],[-828250,993750],[-826250,993750],[-826250,994750],[-824250,994750],[-824250,995750],[-822250,995750],[-820250,997750],[-815250,998750],[-815250,999750],[-820250,999750],[-820250,1000750],[-819250,1001750],[-818250,1000750],[-812250,1001750],[-813250,1003750],[-810250,1004750],[-807250,1008750],[-802250,1008750],[-802250,1009750],[-800250,1009750],[-800250,1010750],[-798250,1010750],[-796250,1012750],[-794250,1012750],[-794250,1010750],[-792250,1010750],[-790250,1013750],[-788250,1013750],[-788250,1014750],[-780250,1017750],[-779250,1019750],[-777250,1019750],[-777250,1020750],[-775250,1020750],[-773250,1022750],[-769250,1022750],[-765250,1026750],[-765250,1028750],[-763250,1028750],[-762250,1031750],[-760250,1031750],[-758250,1034750],[-754250,1035750],[-755250,1041750],[-754250,1044750],[-757750,1047250],[-757750,1050750],[-756750,1051750],[-757750,1054250],[-754750,1054250],[-752250,1049750],[-750750,1051250],[-749250,1050250],[-749750,1046750],[-753750,1045250],[-754250,1041750],[-753250,1035250],[-750250,1030750],[-750750,1028250],[-749250,1025750],[-748750,1019750],[-745250,1014250],[-746250,1012250],[-743250,1010250],[-740250,1004750],[-740750,1003750],[-737750,1000750],[-736250,997750],[-736250,996750],[-736750,997250],[-737750,996750],[-729250,989250],[-726750,985250],[-720250,980750],[-699250,982750],[-697250,984250],[-693750,984750],[-675250,985250],[-667750,983750],[-665750,981750],[-665750,979250],[-663250,977750],[-661250,977750],[-660750,979750],[-654750,979250],[-653250,977750],[-649750,978250],[-644250,982250],[-633250,986250],[-628750,993250],[-625250,994750],[-622750,997750],[-621750,997250],[-616750,1004750],[-615250,1009250],[-611250,1013250],[-609250,1018250],[-605250,1022750],[-600250,1024750],[-595250,1024250],[-591750,1026250],[-589750,1022750],[-587250,1021750],[-583750,1022250],[-583750,1020750],[-586750,1020750],[-587250,1018250],[-589250,1018750],[-589250,1017750],[-593750,1014750],[-594250,1013250],[-589750,1014750],[-592250,1011250],[-595750,1012250],[-596250,1009750],[-594250,1003250],[-592750,1002250],[-585750,1010250],[-582250,1011250],[-582250,1012250],[-580250,1011750],[-579250,1012750],[-578750,1011750],[-578250,1014250],[-576750,1011750],[-577750,1010250],[-577750,995250],[-581750,989250],[-580750,987250],[-582750,987250],[-583250,986250],[-583250,985250],[-581250,985250],[-582750,983250],[-582750,980750],[-581750,981750],[-580750,981250],[-580750,979250],[-582750,978250],[-581750,975250],[-585250,972250],[-586750,968250],[-590250,966250],[-590750,960750],[-596750,955750],[-596750,953750],[-593250,952750],[-588750,953250],[-588750,943250],[-586750,940250],[-584250,939250],[-575750,939750],[-568750,942250],[-555250,941250],[-547750,942750],[-544750,945750],[-542250,945750],[-540250,943750],[-539750,940750],[-543250,937250],[-543250,935250],[-540750,932250],[-539750,927750],[-536750,925250],[-530750,925250],[-528750,924250],[-528250,922250],[-526250,921750],[-528250,918250],[-531750,916750],[-531250,913250],[-543250,910250],[-545750,908250],[-545750,905750],[-547250,904750],[-546750,900750],[-544250,899750],[-545250,897750],[-544750,895750],[-540250,895250],[-537250,896250],[-537250,894750],[-533250,894250],[-532250,891750],[-534750,889750],[-539750,888750],[-542250,886250],[-551250,884750],[-552250,883250],[-552250,877750],[-555250,876750],[-558250,866250],[-560250,865750],[-562250,863250],[-570250,863250],[-568750,860250],[-562750,861250],[-562750,859250],[-563750,858750],[-562750,853250],[-565250,852250],[-565250,849250],[-568750,847750],[-569250,843750],[-574250,838250],[-587250,836750],[-590750,833750],[-590750,828750],[-581750,826250],[-585250,818250],[-584250,804750],[-584750,794250],[-590750,786250],[-592750,785250],[-601250,784750],[-604250,785750],[-606250,784750],[-608750,776750],[-605750,776250],[-605750,775250],[-608250,776250],[-608250,774750],[-614250,774750],[-615250,772750],[-618250,774250],[-620750,773250],[-620250,771250],[-622250,768750],[-621750,765750],[-619250,763250],[-618750,760750],[-620250,759750],[-620250,756250],[-622250,755250],[-622250,752250],[-622750,753250],[-623250,751750],[-624250,752250],[-624250,747750],[-622750,745750],[-622750,739250],[-620250,738250],[-620250,736750],[-622250,735750],[-621750,733250],[-623250,731750],[-623750,726750],[-626250,726750],[-627250,723750],[-629750,723250],[-628250,720750],[-626750,711250],[-622250,696250],[-620250,694750],[-617750,688750],[-614750,686250],[-614750,684250],[-609750,679750],[-610250,676750],[-608750,676750],[-608750,672750],[-607750,672750],[-609750,670750],[-606750,668250],[-602750,642750],[-600750,638750],[-593750,633750],[-594250,631250],[-589750,629250],[-585750,625250],[-585750,621750],[-584250,618750],[-581250,617250],[-580750,611750],[-578750,607750],[-579250,605250],[-576750,601750],[-575250,593750],[-578750,592750],[-579250,589250],[-581250,589250],[-582750,586750],[-581250,568750],[-582750,568250],[-585250,571750],[-586750,571750],[-586750,567250],[-583750,563750],[-584250,561250],[-588750,561750],[-589250,560750],[-591250,560750],[-593250,564250],[-593750,563250],[-592750,562250],[-594250,562250],[-595250,564250],[-600250,565750],[-604250,577250],[-611750,588250],[-614750,591250],[-617750,592250],[-619250,591250],[-622250,591750],[-623250,593750],[-622750,596250],[-625250,598250],[-628750,598750],[-631250,602250],[-634250,601250],[-633750,594250],[-636250,592250],[-636250,590750],[-634750,590250],[-635250,588750],[-633750,587750],[-633750,585250],[-636750,585750],[-637250,584250],[-640250,584750],[-639750,586750],[-640750,587250],[-640750,590750],[-641750,591750],[-643750,590250],[-646250,590750],[-650250,587250],[-658750,585250],[-664250,578750],[-663250,572250],[-664750,568250],[-667750,566750],[-672750,555250],[-676750,553250],[-676750,547750],[-677750,546750],[-677250,540750],[-679750,537750],[-678750,536250],[-679250,534250],[-681750,532250],[-681250,527750],[-679750,525750],[-680750,525250],[-679750,519750],[-677750,516250],[-678250,512750],[-681250,512250],[-681250,501750],[-683750,499750],[-687750,500250],[-687750,499250],[-685750,499750],[-684750,498250],[-683250,498250],[-684250,496750],[-682250,494750],[-680750,495750],[-678750,494250],[-679250,491750],[-680250,491750],[-680750,494250],[-682250,493750],[-681750,488250],[-679250,485750],[-682250,482750],[-681750,479750],[-679750,479250],[-680750,477250],[-680250,474750],[-678250,472250],[-669250,466250],[-669750,463250],[-676250,463250],[-676750,461750],[-674250,459250],[-677750,458750],[-670250,451250],[-667750,444750],[-666250,444250],[-665750,441750],[-663750,439750],[-661250,434250],[-659250,424250],[-653750,416250],[-652750,412750],[-651250,410750],[-650250,411250],[-647750,407250],[-639250,398750],[-633250,388250],[-629750,385250],[-629250,383250],[-621750,374750],[-620750,373750],[-618250,374750],[-614750,373250],[-614750,372250],[-617750,372750],[-617750,369750],[-613250,364250],[-607250,353750],[-607250,345250],[-604250,341750],[-605250,337250],[-613750,336250],[-618867,341173],[-636929,367756],[-647678,379481],[-669722,397348],[-689926,416280],[-705011,437245],[-726356,484142],[-738697,508336],[-749176,525634],[-770762,555256],[-788524,571396],[-806100,582750],[-803250,584750],[-800734,588750]],[[-587750,978250],[-585750,976750],[-584250,980250],[-586750,980250],[-587750,978250]],[[-748750,1016250],[-748750,1018250],[-750250,1020750],[-751250,1019750],[-750750,1017250],[-749750,1015750],[-748750,1016250]],[[-608645,978750],[-607250,977250],[-604750,977750],[-605250,981250],[-607250,981750],[-608645,978750]],[[-596250,966750],[-594250,967250],[-594250,970250],[-595750,970250],[-596250,966750]],[[-692250,942250],[-675250,946250],[-672750,948250],[-668750,948750],[-661750,951750],[-657250,956750],[-650750,960250],[-649750,962250],[-650750,965750],[-652250,967750],[-654250,968250],[-655750,967750],[-655750,966250],[-662250,967250],[-672250,963250],[-675750,959250],[-680250,958250],[-684750,958750],[-686750,954750],[-690250,951750],[-690750,949250],[-694250,947250],[-692250,942250]],[[-608250,957250],[-603750,949750],[-601250,949750],[-600750,962250],[-602250,963250],[-607250,962250],[-608750,960750],[-608250,957250]],[[-635750,594250],[-636750,595250],[-637750,592750],[-636750,592750],[-635750,594250]]]]}},{"type":"Feature","properties":{"key":"Amery","name":"Amery","area_km2":60372.8,"lon":70.4818,"lat":-70.4004},"geometry":{"type":"MultiPolygon","coordinates":[[[[1998750,791750],[1992250,796750],[1988250,797250],[1986250,798750],[1987750,801250],[1985750,802250],[1987250,803250],[1987250,804750],[1989250,807750],[1989250,815250],[1992750,818250],[1993750,818250],[1994250,816750],[1996750,816250],[1997250,819250],[2002250,818750],[2002250,819750],[2003250,819750],[2003250,823250],[2005750,823250],[2005750,824250],[2010250,825750],[2010250,828250],[2008750,828250],[2008750,829250],[2009750,829250],[2009250,831750],[2010250,833250],[2012250,833250],[2013250,834250],[2017250,834250],[2019250,837750],[2021250,837250],[2024250,839750],[2025750,838750],[2028250,839250],[2029250,838250],[2029750,830250],[2031250,828250],[2034250,826750],[2037750,828250],[2038250,830750],[2039750,830250],[2040250,831250],[2041750,830250],[2042250,832250],[2044750,833250],[2046250,831750],[2047250,828750],[2046250,826250],[2049750,827250],[2051750,824750],[2057250,824250],[2057750,822250],[2056750,819750],[2054250,818750],[2050250,814750],[2049750,812750],[2047750,810750],[2045750,804750],[2044750,803750],[2041750,803250],[2041250,800750],[2042750,796750],[2046250,795250],[2047750,791250],[2051250,789750],[2054750,789750],[2057250,788750],[2060750,789250],[2062750,786750],[2064750,785750],[2067250,786250],[2068750,788250],[2071750,787750],[2075250,801250],[2076750,801250],[2078750,797750],[2080250,797750],[2080750,796250],[2082750,795250],[2083750,791750],[2084750,791750],[2085750,789750],[2089250,788750],[2092750,789750],[2093750,790750],[2093750,795250],[2094750,796250],[2094750,799250],[2093750,800250],[2094750,803250],[2092250,809250],[2092750,814750],[2095250,815250],[2098750,813250],[2099750,811750],[2101750,811750],[2102250,812750],[2104750,811750],[2106750,815250],[2111250,817750],[2111250,818750],[2114750,818750],[2114250,817250],[2112250,817250],[2111750,815250],[2114250,815250],[2116250,816750],[2117250,816250],[2116250,818250],[2118750,818250],[2117250,814250],[2118750,814250],[2119250,811250],[2118250,810250],[2116750,803750],[2118750,802250],[2120250,802750],[2120750,801250],[2121750,802750],[2121750,797750],[2120250,796250],[2119750,793250],[2124750,788250],[2129250,786750],[2134250,788750],[2136750,787750],[2139250,790250],[2142750,789250],[2144250,789750],[2143750,791250],[2145250,792750],[2145750,795750],[2147250,796250],[2146750,798250],[2147750,799750],[2146750,802250],[2146750,805750],[2147750,805750],[2147750,808250],[2146250,813250],[2144750,813750],[2144750,815250],[2148750,814750],[2151250,811750],[2155750,808750],[2158250,808250],[2160750,804250],[2163750,803250],[2167750,799250],[2168750,799250],[2168250,800250],[2169750,800250],[2170250,801250],[2174250,800250],[2177750,800750],[2177750,806250],[2172750,815250],[2173750,818250],[2175250,818750],[2174750,820250],[2173750,820250],[2173750,821750],[2175750,821250],[2176750,819250],[2179750,818750],[2184750,814750],[2186750,815750],[2188750,813250],[2191750,813250],[2192750,812250],[2195250,813250],[2195750,815250],[2196750,815750],[2198250,815750],[2198750,814750],[2201750,816750],[2203750,816750],[2203750,815750],[2206250,814250],[2206250,812750],[2205250,812250],[2208250,811250],[2209750,807250],[2210750,807250],[2210250,808750],[2212750,807750],[2215250,808250],[2217250,806250],[2217250,808250],[2218250,808250],[2217750,806750],[2219250,806750],[2220250,808250],[2222250,807250],[2222750,808750],[2226750,809250],[2225750,806750],[2223750,806750],[2223750,805750],[2222750,805750],[2222750,801750],[2223750,801750],[2223750,799750],[2222750,799750],[2221750,797750],[2219750,797750],[2218750,795750],[2216750,795750],[2216750,794750],[2214750,794750],[2214750,793750],[2211750,793750],[2209750,790750],[2207750,790750],[2207750,789750],[2206750,789750],[2206750,788750],[2203750,786750],[2203750,782750],[2204750,782750],[2204750,779750],[2205750,779750],[2205750,775750],[2206750,775750],[2207750,773750],[2211750,774250],[2213750,773750],[2213750,772750],[2216750,772750],[2216750,771750],[2219250,772750],[2220750,771750],[2220750,769750],[2219750,769750],[2219750,767750],[2218750,767750],[2218750,765750],[2217750,765750],[2217750,762750],[2216750,762750],[2216750,761750],[2214750,761750],[2212750,758750],[2214750,758750],[2214750,757750],[2215750,757750],[2215750,751750],[2216750,751750],[2216750,752750],[2218250,753750],[2218250,750250],[2220750,752250],[2222750,751750],[2222250,748750],[2224250,749250],[2224250,750750],[2226250,750750],[2226250,751750],[2228750,750750],[2228750,744750],[2227750,744750],[2227750,742750],[2226750,742750],[2226750,737750],[2228750,737750],[2228750,736750],[2229750,736750],[2231750,733750],[2233750,733750],[2233750,732750],[2235750,731750],[2236750,727750],[2238750,727750],[2238750,724750],[2239750,724750],[2239750,722750],[2238750,722750],[2238750,721750],[2239750,721750],[2239750,716750],[2240750,716750],[2240750,715750],[2239750,715750],[2238750,707750],[2241750,705750],[2241750,696750],[2240750,696750],[2238750,693750],[2233750,693250],[2230250,693750],[2230250,694750],[2219250,694750],[2217750,700750],[2218250,693750],[2213750,689250],[2210750,684750],[2211750,684250],[2219250,691750],[2224250,690750],[2227250,688750],[2229250,685750],[2231750,686250],[2234750,684250],[2234750,682750],[2235750,682750],[2235750,678750],[2234750,678750],[2233750,672750],[2231750,672750],[2231750,671750],[2230750,671750],[2230750,669750],[2227750,667750],[2227750,665750],[2226750,665750],[2226750,663750],[2225750,663750],[2225750,659750],[2224750,659750],[2224750,658750],[2222750,658750],[2222750,656750],[2221750,656750],[2221750,657750],[2220750,657750],[2220750,656750],[2218750,656750],[2218750,652750],[2217750,652750],[2217750,651750],[2215750,651750],[2215750,649750],[2214750,649750],[2212750,646750],[2210750,646750],[2210750,645750],[2209750,645750],[2209750,644750],[2207750,644750],[2207750,643750],[2206750,643750],[2204750,640750],[2202750,640750],[2202750,638750],[2201750,638750],[2201750,636750],[2202750,636750],[2202750,635750],[2200750,635750],[2200750,633750],[2199750,633750],[2199750,632750],[2198750,632750],[2198750,631750],[2197750,631750],[2197750,630750],[2196750,630750],[2196750,629750],[2193750,627750],[2193750,625750],[2191750,625750],[2191750,624750],[2190750,624750],[2190750,622750],[2189750,622750],[2189750,621750],[2187750,621750],[2187750,619750],[2185750,618750],[2185750,616750],[2184750,616750],[2184750,615750],[2182750,615750],[2182750,614750],[2181750,614750],[2181750,616750],[2179750,616750],[2179750,615750],[2178750,615750],[2178750,613750],[2177250,613750],[2177250,619750],[2174250,619250],[2172750,620750],[2172750,626750],[2171750,624750],[2169750,624750],[2169750,619750],[2168750,619750],[2168750,618750],[2166750,618750],[2166750,615750],[2165750,615750],[2165750,614750],[2162750,614750],[2162750,615750],[2161250,616750],[2161250,618250],[2159750,619250],[2160250,620250],[2159250,620750],[2159250,622250],[2158250,621750],[2157250,623250],[2154750,623250],[2154250,625250],[2152750,624250],[2152750,625750],[2151750,625750],[2152250,626750],[2150750,626750],[2150750,627750],[2143750,627750],[2142250,626750],[2142250,625750],[2139750,625750],[2139750,624750],[2137750,624750],[2137250,623750],[2135750,623750],[2135750,624750],[2132750,624750],[2132750,621250],[2134250,620750],[2134750,617750],[2131250,619250],[2129250,619250],[2129250,618250],[2128250,618250],[2128250,619250],[2127250,618750],[2127250,619750],[2125750,620250],[2125750,624750],[2126750,626250],[2125250,625750],[2125250,629750],[2126750,629750],[2127250,631250],[2124750,631250],[2124250,632750],[2120250,633250],[2118250,634750],[2118250,635750],[2117250,635750],[2117250,636750],[2112750,637250],[2112750,636250],[2111750,636250],[2112250,638750],[2111250,640750],[2108750,640250],[2105750,636750],[2104250,636750],[2104750,638750],[2101750,637750],[2103250,642250],[2099750,640250],[2098250,641250],[2098750,642250],[2094250,644250],[2094250,646250],[2095250,645750],[2095250,647250],[2090750,648250],[2083750,647750],[2075750,652250],[2070250,651250],[2070250,649750],[2068750,649750],[2067250,647250],[2064250,645250],[2063750,643750],[2062750,643750],[2061750,642250],[2061750,634750],[2057250,635750],[2057250,634750],[2055750,634250],[2056750,636250],[2052750,636750],[2050750,635750],[2050750,634750],[2051750,634750],[2051250,633750],[2048750,634250],[2048250,633250],[2045750,633250],[2045750,634250],[2044750,634250],[2044250,636750],[2045250,639750],[2046750,640250],[2049750,643750],[2049250,647750],[2044750,647250],[2039250,645250],[2037750,643250],[2036250,642750],[2035250,638250],[2032250,638750],[2032250,637750],[2031250,637750],[2024250,638750],[2016750,641750],[2015750,642750],[2016250,644750],[2021250,644750],[2024250,647750],[2024750,649750],[2025750,649750],[2026250,648250],[2028750,649250],[2030250,650750],[2030750,653750],[2029750,654250],[2031250,655750],[2034750,656750],[2035750,658250],[2037250,657750],[2038750,658750],[2038250,660750],[2043250,661250],[2043750,663250],[2045250,663250],[2045750,664750],[2047750,665250],[2047750,667250],[2050750,668750],[2051750,670750],[2053750,671750],[2056750,671750],[2059250,675750],[2056750,675750],[2056250,677750],[2053750,678250],[2053250,679250],[2044250,679250],[2044250,677750],[2042250,677750],[2039750,675750],[2034750,674250],[2032250,671250],[2029750,671250],[2027750,668750],[2024250,667250],[2022750,665250],[2018250,662250],[2018250,657250],[2017250,657250],[2017250,655250],[2015750,656250],[2012750,655750],[2008750,659750],[2000750,660750],[2000250,657750],[1999250,656750],[1994250,655250],[1994750,653750],[1993250,654250],[1993250,653250],[1991750,653250],[1989750,654250],[1990250,656750],[1991750,657750],[1991250,658750],[1987250,658750],[1984750,657250],[1981750,657750],[1982750,662250],[1979250,663250],[1979250,662250],[1977250,662750],[1975750,660250],[1973750,660750],[1973250,659750],[1968750,659750],[1969250,660750],[1971250,660750],[1971250,661750],[1964250,661750],[1964250,660250],[1962750,659250],[1961250,659250],[1961250,661750],[1959750,661750],[1959750,660750],[1958250,659750],[1956750,659750],[1957250,660750],[1954250,660750],[1953750,659250],[1954750,656750],[1954750,652250],[1951750,652250],[1948750,653750],[1945750,656750],[1944750,655750],[1942750,655750],[1942750,658250],[1941750,658750],[1938250,658750],[1938250,657250],[1939750,657750],[1940750,655250],[1937750,654250],[1936250,656250],[1937750,658750],[1936250,659750],[1933750,659750],[1931750,662250],[1929750,661750],[1929250,663750],[1931250,663250],[1931250,664250],[1928750,664250],[1926750,666250],[1921750,667750],[1921750,660250],[1925250,658750],[1925750,657750],[1920750,657750],[1919250,654750],[1919750,652250],[1918750,649250],[1916750,649250],[1916250,648250],[1916250,646250],[1917250,646750],[1917750,645250],[1914750,644250],[1913750,645750],[1910750,645250],[1911750,648750],[1907750,651250],[1906750,653750],[1904750,653750],[1904250,652750],[1903250,653750],[1902750,652750],[1900250,653750],[1900250,652750],[1898750,651750],[1899250,649750],[1897750,648750],[1896750,649750],[1898250,651250],[1898750,653750],[1897250,653750],[1896250,650750],[1893750,650250],[1892750,648750],[1892250,649750],[1890250,650250],[1890750,652750],[1887250,652250],[1884750,653250],[1883750,654750],[1881250,654750],[1879750,655750],[1878750,657250],[1878250,662250],[1875750,663250],[1874250,663250],[1873750,662250],[1877250,661750],[1877250,655250],[1876250,653250],[1873750,653250],[1870250,658250],[1869250,652250],[1867250,651750],[1866250,652750],[1860750,652750],[1859250,656250],[1857750,657250],[1853250,656250],[1851750,659250],[1848750,660250],[1848750,661250],[1847250,662250],[1847250,667250],[1844750,670250],[1843750,673250],[1841750,673250],[1840750,671750],[1839250,671750],[1839250,673750],[1834750,675250],[1833750,678250],[1832250,677750],[1833250,673250],[1830250,672250],[1829750,668750],[1828750,667750],[1828250,668750],[1821250,669750],[1814250,676750],[1811750,676750],[1810750,675250],[1808750,675750],[1808250,674750],[1805750,674750],[1804750,675750],[1804750,680750],[1803250,680750],[1799250,683250],[1799250,685750],[1798250,686250],[1797250,689750],[1794750,691750],[1794750,692750],[1793250,693750],[1787250,702750],[1785750,702750],[1786250,703750],[1785250,703750],[1778750,709750],[1774750,709750],[1772750,711750],[1769250,712750],[1747750,708750],[1740250,703750],[1735250,701750],[1725250,694250],[1722250,693250],[1718250,693250],[1715750,694750],[1704750,694750],[1701250,698250],[1698750,698750],[1694750,701250],[1692750,701250],[1690750,703250],[1687250,702750],[1685250,703750],[1683250,706750],[1683250,709750],[1682250,710250],[1683750,713750],[1683750,718250],[1686250,721750],[1689250,723250],[1692750,723250],[1695250,724750],[1699750,724750],[1702250,726750],[1705750,727750],[1705750,731750],[1707250,731750],[1709750,728750],[1712750,728750],[1721250,730750],[1724250,732250],[1728750,732750],[1737250,736750],[1740250,736750],[1753250,741750],[1763750,742750],[1766250,743750],[1787750,744750],[1788250,745750],[1792250,746250],[1794250,748250],[1798250,748750],[1799250,750250],[1807250,754250],[1820250,753250],[1824250,754750],[1827750,754750],[1832750,751750],[1836250,751250],[1842250,753750],[1844250,753250],[1842750,754250],[1842750,756750],[1843750,758250],[1845250,758250],[1846250,756750],[1857250,753250],[1860250,753250],[1862750,756250],[1862250,760750],[1858750,763250],[1858750,764750],[1860250,765750],[1868250,765750],[1872250,763250],[1891750,757250],[1896250,760750],[1899750,760750],[1901250,759750],[1901250,758750],[1905250,757750],[1905750,754250],[1910750,754250],[1910750,757250],[1913250,757750],[1915250,756750],[1916750,754250],[1923250,753750],[1929250,749250],[1943250,746250],[1953250,747250],[1958750,746250],[1958750,747750],[1962250,747250],[1962750,748250],[1966250,748250],[1971250,750250],[1975250,750750],[1975750,752250],[1978750,751750],[1982750,752750],[1986750,756750],[1992250,756750],[1995250,755750],[1996250,756750],[2000250,757250],[2000250,758250],[2003250,758250],[2004250,759750],[2009250,762250],[2019250,769250],[2018250,773250],[2016250,773750],[2017250,776250],[2016750,778750],[2007250,785250],[1999750,784250],[1997250,781750],[1996250,781750],[1997250,781250],[1997250,779250],[1995750,779250],[1994750,777750],[1990750,778750],[1990750,777250],[1988750,776250],[1988750,777750],[1990250,778250],[1989250,780750],[1991250,782750],[1990750,784750],[1992750,786250],[1992250,787250],[1996750,788250],[1998750,789750],[1998750,791750]],[[2027250,826750],[2025750,826250],[2025750,825250],[2026250,824250],[2028250,824250],[2027750,821750],[2029250,820750],[2030250,821750],[2030250,824250],[2028750,824750],[2027250,826750]],[[1889750,737750],[1885750,736250],[1883750,734250],[1885250,733250],[1884750,732250],[1887750,731750],[1887750,732750],[1886750,732750],[1887250,733750],[1890250,734250],[1890750,735750],[1892250,735250],[1892750,737750],[1889750,737750]],[[1807750,713750],[1800250,712750],[1801750,709750],[1808250,706250],[1809250,704750],[1814750,702250],[1820250,703750],[1828250,710250],[1827750,711750],[1824250,712750],[1817750,712250],[1807750,713750]],[[1859250,684250],[1849250,683750],[1845750,680250],[1849750,680750],[1854250,678750],[1859750,679250],[1861750,680250],[1861250,683250],[1859250,684250]],[[2086250,658250],[2081750,658250],[2082250,655750],[2084750,653250],[2087250,654750],[2097750,656250],[2089250,656750],[2087250,655750],[2086250,658250]],[[2091250,651750],[2090750,652750],[2087250,652750],[2090250,651250],[2091250,651750]],[[2176250,625750],[2175250,625250],[2175250,623750],[2176250,623750],[2176250,625750]]],[[[1994250,788250],[1991250,786250],[1988250,787250],[1985750,789250],[1986250,790750],[1995750,794250],[1997250,791250],[1994250,788250]]]]}},{"type":"Feature","properties":{"key":"LarsenC","name":"Larsen C","area_km2":46078.5,"lon":-62.7403,"lat":-67.4784},"geometry":{"type":"MultiPolygon","coordinates":[[[[-2316750,1125750],[-2320250,1128250],[-2319750,1131250],[-2315250,1131250],[-2314750,1132250],[-2313750,1132250],[-2311750,1138250],[-2318250,1138750],[-2318250,1140250],[-2320250,1140750],[-2322750,1138250],[-2325250,1137750],[-2328750,1141250],[-2328750,1145250],[-2327750,1145750],[-2327750,1147250],[-2329750,1145250],[-2330750,1145250],[-2331750,1143250],[-2333250,1142750],[-2334750,1143250],[-2334750,1144250],[-2335750,1144750],[-2332250,1153750],[-2330750,1155250],[-2329750,1155250],[-2329750,1156250],[-2328750,1156250],[-2328750,1157750],[-2330250,1157750],[-2330750,1158750],[-2336750,1159250],[-2337250,1164250],[-2338750,1166250],[-2337750,1171250],[-2338250,1172750],[-2336250,1172750],[-2335750,1173750],[-2335750,1174750],[-2336750,1175250],[-2336750,1177250],[-2335250,1177750],[-2335250,1179250],[-2333750,1179250],[-2329750,1176250],[-2328250,1176750],[-2325250,1175750],[-2322750,1176750],[-2317750,1176750],[-2315750,1178750],[-2311750,1178750],[-2309750,1177750],[-2309750,1178750],[-2308250,1178750],[-2307750,1179750],[-2300750,1179750],[-2297750,1178750],[-2297250,1177750],[-2294250,1176250],[-2292750,1176250],[-2292750,1177250],[-2289250,1177250],[-2286750,1174750],[-2279250,1176250],[-2270750,1175250],[-2271250,1178750],[-2275250,1178750],[-2274250,1180750],[-2274250,1185250],[-2275750,1187250],[-2277750,1187250],[-2278750,1188250],[-2278750,1189750],[-2280250,1189750],[-2280250,1184250],[-2282250,1184250],[-2283250,1185750],[-2284250,1185750],[-2285250,1188750],[-2286750,1189250],[-2288250,1187250],[-2288250,1184750],[-2291250,1181750],[-2293750,1181750],[-2296750,1183250],[-2298250,1185250],[-2299250,1188250],[-2298250,1195250],[-2301250,1195750],[-2302750,1197250],[-2308250,1197250],[-2310250,1194750],[-2311750,1194750],[-2313250,1193250],[-2315750,1194250],[-2319250,1193750],[-2325250,1196750],[-2325750,1198250],[-2327250,1199250],[-2327250,1201750],[-2328750,1201750],[-2328250,1202750],[-2326250,1202750],[-2326250,1204750],[-2323750,1204750],[-2324250,1207750],[-2324750,1206750],[-2325750,1207750],[-2325750,1209750],[-2325250,1215250],[-2324250,1215750],[-2324750,1216750],[-2323250,1217750],[-2323250,1222250],[-2322250,1222250],[-2322250,1223750],[-2320750,1224750],[-2317750,1224250],[-2315750,1225250],[-2316250,1229750],[-2314250,1232250],[-2311750,1231250],[-2308750,1227750],[-2303750,1227250],[-2302750,1228250],[-2299250,1228750],[-2298250,1227750],[-2291750,1226750],[-2290250,1225250],[-2290250,1224250],[-2287750,1224250],[-2286250,1223250],[-2284250,1223750],[-2282250,1225750],[-2282250,1228750],[-2284750,1231250],[-2286750,1231750],[-2287750,1233750],[-2293750,1232750],[-2295750,1237250],[-2301750,1237250],[-2304750,1236250],[-2306750,1238750],[-2306250,1243750],[-2304750,1244250],[-2304750,1245750],[-2303250,1246750],[-2299250,1246750],[-2298250,1247750],[-2298250,1248750],[-2301250,1248750],[-2302250,1250750],[-2304750,1251250],[-2306750,1253250],[-2306250,1257250],[-2303750,1258250],[-2304750,1259750],[-2304750,1262250],[-2302250,1262250],[-2300750,1264750],[-2294250,1264750],[-2294250,1263750],[-2292750,1263250],[-2290750,1260250],[-2285750,1258750],[-2285250,1257750],[-2281750,1257250],[-2279250,1259750],[-2278250,1262750],[-2278250,1264250],[-2283750,1265250],[-2284750,1266250],[-2285250,1268750],[-2284250,1269750],[-2284250,1271250],[-2288250,1272250],[-2289250,1273750],[-2289250,1276250],[-2290250,1277250],[-2292750,1277250],[-2296750,1274750],[-2300750,1274250],[-2304250,1276250],[-2304250,1278750],[-2303250,1279750],[-2304250,1283250],[-2300250,1284250],[-2295750,1283250],[-2293250,1285250],[-2293750,1287750],[-2301750,1291250],[-2301750,1292250],[-2299750,1292750],[-2299250,1293750],[-2296750,1293750],[-2296750,1292750],[-2294750,1292750],[-2295250,1290750],[-2293750,1289250],[-2291750,1289750],[-2292250,1290750],[-2286750,1290750],[-2284750,1290250],[-2284250,1289250],[-2279250,1289250],[-2277750,1287250],[-2273250,1286750],[-2273250,1285750],[-2268250,1285750],[-2268250,1284750],[-2266250,1284750],[-2266250,1283750],[-2265250,1283750],[-2264250,1281750],[-2262250,1281750],[-2262250,1280750],[-2252250,1280750],[-2252250,1279750],[-2251250,1279750],[-2251250,1280750],[-2249250,1280750],[-2249250,1279750],[-2247250,1279750],[-2247250,1278750],[-2246250,1278750],[-2246250,1277750],[-2245250,1277750],[-2245250,1276750],[-2243250,1275750],[-2243250,1273750],[-2241250,1273750],[-2241250,1272750],[-2239250,1272750],[-2239250,1271750],[-2237250,1271750],[-2237250,1270750],[-2235750,1270750],[-2235250,1268250],[-2233750,1266750],[-2225750,1266750],[-2221750,1267750],[-2219750,1269750],[-2219750,1270750],[-2210750,1271250],[-2211250,1269250],[-2208250,1262750],[-2206250,1263750],[-2207250,1260750],[-2206250,1258750],[-2205750,1252250],[-2204750,1250750],[-2204250,1243750],[-2202250,1242250],[-2202250,1240750],[-2200750,1239750],[-2199750,1232250],[-2200250,1227750],[-2197750,1224250],[-2196750,1224250],[-2195250,1222750],[-2193750,1222750],[-2193250,1221750],[-2190250,1220750],[-2188750,1219250],[-2187250,1219250],[-2185750,1217250],[-2181250,1215250],[-2180250,1212750],[-2179250,1212750],[-2177250,1210250],[-2174250,1210750],[-2171750,1213250],[-2167250,1213250],[-2166250,1212250],[-2158750,1210750],[-2158250,1209750],[-2159250,1209750],[-2159250,1206750],[-2158250,1206750],[-2158250,1204750],[-2157250,1204750],[-2157250,1203750],[-2156250,1203750],[-2155250,1201750],[-2153250,1201750],[-2153250,1199750],[-2151250,1199750],[-2151250,1198750],[-2150250,1198750],[-2150250,1196750],[-2148250,1196750],[-2147250,1194750],[-2141250,1193750],[-2141250,1192750],[-2139250,1192750],[-2139250,1191750],[-2137250,1191750],[-2137250,1192750],[-2138250,1192750],[-2138250,1194250],[-2130250,1193750],[-2130250,1192750],[-2126250,1191750],[-2126250,1192750],[-2125250,1192750],[-2125250,1193750],[-2124250,1193750],[-2124250,1194750],[-2123250,1194750],[-2122250,1196750],[-2118250,1197750],[-2118250,1196750],[-2116250,1196750],[-2116250,1195750],[-2115250,1195750],[-2114250,1193750],[-2112250,1193750],[-2112250,1192750],[-2111250,1192750],[-2111250,1191750],[-2109250,1191750],[-2109250,1190750],[-2102250,1190750],[-2102250,1189750],[-2100250,1188750],[-2100250,1185750],[-2099250,1185750],[-2099250,1183750],[-2098250,1183750],[-2098250,1182750],[-2097250,1182750],[-2097250,1181750],[-2096250,1181750],[-2096250,1180750],[-2095250,1180750],[-2095250,1179750],[-2094250,1179750],[-2094250,1178750],[-2093250,1178750],[-2092250,1176750],[-2090250,1176750],[-2089250,1174750],[-2087250,1174750],[-2087250,1173750],[-2086250,1173750],[-2086250,1172750],[-2085250,1172750],[-2085250,1171750],[-2084250,1171750],[-2084250,1170750],[-2083250,1170750],[-2083250,1169750],[-2082250,1169750],[-2081250,1167750],[-2079250,1168750],[-2078250,1166750],[-2076250,1166750],[-2076250,1165750],[-2075250,1165750],[-2074250,1163750],[-2072250,1163750],[-2072250,1162750],[-2071250,1162750],[-2071250,1161750],[-2069250,1161750],[-2068250,1159750],[-2063250,1159750],[-2063250,1158750],[-2060250,1158750],[-2060250,1157750],[-2058250,1156750],[-2057250,1152750],[-2056250,1152750],[-2056250,1149750],[-2054250,1149750],[-2054250,1148750],[-2052750,1149250],[-2051250,1145750],[-2049750,1145750],[-2047250,1143750],[-2043750,1142750],[-2043750,1141750],[-2046250,1139750],[-2047250,1137750],[-2048250,1134750],[-2047250,1132273],[-2054597,1128786],[-2059661,1125411],[-2069419,1117493],[-2088421,1099633],[-2099954,1086456],[-2104205,1084838],[-2104750,1085250],[-2110602,1081758],[-2113748,1077155],[-2121189,1061158],[-2121957,1052988],[-2123414,1048039],[-2122250,1043250],[-2122750,1041250],[-2123750,1041250],[-2123250,1037750],[-2124250,1036750],[-2123250,1035750],[-2122750,1032250],[-2121250,1029250],[-2120250,1028750],[-2120250,1027750],[-2118750,1027750],[-2117750,1026750],[-2118750,1024250],[-2120250,1023750],[-2120750,1021750],[-2117750,1021250],[-2116750,1022250],[-2115250,1022250],[-2115250,1023250],[-2112750,1023250],[-2112250,1021250],[-2113250,1021250],[-2113250,1020250],[-2115750,1017750],[-2115750,1016750],[-2114750,1016250],[-2109750,1017250],[-2107250,1019750],[-2106250,1019750],[-2105750,1021250],[-2099750,1021250],[-2099750,1019750],[-2101250,1018750],[-2102250,1016750],[-2096750,1015750],[-2096250,1013750],[-2097750,1013250],[-2097750,1012250],[-2101750,1011250],[-2102250,1010250],[-2107750,1009250],[-2102750,1008250],[-2102750,1006250],[-2105250,1005250],[-2104750,1002250],[-2105750,1001750],[-2108750,1001250],[-2110250,1002250],[-2118750,1002750],[-2117250,998250],[-2118250,995250],[-2120750,994250],[-2122750,991750],[-2125750,991250],[-2128250,985750],[-2130750,986250],[-2131750,985250],[-2133250,985250],[-2135250,983250],[-2135250,982250],[-2136750,981750],[-2139750,981750],[-2141750,982750],[-2142750,984750],[-2142750,987750],[-2144250,988250],[-2143750,991250],[-2144750,992250],[-2145750,997250],[-2147250,998250],[-2147250,999250],[-2148250,999250],[-2148750,1001750],[-2150250,1003750],[-2151750,1002750],[-2154750,1003250],[-2155250,1002250],[-2156750,1002250],[-2156750,1000750],[-2158750,998250],[-2159250,990250],[-2162250,986750],[-2164750,986250],[-2164750,987250],[-2168750,988250],[-2168750,994750],[-2169750,997250],[-2171750,997750],[-2171750,998750],[-2169750,999750],[-2169250,1001750],[-2170750,1001250],[-2171250,1003250],[-2172750,1003750],[-2173250,1005750],[-2172250,1007250],[-2170250,1007750],[-2168250,1013750],[-2170750,1014750],[-2169750,1016750],[-2170750,1017750],[-2171250,1022250],[-2172250,1022250],[-2172750,1023750],[-2175250,1024250],[-2176250,1026250],[-2180250,1026250],[-2180250,1025250],[-2182250,1024750],[-2179250,1023250],[-2179250,1020750],[-2179750,1019750],[-2181250,1019750],[-2181750,1018250],[-2183750,1018250],[-2184750,1020250],[-2187250,1021750],[-2187750,1024250],[-2188750,1024250],[-2189250,1023250],[-2188750,1020250],[-2186750,1019250],[-2183250,1011250],[-2180250,1008250],[-2179250,1003250],[-2180750,1002250],[-2183750,1002750],[-2185750,1000750],[-2187250,990750],[-2189750,987250],[-2192750,987250],[-2193750,989750],[-2195250,990250],[-2194250,993250],[-2195250,994250],[-2196250,1005750],[-2197750,1007750],[-2198250,1011250],[-2199750,1011250],[-2201250,1009250],[-2204750,1009250],[-2206250,1005250],[-2207250,1004750],[-2215250,1004750],[-2216250,1001250],[-2217750,1001250],[-2216750,1003250],[-2217750,1003750],[-2217750,1004750],[-2216750,1005250],[-2217250,1009250],[-2219250,1009250],[-2219750,1010250],[-2224250,1009750],[-2225750,1011250],[-2227250,1010750],[-2227750,1011750],[-2228750,1011750],[-2229250,1016750],[-2228250,1017750],[-2228250,1021250],[-2228750,1022250],[-2229750,1022250],[-2229250,1024750],[-2230250,1025250],[-2230250,1027750],[-2232250,1027750],[-2235250,1023750],[-2239750,1025250],[-2240750,1024750],[-2242250,1021750],[-2244750,1022250],[-2245250,1020750],[-2246750,1020250],[-2250250,1020750],[-2250250,1021750],[-2254250,1020750],[-2255750,1022250],[-2254750,1027750],[-2256750,1027750],[-2258750,1029750],[-2264750,1030250],[-2266750,1031750],[-2266750,1034250],[-2267750,1035750],[-2266750,1037750],[-2259750,1037250],[-2258250,1038250],[-2258250,1040750],[-2257250,1040750],[-2257750,1049250],[-2259250,1052750],[-2259250,1056750],[-2257750,1060250],[-2257750,1064250],[-2260250,1065250],[-2260250,1066250],[-2262750,1066250],[-2264750,1064250],[-2264750,1063250],[-2266250,1063250],[-2268750,1060250],[-2271750,1059250],[-2273250,1060750],[-2273250,1062750],[-2272250,1063250],[-2271750,1065750],[-2273750,1066750],[-2273750,1069250],[-2272750,1071250],[-2273250,1075250],[-2275250,1075250],[-2276750,1073750],[-2278250,1073750],[-2278750,1075750],[-2279750,1075750],[-2281250,1074250],[-2282750,1069750],[-2286250,1070750],[-2286750,1069750],[-2288750,1069750],[-2288750,1068750],[-2291250,1068750],[-2292750,1075250],[-2290250,1079250],[-2289750,1082750],[-2293250,1083250],[-2294250,1084750],[-2297750,1085750],[-2302750,1086250],[-2304250,1085250],[-2306250,1085250],[-2306750,1088250],[-2305750,1089250],[-2305250,1092750],[-2307250,1094250],[-2310250,1094750],[-2310250,1096750],[-2309250,1097250],[-2309250,1100250],[-2307750,1100250],[-2307250,1098750],[-2304750,1098250],[-2298750,1093750],[-2295250,1093750],[-2295750,1094750],[-2294750,1095250],[-2294750,1098250],[-2291250,1098250],[-2291250,1100250],[-2294250,1102250],[-2294250,1103750],[-2296250,1103750],[-2297250,1104750],[-2297250,1106250],[-2296250,1107250],[-2292250,1106750],[-2290750,1108250],[-2283750,1108250],[-2284250,1110250],[-2282250,1112250],[-2281750,1116750],[-2280750,1118750],[-2279750,1118750],[-2280750,1125750],[-2283250,1126750],[-2285250,1128750],[-2287750,1128750],[-2289750,1127750],[-2291750,1129250],[-2298250,1129250],[-2304750,1126750],[-2305250,1124750],[-2307250,1124250],[-2308750,1121250],[-2310250,1120750],[-2314750,1121250],[-2315250,1123750],[-2314250,1124250],[-2314250,1125750],[-2316750,1125750]],[[-2317250,1144750],[-2314250,1146250],[-2315250,1147750],[-2317750,1148250],[-2318750,1147250],[-2318750,1144750],[-2317250,1144750]],[[-2264750,1072250],[-2262750,1070750],[-2262750,1073750],[-2264750,1072250]],[[-2277250,1119250],[-2274750,1118750],[-2274250,1119750],[-2272250,1119250],[-2272250,1120250],[-2273250,1121250],[-2276750,1120750],[-2277250,1119250]],[[-2279750,1232250],[-2279750,1231250],[-2278750,1231250],[-2278750,1231750],[-2279750,1232250]],[[-2215750,1017750],[-2214250,1017750],[-2214250,1021750],[-2212750,1022250],[-2211750,1025250],[-2206750,1027750],[-2207750,1029750],[-2209250,1028750],[-2211750,1029750],[-2212250,1031750],[-2213250,1031750],[-2213750,1030750],[-2212750,1028250],[-2213250,1025250],[-2214750,1024250],[-2216750,1024250],[-2217250,1019250],[-2215750,1017750]],[[-2224250,1040750],[-2223750,1045750],[-2222750,1046750],[-2220250,1046750],[-2219250,1047750],[-2220250,1048750],[-2220750,1053750],[-2221750,1054250],[-2223250,1057250],[-2224750,1057250],[-2226750,1053250],[-2230250,1051250],[-2231750,1045250],[-2232750,1044750],[-2232250,1039750],[-2231250,1039250],[-2229250,1040250],[-2226750,1040250],[-2226250,1039250],[-2223250,1038750],[-2224250,1040750]],[[-2124750,999250],[-2122750,999750],[-2124750,1000250],[-2124750,999250]]]]}},{"type":"Feature","properties":{"key":"Riiser-Larsen","name":"Riiser-Larsen","area_km2":43394.2,"lon":-16.3811,"lat":-73.164},"geometry":{"type":"MultiPolygon","coordinates":[[[[-612250,1620250],[-614750,1628750],[-615750,1639750],[-617250,1641750],[-617750,1645250],[-620750,1653250],[-620750,1656750],[-619750,1657750],[-620250,1660750],[-621250,1661250],[-622750,1664250],[-623250,1670250],[-624250,1672250],[-625750,1673750],[-627250,1673750],[-628750,1677250],[-631250,1679750],[-631250,1678250],[-632250,1678250],[-632750,1682750],[-630250,1682750],[-630250,1684750],[-632250,1684250],[-632250,1685750],[-633250,1685750],[-633250,1687750],[-634250,1687750],[-635750,1696750],[-635250,1698750],[-636250,1698750],[-636250,1702750],[-637250,1704750],[-637250,1717750],[-636250,1718750],[-635250,1723750],[-633250,1726750],[-634250,1728750],[-633250,1729750],[-632250,1733750],[-632250,1738750],[-629750,1743250],[-630250,1746750],[-632250,1747750],[-632750,1751750],[-632250,1754750],[-630750,1755250],[-629250,1757750],[-629250,1768750],[-628250,1768750],[-628250,1769750],[-626250,1769750],[-626250,1770750],[-623250,1770750],[-620750,1773250],[-618250,1773250],[-617750,1771750],[-616750,1771750],[-616750,1770750],[-614750,1769750],[-614750,1767750],[-613750,1768750],[-613750,1767250],[-612250,1766750],[-614250,1772250],[-613750,1773250],[-615750,1774250],[-616250,1775750],[-625250,1777250],[-625250,1782750],[-624250,1783250],[-624750,1785250],[-623250,1787750],[-623250,1789250],[-622250,1789750],[-620250,1793750],[-616750,1795750],[-613750,1799750],[-610750,1801250],[-605750,1806250],[-604250,1806250],[-602750,1807750],[-598750,1809250],[-594250,1809750],[-594250,1808750],[-591750,1808250],[-591750,1806250],[-590750,1805250],[-589750,1806750],[-589250,1805250],[-588250,1805750],[-586250,1803750],[-584250,1804750],[-583750,1802750],[-582750,1803250],[-582250,1805250],[-581750,1803750],[-580750,1803750],[-580250,1804750],[-580250,1802250],[-578750,1803750],[-578750,1801250],[-577250,1801750],[-577250,1800750],[-576250,1800750],[-575750,1799750],[-573750,1799750],[-574750,1801750],[-574250,1803750],[-575750,1804250],[-575750,1805250],[-573750,1805750],[-573750,1806750],[-575250,1806750],[-574250,1807750],[-575750,1807750],[-576250,1808750],[-574750,1809250],[-576250,1809250],[-576750,1810250],[-574250,1810250],[-572750,1811250],[-576750,1811250],[-577250,1812250],[-575250,1812750],[-576250,1812750],[-576750,1816250],[-577750,1816250],[-576250,1817250],[-576250,1819250],[-577750,1818750],[-577750,1819750],[-575750,1820750],[-576250,1823250],[-575250,1823750],[-575250,1824750],[-572250,1825750],[-572250,1826750],[-570250,1826750],[-570250,1827750],[-567250,1828750],[-566250,1830250],[-564750,1830250],[-563250,1831750],[-554250,1833750],[-553250,1835250],[-550750,1835750],[-549250,1837250],[-546250,1837750],[-544750,1835250],[-544750,1839750],[-544250,1834750],[-542250,1828750],[-536750,1818750],[-535250,1818750],[-531750,1815750],[-529750,1816750],[-527250,1816750],[-526250,1817750],[-526750,1818750],[-525750,1818750],[-525250,1819750],[-525750,1822250],[-527750,1824250],[-531750,1832250],[-532750,1832250],[-532750,1833250],[-533750,1833750],[-533750,1835250],[-535750,1836750],[-536750,1839750],[-539250,1842250],[-540250,1842250],[-540250,1844250],[-542250,1845250],[-542250,1846750],[-543250,1846750],[-543250,1848750],[-542250,1848750],[-542250,1850750],[-541250,1850750],[-540250,1852750],[-537250,1853750],[-537250,1854750],[-536250,1854750],[-535750,1855750],[-534250,1855750],[-533250,1858250],[-531750,1859750],[-530750,1859750],[-530250,1861750],[-529250,1861750],[-529250,1862750],[-528250,1862750],[-528250,1863750],[-527250,1863750],[-527250,1864750],[-525250,1865750],[-525250,1867250],[-521750,1867750],[-521250,1868750],[-518250,1869750],[-518250,1878750],[-517250,1878750],[-516250,1880750],[-515250,1880750],[-515250,1881750],[-516750,1882250],[-516250,1883750],[-512250,1883750],[-512250,1884750],[-511250,1884750],[-511250,1886250],[-510250,1886250],[-510250,1887250],[-508250,1889250],[-505250,1889750],[-504250,1891750],[-502250,1891750],[-502250,1892750],[-500250,1892750],[-500250,1893750],[-498250,1893750],[-498250,1894750],[-497250,1894750],[-497250,1896750],[-496250,1896750],[-496250,1898750],[-494250,1898750],[-494250,1899750],[-493250,1899750],[-493250,1900750],[-491250,1900750],[-490250,1902750],[-488250,1902750],[-488250,1903750],[-482250,1903750],[-481750,1904750],[-480250,1904750],[-480250,1905750],[-476250,1906750],[-476250,1909750],[-475250,1909750],[-471750,1912750],[-470250,1912750],[-470250,1914250],[-468250,1914750],[-468250,1915750],[-466250,1915750],[-466250,1916750],[-463250,1917750],[-462750,1918750],[-461250,1918750],[-461250,1919750],[-458250,1921250],[-454750,1921250],[-454750,1918750],[-452750,1918250],[-453750,1916750],[-451750,1917750],[-451750,1915750],[-449250,1915250],[-446750,1917750],[-440750,1919750],[-440750,1921750],[-439250,1922250],[-440750,1918750],[-440750,1914250],[-438750,1909750],[-437250,1908250],[-436750,1905250],[-428250,1902250],[-428250,1900750],[-425250,1900750],[-425750,1901750],[-423750,1901750],[-422750,1903750],[-423250,1905250],[-422250,1905250],[-422750,1908750],[-425750,1910750],[-426750,1913250],[-432750,1919250],[-433750,1919250],[-435750,1921250],[-438250,1921250],[-438250,1924750],[-441250,1925250],[-441250,1926750],[-440250,1926750],[-440250,1928750],[-439250,1928750],[-439250,1929750],[-438250,1929750],[-438250,1930750],[-436250,1931750],[-435750,1933750],[-434250,1933750],[-434250,1935250],[-433250,1935750],[-433250,1936750],[-432250,1936750],[-431750,1938750],[-432750,1938250],[-433250,1939250],[-435250,1936750],[-438250,1935250],[-438250,1934250],[-441250,1933250],[-441750,1932250],[-443250,1932250],[-443250,1931250],[-445250,1931750],[-444250,1932750],[-443750,1935250],[-440750,1936750],[-440250,1937750],[-438750,1937750],[-438250,1939750],[-437250,1939750],[-437250,1940750],[-436250,1940750],[-434750,1942250],[-433750,1945750],[-431250,1949250],[-429750,1949250],[-424750,1954250],[-422250,1954250],[-419750,1956250],[-417750,1964250],[-415250,1963750],[-413250,1962250],[-407750,1962250],[-404750,1959750],[-398250,1957750],[-391250,1958250],[-387250,1960750],[-385250,1960750],[-382750,1963250],[-378250,1963250],[-376250,1960250],[-375750,1957750],[-374750,1957250],[-375750,1952250],[-377250,1950250],[-376250,1950250],[-376250,1951250],[-374250,1952250],[-373750,1950750],[-374750,1948250],[-374250,1947250],[-373250,1947250],[-374250,1944750],[-372750,1942750],[-372750,1933750],[-373750,1932750],[-373750,1930250],[-377250,1927250],[-376750,1925750],[-375250,1925750],[-375250,1916250],[-375750,1912750],[-376750,1911750],[-376250,1909750],[-377750,1906250],[-379250,1904750],[-378750,1903250],[-380250,1901250],[-380250,1898250],[-379750,1900750],[-378750,1900750],[-378250,1901750],[-375750,1901750],[-374750,1898250],[-374750,1892250],[-376750,1888750],[-377250,1883750],[-380750,1883250],[-381250,1882250],[-385250,1880750],[-387750,1878250],[-388750,1878250],[-389750,1876250],[-390750,1876250],[-391250,1875250],[-400750,1870750],[-402750,1868250],[-404250,1867750],[-404250,1866750],[-405750,1865250],[-410750,1863750],[-412750,1862250],[-413750,1860250],[-415250,1860250],[-415750,1858250],[-421250,1853250],[-422750,1850250],[-422250,1845250],[-423750,1843750],[-423750,1842250],[-425250,1840750],[-425750,1838750],[-427250,1837750],[-428750,1832750],[-437250,1824750],[-440250,1825250],[-440750,1826750],[-443750,1829750],[-450750,1828750],[-451750,1829750],[-453250,1829750],[-455750,1832750],[-459750,1833750],[-465250,1833750],[-470250,1832750],[-470750,1831250],[-469250,1829750],[-466250,1829250],[-462250,1825250],[-461750,1821250],[-458250,1819250],[-456750,1817750],[-456250,1815750],[-453750,1815750],[-451750,1812250],[-450250,1812250],[-447250,1808750],[-446750,1806250],[-449250,1806250],[-448250,1804750],[-447750,1800250],[-448750,1797750],[-448250,1796250],[-444250,1795750],[-444750,1789750],[-446750,1789250],[-446750,1790250],[-449750,1790250],[-451750,1789250],[-453250,1786250],[-457250,1786250],[-458750,1787250],[-461250,1785750],[-464750,1789750],[-466250,1790250],[-466250,1791250],[-470250,1791250],[-472250,1791750],[-472750,1792750],[-477250,1793250],[-479250,1791250],[-482250,1791250],[-484250,1789750],[-485250,1790250],[-486250,1786250],[-488250,1784250],[-490750,1783250],[-496250,1783750],[-497750,1780250],[-500750,1778250],[-500750,1777250],[-503250,1775250],[-503250,1774250],[-504750,1773750],[-505750,1769750],[-505250,1763750],[-503250,1761750],[-503250,1754750],[-504250,1754750],[-505750,1751750],[-505250,1750250],[-506750,1750250],[-507750,1749250],[-507750,1748250],[-511250,1743750],[-511250,1741750],[-513250,1737750],[-513250,1730250],[-514250,1729250],[-513250,1728250],[-513250,1723750],[-512250,1721750],[-511250,1715250],[-509750,1712250],[-508750,1711750],[-509250,1709750],[-505250,1707750],[-502250,1707750],[-499750,1709750],[-493250,1710250],[-490750,1709250],[-487250,1709250],[-484250,1707750],[-482750,1705750],[-482750,1702750],[-485250,1699750],[-486250,1700250],[-486750,1699250],[-488250,1699250],[-491250,1696750],[-493250,1696250],[-493750,1694250],[-494750,1694250],[-496250,1692750],[-496750,1690750],[-501750,1691750],[-501250,1689250],[-492250,1690250],[-490750,1687750],[-482750,1686250],[-473750,1690750],[-470250,1694250],[-470250,1695250],[-467750,1697750],[-467750,1698750],[-465250,1700750],[-465250,1701750],[-461250,1705250],[-460250,1705250],[-458750,1707250],[-454750,1709250],[-453250,1709250],[-451250,1710750],[-448750,1710750],[-447750,1711750],[-444250,1712250],[-440250,1712250],[-437750,1708750],[-437750,1703750],[-438750,1702750],[-439250,1699250],[-443750,1694250],[-444750,1694250],[-446250,1692750],[-447750,1689250],[-447250,1684750],[-450750,1677750],[-452250,1676250],[-452750,1673250],[-455750,1671250],[-458750,1671250],[-460250,1672250],[-462750,1671750],[-462750,1666750],[-460250,1667250],[-455250,1666250],[-453250,1663250],[-453250,1658750],[-452250,1658250],[-451750,1653750],[-453750,1653250],[-453750,1652250],[-455250,1652250],[-455250,1650750],[-453750,1649750],[-453750,1648250],[-457750,1646750],[-459250,1644750],[-459750,1642250],[-460750,1642250],[-460750,1641250],[-462250,1639750],[-464250,1639250],[-469250,1641750],[-470250,1643250],[-484750,1642250],[-491250,1644250],[-491750,1643250],[-494250,1642250],[-494250,1639750],[-497750,1639250],[-498250,1638250],[-500250,1638250],[-503250,1636750],[-505250,1636750],[-508250,1635250],[-509250,1633750],[-512250,1633250],[-512250,1632250],[-514250,1630250],[-515250,1630250],[-515250,1624250],[-513597,1621418],[-514742,1619726],[-513684,1618166],[-520410,1619270],[-532664,1618812],[-552330,1609178],[-580760,1596937],[-585460,1593050],[-588645,1591857],[-592166,1592824],[-592750,1596750],[-593750,1598250],[-593750,1601250],[-599250,1606250],[-599250,1607250],[-602750,1610250],[-602750,1611250],[-610750,1618250],[-610750,1619250],[-612250,1620250]],[[-573750,1799750],[-573750,1797250],[-571750,1797250],[-572250,1799750],[-573750,1799750]],[[-523750,1673250],[-525750,1670750],[-524250,1670750],[-523250,1671750],[-522250,1676250],[-523750,1674750],[-523750,1673250]],[[-378750,1919250],[-377750,1919750],[-377750,1920750],[-379250,1920750],[-378750,1919250]],[[-423750,1855750],[-422250,1855750],[-421250,1857250],[-423250,1856750],[-423750,1855750]],[[-496750,1841750],[-494750,1841750],[-493750,1842750],[-494250,1845750],[-495750,1845250],[-496750,1841750]],[[-478250,1834750],[-475750,1834750],[-474750,1835750],[-474750,1837250],[-477750,1836750],[-478250,1834750]],[[-480250,1831750],[-479750,1833250],[-481750,1833250],[-481750,1831750],[-480250,1831750]],[[-475250,1830750],[-474250,1830750],[-473750,1832750],[-475250,1832250],[-475250,1830750]]]]}},{"type":"Feature","properties":{"key":"Fimbul","name":"Fimbulisen","area_km2":40680.7,"lon":1.1952,"lat":-70.6001},"geometry":{"type":"MultiPolygon","coordinates":[[[[-78250,2029035],[-78250,2033750],[-79250,2034250],[-79250,2037250],[-80750,2039250],[-83250,2039750],[-85250,2038250],[-88250,2038750],[-88750,2041750],[-90250,2041750],[-90250,2043250],[-92250,2044250],[-92750,2046250],[-94750,2046750],[-94750,2048750],[-95750,2048750],[-95750,2050250],[-94750,2050250],[-95250,2051250],[-96250,2051250],[-96250,2047250],[-97250,2046250],[-100250,2046250],[-101020,2050146],[-103188,2050220],[-101759,2056653],[-99050,2061390],[-97250,2063250],[-95750,2063250],[-95750,2064250],[-93250,2064750],[-89750,2069250],[-89750,2072250],[-86750,2072750],[-86250,2074250],[-84750,2074750],[-83250,2076750],[-83750,2081750],[-84750,2082250],[-84750,2083250],[-82750,2084750],[-83250,2088750],[-82250,2090250],[-82250,2092250],[-77250,2094750],[-77750,2096250],[-76750,2096750],[-76750,2100250],[-78250,2102750],[-82750,2102750],[-84750,2101250],[-88750,2101250],[-88750,2100250],[-86250,2100750],[-86250,2099250],[-87250,2098750],[-89750,2098750],[-90250,2100250],[-96750,2099750],[-99750,2100750],[-100250,2103250],[-99250,2103250],[-97750,2105250],[-93250,2106750],[-91250,2108750],[-91250,2110250],[-90250,2111250],[-91750,2111750],[-91750,2109250],[-93250,2108750],[-93750,2111250],[-95750,2112250],[-96250,2113750],[-103750,2114250],[-112108,2116679],[-112229,2132250],[-105250,2133250],[-101250,2135750],[-101250,2155750],[-105750,2158250],[-104250,2158750],[-103750,2161250],[-102250,2162750],[-101250,2162750],[-99250,2165250],[-97250,2165750],[-94750,2168250],[-89250,2170750],[-87750,2172750],[-87250,2171750],[-85750,2171750],[-84750,2172750],[-84750,2170750],[-82750,2169250],[-83250,2167750],[-80250,2167250],[-79250,2167750],[-79250,2168750],[-82250,2171750],[-78750,2172250],[-78750,2170750],[-77250,2170750],[-77250,2172250],[-76250,2173250],[-72250,2173750],[-72250,2171250],[-73250,2169250],[-69750,2167750],[-67750,2168750],[-67750,2173250],[-69250,2175250],[-70750,2175250],[-70250,2177750],[-67250,2178250],[-69250,2178750],[-69250,2180750],[-68250,2180750],[-68250,2181750],[-64250,2182750],[-63250,2184750],[-60250,2183750],[-58250,2185750],[-57250,2185750],[-57250,2186750],[-53250,2186750],[-53250,2187750],[-50250,2187750],[-50250,2188750],[-49750,2187750],[-48750,2187750],[-48750,2185750],[-47250,2185750],[-47250,2189750],[-47750,2190750],[-48750,2190750],[-48750,2192750],[-49750,2192750],[-50250,2194250],[-49250,2195750],[-50750,2195750],[-50750,2194750],[-51750,2194750],[-55250,2196250],[-56250,2197750],[-56250,2199750],[-55250,2199750],[-55250,2201750],[-56250,2202250],[-53250,2203250],[-52750,2204250],[-55250,2204750],[-57750,2203250],[-60250,2203250],[-59750,2205750],[-57250,2205750],[-57250,2207750],[-56250,2207750],[-56250,2210750],[-55250,2210750],[-55250,2211750],[-57250,2211750],[-56750,2214250],[-58250,2214750],[-58250,2215750],[-57250,2215750],[-57250,2216750],[-56250,2216750],[-56250,2217750],[-54250,2218750],[-54250,2220750],[-52250,2221750],[-52250,2223750],[-51250,2223750],[-51250,2225750],[-50250,2225750],[-50250,2226750],[-47250,2226750],[-47250,2227750],[-46250,2227750],[-46250,2226750],[-42250,2226750],[-42250,2227750],[-43250,2227750],[-43250,2228750],[-42250,2228750],[-42250,2231750],[-41250,2231750],[-41250,2232750],[-39250,2232750],[-38250,2234750],[-26250,2234750],[-26250,2233750],[-24250,2233750],[-24250,2234750],[-23250,2234750],[-23250,2233750],[-20250,2233750],[-20250,2234750],[-18250,2234750],[-18250,2235750],[-15250,2235750],[-15250,2236750],[-11250,2236750],[-11250,2237750],[-7250,2237750],[-7250,2238750],[-1250,2238250],[2750,2237250],[2750,2236250],[3750,2236250],[3250,2231750],[4250,2230750],[4250,2228250],[5250,2226750],[4750,2224750],[5750,2222750],[5750,2217750],[6750,2217750],[6750,2212750],[5750,2212750],[5750,2211750],[7750,2211750],[7750,2204750],[8750,2204750],[8750,2211750],[9750,2211750],[9750,2213750],[11750,2213750],[11750,2208750],[10750,2208750],[10750,2202750],[11750,2202750],[11750,2205750],[12750,2205750],[12750,2206750],[14250,2206750],[15750,2204750],[15750,2201750],[13750,2197250],[13750,2195250],[12750,2194250],[12250,2189250],[11250,2188250],[10250,2184250],[11750,2185250],[11750,2183750],[12750,2183750],[12750,2185750],[14750,2185750],[13750,2187750],[15750,2188750],[15750,2190750],[17750,2191750],[17750,2193250],[19750,2193750],[19750,2194750],[23250,2196750],[25250,2196750],[29250,2194250],[32250,2194250],[33250,2193250],[35250,2193250],[36750,2194250],[45250,2193750],[45250,2192750],[42250,2192750],[42250,2191750],[40250,2191750],[41250,2190750],[40750,2189750],[38750,2189250],[39750,2188250],[37750,2187250],[35750,2182250],[36250,2170250],[37750,2167250],[38750,2166750],[39250,2164750],[40250,2164250],[40750,2162250],[41750,2161750],[41750,2159250],[43250,2157750],[43750,2149250],[44750,2149250],[45250,2150750],[45250,2155250],[47250,2158750],[48250,2158750],[48250,2164250],[49750,2165750],[49750,2166750],[52250,2168750],[54250,2175750],[55250,2176750],[54750,2186750],[56750,2186750],[57750,2189250],[59250,2189750],[59250,2191750],[60750,2192250],[61250,2194250],[64250,2197250],[66250,2196750],[67250,2199750],[69750,2198750],[71750,2199250],[73250,2198250],[75250,2198250],[78750,2195750],[78750,2194750],[80250,2193750],[80750,2190250],[79750,2185250],[80750,2185250],[81750,2188250],[83250,2189750],[85750,2189750],[85750,2187750],[86750,2186750],[86250,2180750],[87250,2178750],[88750,2178750],[88250,2177750],[91250,2176750],[92250,2174750],[94750,2173750],[95750,2173750],[95750,2175250],[98250,2174750],[98750,2175750],[101750,2175750],[104250,2177750],[108750,2176750],[109250,2178750],[112750,2178250],[114750,2180750],[114750,2178750],[113250,2178250],[111250,2175750],[112250,2175750],[113250,2177250],[114250,2177250],[113750,2176250],[115750,2176750],[118750,2179750],[121750,2178750],[127250,2178750],[128750,2182750],[130250,2183250],[132250,2182250],[134250,2183750],[135250,2183250],[137250,2184250],[141750,2183250],[141750,2180750],[142750,2179250],[143750,2179250],[143250,2178250],[142250,2178250],[143250,2175750],[144750,2175750],[144750,2176750],[147250,2176250],[149750,2177750],[150750,2177250],[151250,2178250],[152750,2177750],[152750,2175750],[156750,2175750],[156750,2172750],[155750,2171750],[155750,2169250],[154750,2168750],[154250,2163750],[152750,2161750],[153250,2160250],[152250,2159750],[152750,2157750],[154250,2158250],[152750,2156250],[152750,2150750],[153750,2143250],[155250,2140250],[155750,2136750],[158250,2133250],[162250,2131750],[165250,2131750],[169250,2133750],[171250,2137250],[171250,2140250],[172750,2145750],[172750,2150750],[171250,2160250],[169250,2160250],[170750,2161250],[170750,2163750],[180750,2163750],[184750,2165750],[186750,2165750],[186750,2166750],[190750,2168750],[193750,2168750],[196750,2170250],[198750,2170250],[199250,2172750],[202750,2173250],[202250,2170250],[203250,2170250],[203250,2168250],[204250,2167250],[203750,2165750],[204750,2165250],[204750,2162750],[206750,2159250],[206250,2155250],[208250,2150750],[212250,2146750],[216750,2146250],[218250,2147250],[219250,2149250],[218750,2152250],[215750,2158750],[215750,2160250],[214250,2161750],[214250,2163750],[213250,2164250],[210250,2170250],[210750,2174250],[212250,2174750],[211750,2176250],[212750,2177250],[215250,2177250],[215250,2178250],[214250,2178250],[214750,2180750],[216250,2179750],[216750,2181750],[217750,2181750],[219250,2180750],[223250,2180750],[224250,2179750],[226250,2179750],[226250,2178750],[227750,2178750],[228250,2177750],[229250,2177750],[229250,2176750],[231250,2176750],[231250,2177750],[234750,2177250],[236250,2172250],[237750,2172250],[238250,2170250],[239250,2169750],[238750,2168750],[237250,2170250],[237250,2167250],[235250,2167250],[235250,2166250],[237250,2165250],[239750,2160250],[241250,2158750],[243250,2158250],[243250,2157250],[244750,2156250],[247250,2156750],[247250,2157750],[248750,2159250],[248250,2164250],[246250,2166250],[247750,2166250],[248250,2168250],[253750,2168750],[251250,2169250],[253250,2170250],[249750,2170750],[249750,2172250],[248250,2172250],[247750,2174750],[262750,2176250],[266750,2175250],[270250,2176750],[272750,2176750],[273750,2177750],[275750,2177750],[275750,2173250],[273750,2172250],[276250,2172750],[277250,2168750],[276750,2163750],[278750,2160750],[280250,2161250],[279750,2159750],[281250,2159750],[281250,2157750],[280750,2156750],[279750,2156750],[280750,2152750],[279750,2151250],[279250,2138250],[281250,2131250],[281250,2129250],[280250,2128750],[280750,2127750],[282250,2127750],[283250,2126750],[283250,2124750],[284750,2123250],[284250,2121250],[282750,2121750],[283750,2117250],[281750,2116750],[281250,2115750],[277250,2116250],[277250,2115250],[273750,2114250],[271250,2114250],[269750,2115250],[265750,2113250],[262250,2113750],[263750,2114250],[264250,2115750],[260750,2116750],[259750,2116250],[259750,2115250],[258250,2115250],[258750,2113250],[256250,2113250],[254750,2114750],[253750,2114250],[253750,2113250],[255750,2112750],[255250,2111250],[256250,2110750],[256250,2109750],[253250,2109750],[252250,2110750],[252750,2112750],[248250,2111250],[245250,2112250],[243250,2114250],[241250,2114250],[240250,2113250],[243750,2113250],[243750,2112250],[239750,2112750],[239250,2111750],[236250,2110250],[234250,2111250],[229250,2110750],[228750,2111750],[226750,2111750],[226250,2112750],[220250,2113250],[215250,2111750],[210750,2111750],[210250,2110750],[207750,2109750],[206250,2109750],[204250,2112250],[202750,2112250],[202250,2113250],[200750,2113250],[200250,2111750],[196250,2111250],[192250,2111750],[190750,2114250],[185750,2113750],[185750,2112750],[188750,2113250],[189250,2112250],[187750,2112250],[188750,2110750],[187750,2110750],[186750,2112250],[185250,2112250],[184250,2109250],[181750,2108750],[180250,2107250],[178750,2107250],[177750,2105750],[173750,2106250],[173250,2105250],[170750,2104750],[169750,2105750],[168250,2105750],[168750,2104750],[167750,2104750],[167750,2105750],[163750,2105750],[162250,2104750],[162250,2103750],[160250,2104250],[160250,2102250],[158250,2100250],[154750,2100250],[154250,2101250],[152750,2100750],[152750,2101750],[150750,2101750],[148750,2100750],[149750,2100250],[148750,2099250],[147750,2099750],[146750,2098750],[145250,2098750],[145250,2099750],[142750,2099750],[142250,2097750],[141250,2097750],[142250,2098750],[142250,2099750],[141250,2099750],[139750,2097250],[137250,2097750],[135250,2095750],[130750,2095750],[129750,2094750],[125750,2094750],[122750,2095750],[122250,2094750],[118250,2094250],[118250,2093250],[116250,2092750],[115750,2091250],[110750,2091250],[109750,2092250],[106750,2091250],[102750,2091250],[100250,2092750],[100250,2091750],[98750,2091250],[96750,2092250],[94750,2090250],[90250,2090250],[89750,2088250],[87750,2086250],[82750,2086250],[82750,2085250],[80750,2084750],[80250,2083250],[78750,2082250],[75250,2082250],[70750,2080750],[69750,2079250],[65750,2077250],[64250,2077250],[63750,2076250],[61250,2075250],[61250,2074250],[60250,2074250],[57750,2071250],[54250,2070250],[53250,2068750],[50250,2068750],[49250,2066750],[47750,2066750],[46250,2065250],[43250,2065250],[42250,2066250],[42250,2064250],[40750,2064250],[38250,2062250],[36750,2062250],[32250,2058250],[28750,2058250],[26750,2055750],[23250,2054750],[20250,2051750],[19250,2051750],[18750,2049250],[13750,2044750],[13750,2038750],[12250,2038750],[8750,2034750],[7250,2028750],[1750,2027750],[-250,2025750],[-5250,2015750],[-7250,2014750],[-7750,2011750],[-8750,2011750],[-10250,2010250],[-11750,2006250],[-13250,2005250],[-13250,2003750],[-14250,2002750],[-13750,2001750],[-15750,2000750],[-17750,1996250],[-21750,1991750],[-26250,1983750],[-29750,1983750],[-31250,1991250],[-34250,1991250],[-36250,1989250],[-37750,1989750],[-37750,1997250],[-35750,1999250],[-34750,2003750],[-33250,2005250],[-32250,2005250],[-32250,2007250],[-34250,2008750],[-33750,2012750],[-32250,2014250],[-31250,2014250],[-29250,2024250],[-30250,2024750],[-30250,2026250],[-29750,2028250],[-28750,2028750],[-29750,2029750],[-29750,2031750],[-27750,2033750],[-27750,2038750],[-28750,2038250],[-30750,2040750],[-32250,2043750],[-32250,2045750],[-34250,2047750],[-35250,2050250],[-37250,2050750],[-39750,2053250],[-42250,2053750],[-41750,2054750],[-43250,2055250],[-44250,2050250],[-45750,2047250],[-47750,2046750],[-47250,2043750],[-46250,2043250],[-46250,2038250],[-47250,2037250],[-48250,2032250],[-50250,2030250],[-52750,2030750],[-54750,2032750],[-54750,2033750],[-55250,2032250],[-56750,2031250],[-58750,2033250],[-60250,2032750],[-60250,2033750],[-61750,2033750],[-61750,2034750],[-62750,2034750],[-62750,2032250],[-61750,2032750],[-61750,2031250],[-62750,2031750],[-64250,2030250],[-64250,2029250],[-67750,2029250],[-68250,2030250],[-69750,2029750],[-70250,2030750],[-71250,2030750],[-71250,2029250],[-73250,2027250],[-75750,2027250],[-78250,2029035]],[[-42250,2225750],[-41250,2225750],[-41250,2226750],[-42250,2226750],[-42250,2225750]],[[279750,2129250],[279250,2130250],[278250,2130250],[278750,2128750],[279750,2129250]],[[212750,2114250],[211750,2113750],[211750,2112750],[212750,2113250],[212750,2114250]],[[-25250,2006250],[-24250,2006750],[-24250,2007750],[-25750,2007250],[-25250,2006250]],[[73250,2119750],[76250,2117250],[78750,2117750],[79250,2120750],[78750,2122750],[77750,2122750],[75750,2125750],[74250,2125750],[72750,2124750],[72750,2121250],[73250,2119750]],[[43296,2147250],[42750,2146250],[41250,2145750],[43750,2145250],[44250,2146250],[43296,2147250]],[[7750,2201750],[8750,2201750],[8750,2202750],[7750,2202750],[7750,2201750]],[[9750,2199750],[10750,2199750],[10750,2201750],[9750,2201750],[9750,2199750]],[[10750,2181750],[11750,2181750],[11750,2182750],[10750,2182750],[10750,2181750]],[[-61750,2180750],[-58750,2180250],[-58750,2180750],[-61750,2180750]],[[113250,2146750],[110250,2143250],[105750,2141750],[103250,2138750],[100750,2137750],[100250,2136250],[97250,2134750],[96250,2131750],[96250,2126750],[97250,2124250],[99750,2122250],[107750,2121250],[109750,2122250],[109750,2123250],[111250,2123250],[112750,2125250],[114750,2125750],[115250,2127250],[117250,2127750],[117250,2128750],[118250,2129250],[121750,2137750],[121750,2145750],[119250,2148250],[115750,2148250],[114250,2146750],[113250,2146750]],[[280250,2126750],[281250,2125750],[282250,2126250],[281250,2127250],[280250,2126750]]]]}},{"type":"Feature","properties":{"key":"Brunt_Stancomb","name":"Brunt-Stancomb","area_km2":36190.6,"lon":-22.514,"lat":-74.9666},"geometry":{"type":"MultiPolygon","coordinates":[[[[-696750,1488750],[-695750,1488750],[-695750,1487750],[-694750,1487750],[-694750,1487250],[-693750,1486750],[-693750,1486250],[-695750,1486250],[-695750,1484750],[-696250,1484750],[-696250,1485250],[-697250,1485250],[-697250,1489750],[-696750,1489750],[-696750,1488750]]],[[[-688250,1374750],[-689250,1374750],[-689250,1376750],[-691250,1376750],[-691250,1377750],[-692250,1377750],[-692250,1378750],[-693250,1378750],[-694250,1380750],[-696250,1380750],[-696250,1381750],[-697250,1381750],[-698250,1383750],[-700250,1383750],[-700250,1384750],[-702250,1384750],[-702250,1385750],[-704250,1385750],[-704250,1386750],[-707250,1386750],[-707250,1387750],[-709250,1387750],[-709250,1388750],[-716250,1388750],[-716250,1387750],[-722250,1387750],[-722250,1388750],[-723250,1388750],[-724250,1390750],[-728250,1390750],[-728250,1391750],[-729250,1391750],[-729250,1399250],[-728250,1399250],[-727250,1402250],[-725250,1402250],[-725250,1405750],[-724250,1405750],[-724250,1407750],[-722250,1408750],[-722250,1410750],[-721250,1410750],[-719750,1412750],[-717750,1413250],[-716750,1415250],[-713250,1416750],[-712250,1418750],[-709250,1419750],[-709250,1420750],[-706750,1421250],[-706250,1422750],[-703750,1423750],[-705250,1424250],[-705250,1425750],[-704250,1425750],[-704250,1433750],[-703250,1433750],[-703250,1443750],[-701250,1444750],[-701250,1446750],[-700250,1446750],[-700250,1448750],[-699250,1448750],[-699250,1450250],[-697250,1450750],[-697250,1451750],[-695250,1452750],[-695250,1454750],[-694250,1454750],[-694250,1456750],[-693250,1456750],[-693250,1458750],[-692250,1458750],[-692250,1461750],[-691250,1461750],[-691250,1462750],[-692250,1462750],[-692250,1471750],[-693250,1471750],[-693250,1476750],[-694250,1476750],[-694250,1478750],[-695250,1478750],[-695250,1479750],[-697250,1480750],[-697250,1482250],[-693750,1481750],[-687750,1477250],[-684250,1476750],[-683250,1477750],[-682250,1476250],[-678250,1475750],[-671250,1472250],[-668250,1472250],[-666250,1474250],[-662250,1474750],[-661250,1475750],[-659750,1475750],[-658750,1474750],[-657750,1476250],[-653250,1476750],[-650750,1479750],[-649750,1479750],[-649750,1480750],[-653750,1478750],[-654750,1477250],[-656250,1477750],[-659250,1477250],[-659750,1476250],[-661750,1476250],[-661250,1477750],[-662250,1477750],[-663250,1476750],[-667250,1476750],[-669750,1474750],[-671250,1474750],[-677750,1479750],[-682250,1481750],[-687750,1487250],[-687750,1489750],[-690250,1492250],[-690750,1495250],[-692250,1496750],[-692250,1499750],[-693750,1499250],[-694250,1501250],[-695750,1502750],[-694750,1504250],[-693750,1504250],[-694250,1505750],[-696750,1505250],[-699250,1502250],[-699750,1503750],[-701250,1503250],[-701750,1504750],[-703750,1505750],[-703750,1504750],[-704750,1504750],[-704750,1502750],[-706750,1501750],[-707250,1502750],[-709750,1503250],[-711750,1504750],[-714250,1504750],[-715250,1506750],[-717250,1506750],[-717250,1507750],[-718250,1508250],[-717750,1510750],[-718750,1510750],[-720250,1513250],[-720250,1514250],[-718250,1516250],[-721250,1515750],[-723250,1514250],[-723250,1515750],[-722250,1515750],[-722250,1516750],[-721250,1516750],[-721250,1518750],[-720250,1518750],[-720250,1522750],[-721250,1522750],[-721250,1528750],[-723250,1528750],[-723250,1530750],[-724250,1530750],[-725250,1534750],[-726250,1534750],[-726250,1536750],[-727250,1536750],[-727250,1537750],[-729250,1539250],[-729250,1540750],[-731250,1540750],[-731250,1542750],[-733250,1543750],[-733250,1545750],[-735250,1545750],[-735250,1546750],[-736250,1546750],[-738250,1549250],[-740750,1549250],[-741250,1551750],[-742250,1551250],[-743750,1554250],[-745250,1554250],[-745750,1555250],[-748750,1554750],[-748750,1558750],[-750250,1558750],[-750250,1562750],[-751250,1562750],[-751250,1563750],[-752250,1563750],[-752250,1565750],[-753250,1565750],[-752250,1569750],[-751250,1569750],[-751250,1570750],[-749250,1571750],[-749250,1574750],[-747250,1574750],[-747250,1575750],[-746250,1575750],[-747250,1577750],[-746250,1577750],[-745250,1581750],[-744250,1581750],[-744250,1582750],[-743250,1582750],[-743250,1583750],[-741250,1584750],[-741250,1586750],[-737250,1587750],[-737250,1589750],[-735250,1589750],[-735250,1591750],[-734250,1591750],[-733250,1593750],[-730250,1593750],[-730250,1594750],[-729250,1594750],[-729250,1595750],[-728250,1595750],[-728250,1596750],[-727250,1596750],[-727250,1597750],[-725250,1598750],[-725250,1600750],[-723250,1600750],[-723250,1601750],[-722250,1601750],[-722250,1604750],[-719250,1605250],[-718750,1607250],[-712250,1612250],[-710250,1611750],[-710250,1610750],[-708250,1610750],[-708250,1611750],[-707250,1611750],[-706750,1612750],[-706750,1610750],[-705750,1610750],[-705750,1608750],[-704750,1608750],[-704750,1604750],[-703750,1604750],[-703750,1603750],[-701750,1603750],[-701750,1607250],[-700750,1606750],[-700250,1599750],[-699250,1599750],[-699750,1602250],[-698750,1603750],[-698250,1601750],[-696250,1600750],[-696250,1605750],[-697250,1605750],[-697250,1607750],[-694250,1607750],[-694250,1609750],[-691750,1609750],[-690750,1607750],[-689750,1607750],[-689750,1605750],[-688750,1605750],[-688750,1604750],[-687750,1604750],[-687750,1603750],[-685750,1602750],[-685750,1600750],[-684250,1599250],[-682250,1600250],[-681750,1597250],[-679750,1595250],[-677750,1594750],[-676750,1593750],[-676750,1592250],[-673750,1591750],[-673750,1589750],[-672750,1589250],[-672750,1587750],[-671250,1586750],[-669750,1586750],[-669250,1588250],[-670250,1590750],[-669750,1597750],[-669250,1598750],[-668250,1598750],[-669250,1600750],[-666250,1601250],[-665250,1600750],[-665250,1598750],[-662250,1598750],[-660250,1595750],[-658750,1595750],[-657250,1594250],[-653250,1593750],[-652250,1592250],[-646250,1590250],[-644250,1585250],[-642250,1586750],[-642250,1587750],[-640250,1587250],[-640250,1585750],[-639750,1584750],[-638750,1585250],[-638750,1582750],[-638250,1581750],[-637250,1582250],[-636250,1578250],[-635250,1577750],[-635750,1576750],[-634750,1576250],[-634750,1577750],[-633750,1577250],[-631750,1578750],[-635750,1583750],[-636750,1582750],[-635750,1586250],[-637750,1587750],[-637750,1588750],[-638750,1588250],[-639750,1590750],[-641750,1591250],[-642750,1592750],[-646250,1593750],[-646250,1594750],[-647250,1594750],[-647750,1595750],[-648250,1598750],[-649250,1599250],[-648250,1602750],[-647250,1602750],[-646250,1604750],[-644250,1605250],[-644250,1609250],[-645750,1610250],[-645750,1611750],[-648750,1612750],[-646750,1614750],[-639250,1618750],[-631750,1619250],[-629750,1618250],[-628750,1618750],[-623250,1617250],[-617750,1612250],[-617250,1610250],[-615750,1609250],[-614250,1604250],[-612250,1602750],[-610250,1598250],[-608250,1596750],[-607750,1593750],[-604750,1587750],[-600750,1585750],[-596250,1585750],[-592250,1586750],[-591250,1588750],[-591750,1592710],[-588645,1591857],[-585460,1593050],[-580760,1596937],[-552330,1609178],[-532664,1618812],[-520410,1619270],[-513684,1618166],[-514592,1618855],[-514742,1619726],[-513250,1621750],[-514250,1618750],[-513250,1618750],[-513250,1617250],[-512250,1617250],[-510750,1614750],[-511250,1610750],[-509750,1606750],[-512250,1604250],[-512750,1599750],[-513750,1598750],[-515250,1598750],[-516750,1597250],[-516750,1595750],[-516250,1593750],[-513750,1592250],[-514250,1590250],[-510750,1588750],[-510750,1585250],[-508250,1584250],[-508250,1581750],[-509250,1581250],[-509250,1580250],[-510750,1579750],[-510750,1577750],[-511750,1577250],[-512250,1575250],[-512250,1570750],[-513250,1569250],[-514750,1568750],[-514750,1567750],[-513250,1567250],[-512750,1565250],[-511750,1564750],[-511750,1563250],[-514250,1561250],[-513750,1558750],[-514250,1557750],[-516250,1557750],[-518250,1555750],[-521250,1555750],[-521250,1552750],[-520250,1552750],[-518750,1550250],[-519250,1546750],[-517750,1546250],[-517250,1544250],[-515750,1543250],[-516750,1536750],[-519250,1535750],[-518250,1528750],[-519250,1526750],[-521250,1526750],[-521250,1524750],[-518250,1523250],[-515750,1523750],[-514750,1521750],[-512750,1521750],[-511250,1520750],[-511250,1518750],[-512750,1518250],[-512750,1516750],[-506250,1512250],[-506250,1511250],[-504250,1509250],[-504250,1505750],[-506250,1505250],[-506750,1504250],[-509750,1502750],[-515750,1503250],[-515250,1502250],[-512750,1502250],[-511750,1500750],[-513250,1500250],[-516750,1496750],[-522250,1495750],[-520750,1492750],[-520750,1490750],[-522750,1490250],[-523750,1488250],[-526750,1487750],[-530750,1490750],[-531750,1484750],[-534250,1484250],[-537750,1485250],[-538750,1486250],[-542250,1486250],[-544750,1487250],[-547250,1484750],[-550250,1484250],[-551250,1485250],[-551250,1486750],[-553250,1486250],[-553750,1484250],[-554750,1484250],[-554250,1483250],[-555250,1482750],[-555250,1481750],[-558750,1478750],[-558750,1475250],[-557250,1474250],[-557250,1472750],[-556250,1472750],[-555250,1470750],[-553750,1470250],[-553750,1468750],[-555750,1468750],[-555750,1469750],[-557250,1469750],[-557750,1466250],[-558750,1465750],[-558250,1464750],[-561750,1464250],[-561250,1462250],[-562250,1461750],[-562250,1459250],[-563750,1459250],[-563250,1457750],[-562250,1457750],[-563250,1455250],[-566750,1454750],[-566250,1453750],[-567250,1453750],[-567750,1452750],[-569250,1452750],[-569250,1453750],[-572250,1454750],[-576250,1454250],[-576250,1452750],[-578250,1452750],[-578750,1449250],[-585750,1447750],[-585750,1446750],[-587250,1446250],[-589750,1446750],[-590250,1445250],[-594250,1445250],[-594250,1446250],[-592250,1447750],[-593250,1450750],[-594750,1450750],[-597250,1447750],[-599250,1447750],[-599250,1446750],[-601250,1447250],[-601750,1446250],[-600750,1445750],[-600750,1443250],[-601250,1442250],[-603750,1441750],[-603250,1440250],[-604750,1440250],[-606250,1437250],[-609750,1437750],[-610750,1436250],[-612750,1435750],[-612750,1434250],[-614750,1433250],[-614750,1431250],[-617250,1430250],[-618750,1427750],[-620250,1427750],[-621750,1425750],[-623750,1425250],[-624250,1424250],[-625250,1424250],[-625250,1423250],[-626750,1423250],[-628250,1421750],[-630250,1422250],[-630750,1420750],[-631750,1420750],[-633750,1418250],[-635250,1418250],[-635250,1417250],[-637250,1417250],[-640250,1414250],[-639750,1413250],[-641250,1413250],[-641250,1412250],[-643250,1412250],[-642750,1411250],[-644250,1408250],[-645750,1407750],[-647250,1406250],[-647250,1405250],[-648250,1405250],[-649750,1403250],[-651750,1402750],[-651250,1401750],[-653250,1400250],[-652750,1397750],[-654250,1396750],[-654250,1395750],[-657250,1395250],[-659750,1392250],[-660750,1392250],[-661250,1391250],[-663250,1390750],[-663250,1389750],[-665750,1388750],[-665750,1385250],[-667250,1385250],[-666250,1384250],[-669250,1384250],[-669250,1383250],[-671250,1382750],[-672250,1380250],[-672250,1375250],[-673250,1375250],[-673750,1373750],[-674750,1373750],[-676250,1372250],[-676250,1366750],[-677750,1366250],[-678250,1367250],[-678250,1365250],[-679750,1364750],[-679750,1363750],[-678750,1363750],[-679750,1363250],[-679250,1362250],[-681250,1361750],[-681250,1362750],[-682250,1362750],[-682250,1364750],[-683250,1364750],[-683250,1367750],[-684250,1367750],[-684250,1368750],[-685250,1368750],[-685250,1369750],[-687250,1371250],[-687250,1373750],[-688250,1373750],[-688250,1374750]],[[-669250,1596750],[-668250,1596750],[-668250,1597750],[-669250,1597750],[-669250,1596750]],[[-634750,1585250],[-635750,1584250],[-633750,1583750],[-634750,1585250]],[[-623250,1569750],[-622250,1569750],[-622250,1568750],[-617250,1563750],[-616250,1564250],[-615750,1563250],[-614750,1563250],[-617250,1566250],[-617250,1568250],[-618750,1569250],[-618750,1570750],[-619750,1571250],[-620250,1573250],[-626250,1577750],[-626250,1575750],[-625250,1575750],[-625250,1573750],[-623250,1569750]],[[-630750,1576250],[-632250,1574750],[-630750,1573250],[-630750,1576250]],[[-699750,1508750],[-700750,1508750],[-700750,1507750],[-699750,1507750],[-699750,1508750]]],[[[-635250,1580250],[-635750,1580250],[-635750,1581250],[-636250,1581250],[-636250,1582750],[-635250,1582750],[-635250,1580250]]],[[[-592166,1592824],[-591896,1592750],[-592250,1593128],[-592166,1592824]]]]}},{"type":"Feature","properties":{"key":"Getz","name":"Getz","area_km2":33280.9,"lon":-124.4281,"lat":-74.4811},"geometry":{"type":"MultiPolygon","coordinates":[[[[-1297250,-1108250],[-1297250,-1107250],[-1296250,-1107250],[-1296250,-1108250],[-1297250,-1108250]]],[[[-1460250,-1025750],[-1458250,-1025250],[-1458250,-1027250],[-1457250,-1026250],[-1457250,-1027750],[-1458250,-1027750],[-1457750,-1029250],[-1456750,-1028750],[-1455250,-1029750],[-1458750,-1030750],[-1459750,-1032750],[-1462750,-1033250],[-1463250,-1034250],[-1463250,-1036250],[-1462250,-1037250],[-1462750,-1038250],[-1464250,-1036250],[-1464250,-1034750],[-1463250,-1033750],[-1463250,-1029250],[-1465250,-1027750],[-1466250,-1021250],[-1467250,-1020750],[-1468750,-1015250],[-1468250,-1012750],[-1466250,-1013250],[-1466250,-1012250],[-1465250,-1011750],[-1465250,-1010750],[-1466750,-1009750],[-1466750,-1008250],[-1465750,-1008250],[-1465750,-1009750],[-1464250,-1010750],[-1463750,-1012250],[-1464750,-1013250],[-1464750,-1014750],[-1465750,-1013750],[-1466750,-1015750],[-1465750,-1016750],[-1465750,-1018750],[-1464750,-1020250],[-1464750,-1024750],[-1463750,-1025750],[-1461750,-1024750],[-1460750,-1026750],[-1460250,-1025750]],[[-1458750,-1026250],[-1459750,-1027750],[-1458750,-1028250],[-1458750,-1026250]]],[[[-1450750,-934750],[-1448750,-934750],[-1448250,-936750],[-1446750,-936250],[-1445750,-937750],[-1443250,-937750],[-1441750,-935750],[-1440750,-936250],[-1439750,-935250],[-1439250,-931750],[-1437750,-930250],[-1438250,-924250],[-1437250,-920250],[-1439750,-917250],[-1441250,-916750],[-1441250,-915250],[-1440250,-915250],[-1440250,-914250],[-1439250,-914250],[-1438250,-912250],[-1439750,-910250],[-1440250,-907250],[-1442250,-906250],[-1443250,-902250],[-1444750,-901750],[-1446250,-899250],[-1448250,-899250],[-1449750,-897750],[-1452750,-896750],[-1458250,-890750],[-1459750,-890750],[-1462750,-886750],[-1466250,-884750],[-1467750,-882250],[-1472750,-882750],[-1472750,-887250],[-1475750,-888750],[-1475750,-891250],[-1480750,-891250],[-1481750,-892250],[-1482250,-891250],[-1483250,-891250],[-1483250,-892250],[-1482250,-892750],[-1482750,-894250],[-1485250,-893250],[-1485250,-891750],[-1486750,-892250],[-1488750,-890750],[-1487750,-889750],[-1487750,-886750],[-1486250,-885250],[-1486250,-883250],[-1485250,-882250],[-1485750,-880750],[-1487750,-880750],[-1488250,-883250],[-1490250,-885250],[-1491250,-885250],[-1493250,-887250],[-1493250,-888250],[-1496750,-886750],[-1498750,-886750],[-1501250,-884250],[-1502250,-884250],[-1502750,-885250],[-1505750,-884250],[-1505750,-883250],[-1507250,-882750],[-1513250,-882750],[-1513750,-885750],[-1517250,-886250],[-1517750,-888750],[-1517250,-890750],[-1516250,-890750],[-1517250,-894750],[-1519750,-895250],[-1519750,-896250],[-1520750,-896250],[-1521250,-895250],[-1525250,-894750],[-1527250,-895250],[-1527750,-896750],[-1529250,-896750],[-1528250,-894750],[-1526750,-894250],[-1527250,-887250],[-1528250,-886750],[-1527750,-885750],[-1528250,-884250],[-1529250,-884250],[-1529250,-882250],[-1532250,-882750],[-1539250,-875250],[-1542250,-875750],[-1543250,-873750],[-1544750,-872750],[-1544750,-870250],[-1547250,-868250],[-1547250,-867250],[-1548250,-867250],[-1548750,-865250],[-1549750,-865250],[-1549750,-862250],[-1548750,-860250],[-1548750,-862750],[-1547750,-863750],[-1548250,-865250],[-1545750,-867750],[-1545750,-868750],[-1544250,-869250],[-1543750,-872250],[-1542250,-873250],[-1542250,-874250],[-1538250,-874750],[-1538250,-875750],[-1536750,-876250],[-1532750,-880750],[-1531250,-879750],[-1533250,-878750],[-1533250,-876750],[-1529750,-876250],[-1528250,-874250],[-1527250,-874250],[-1526750,-872750],[-1524250,-872250],[-1522750,-870750],[-1522750,-869750],[-1519250,-870250],[-1518250,-869250],[-1518250,-868250],[-1520250,-867750],[-1519750,-865750],[-1516250,-866250],[-1515750,-867250],[-1512750,-867250],[-1511750,-866250],[-1510250,-868250],[-1507750,-868750],[-1506250,-867750],[-1505750,-864750],[-1503250,-864250],[-1502250,-863250],[-1504750,-859750],[-1505250,-861250],[-1507250,-861250],[-1507250,-859250],[-1508250,-859250],[-1508750,-858250],[-1511750,-856750],[-1515750,-856250],[-1516750,-854250],[-1520250,-853750],[-1522750,-851750],[-1524750,-851750],[-1524750,-850750],[-1525750,-850250],[-1535750,-849750],[-1535750,-851250],[-1536750,-850750],[-1536750,-851750],[-1540250,-850750],[-1541250,-851250],[-1541250,-852250],[-1543750,-852750],[-1543250,-851250],[-1540250,-850250],[-1539250,-848250],[-1539250,-847250],[-1540250,-846750],[-1540250,-843750],[-1539250,-842250],[-1538750,-833750],[-1539250,-830250],[-1540250,-828750],[-1539750,-826750],[-1540750,-825250],[-1540750,-823250],[-1541750,-822250],[-1541750,-819750],[-1543250,-818750],[-1543250,-815250],[-1544250,-815250],[-1544250,-813250],[-1545250,-813250],[-1545250,-809250],[-1546250,-808250],[-1546250,-806250],[-1547250,-805750],[-1546750,-804250],[-1547750,-804250],[-1547750,-803250],[-1548750,-802750],[-1546750,-801250],[-1546750,-800250],[-1545750,-800250],[-1544250,-798750],[-1540250,-797750],[-1537250,-794750],[-1535750,-791750],[-1535750,-789250],[-1537250,-786250],[-1538250,-785750],[-1538750,-783750],[-1540250,-782250],[-1541250,-782250],[-1541250,-781250],[-1543250,-780750],[-1545750,-778250],[-1545750,-776750],[-1547250,-775750],[-1553250,-775250],[-1558750,-776250],[-1559250,-779250],[-1571250,-778250],[-1574250,-775750],[-1577750,-775750],[-1573750,-775250],[-1573750,-774250],[-1571750,-773250],[-1570750,-770250],[-1569750,-770250],[-1569750,-768250],[-1568750,-768250],[-1568750,-765250],[-1567750,-765250],[-1567750,-763250],[-1566750,-762750],[-1566750,-759750],[-1565750,-758250],[-1565250,-754750],[-1566250,-744250],[-1567750,-743250],[-1567750,-741250],[-1568750,-741250],[-1568750,-739750],[-1570750,-739250],[-1571750,-737250],[-1572750,-737250],[-1573250,-738250],[-1574750,-738250],[-1574750,-737250],[-1573750,-736250],[-1570750,-736250],[-1569750,-737250],[-1568250,-736250],[-1568250,-735250],[-1564250,-734250],[-1559250,-728750],[-1558250,-728750],[-1554750,-725250],[-1553750,-725250],[-1552750,-723250],[-1551250,-723250],[-1549250,-721750],[-1548250,-717750],[-1543750,-716250],[-1543250,-714250],[-1539750,-712250],[-1538250,-712250],[-1537750,-715750],[-1536750,-715750],[-1536750,-716750],[-1534250,-716750],[-1534250,-718750],[-1532750,-719750],[-1532750,-720750],[-1529750,-722250],[-1530250,-723250],[-1531250,-723250],[-1531250,-724750],[-1529750,-725250],[-1529750,-727250],[-1533750,-727750],[-1533750,-728750],[-1532750,-729750],[-1529750,-729750],[-1529250,-728750],[-1526750,-728750],[-1525250,-729750],[-1524750,-735750],[-1525750,-738750],[-1531250,-745250],[-1534250,-745750],[-1533250,-746750],[-1533250,-748250],[-1528250,-748750],[-1526750,-747750],[-1526750,-746750],[-1525250,-746750],[-1525250,-745250],[-1521750,-744750],[-1519250,-748750],[-1519250,-751750],[-1517750,-751750],[-1517750,-752750],[-1516750,-752250],[-1514250,-755250],[-1511750,-755750],[-1511250,-757750],[-1509250,-757750],[-1507750,-759250],[-1505750,-762750],[-1506250,-764250],[-1504750,-765750],[-1505250,-766750],[-1504250,-768250],[-1504250,-770750],[-1502750,-772250],[-1502750,-775750],[-1501250,-777250],[-1501250,-781250],[-1502250,-783750],[-1499250,-786250],[-1499250,-787250],[-1497250,-788750],[-1496250,-790750],[-1497250,-792250],[-1499750,-793250],[-1499250,-794250],[-1502250,-794750],[-1503250,-795750],[-1503750,-797250],[-1501250,-796750],[-1501250,-797750],[-1503250,-798250],[-1504250,-799750],[-1505750,-800250],[-1514250,-800250],[-1516250,-802250],[-1516250,-803250],[-1519250,-805750],[-1519250,-807250],[-1513750,-807250],[-1509750,-809250],[-1509250,-811250],[-1507250,-813250],[-1506250,-813250],[-1506250,-814250],[-1502750,-818250],[-1501250,-818250],[-1500250,-819750],[-1497250,-818750],[-1496250,-820250],[-1495250,-820250],[-1495750,-821250],[-1496750,-820750],[-1496750,-822250],[-1495750,-822750],[-1490250,-822250],[-1489750,-821250],[-1488250,-821250],[-1488250,-822750],[-1486750,-823250],[-1486250,-826250],[-1483250,-826250],[-1479750,-824250],[-1481250,-821250],[-1483750,-818750],[-1485250,-811250],[-1483750,-811250],[-1483250,-809250],[-1481250,-809250],[-1480750,-810250],[-1476250,-809250],[-1474750,-811250],[-1473750,-810750],[-1472250,-811750],[-1471750,-814750],[-1469750,-816750],[-1468250,-820750],[-1467250,-821750],[-1463750,-822250],[-1461250,-824250],[-1461750,-827750],[-1460750,-827750],[-1460750,-828750],[-1458750,-828750],[-1457250,-830250],[-1455250,-830250],[-1455250,-831750],[-1454250,-831750],[-1451250,-834750],[-1449750,-834750],[-1449750,-835750],[-1448250,-836250],[-1448250,-837250],[-1447250,-837250],[-1447250,-839750],[-1448750,-840250],[-1448750,-841750],[-1447250,-842250],[-1447250,-843250],[-1444250,-845250],[-1444750,-846750],[-1442750,-846250],[-1442750,-847750],[-1439250,-848750],[-1437250,-850250],[-1436750,-852250],[-1435750,-851250],[-1435750,-852750],[-1432250,-853750],[-1431250,-855250],[-1430250,-855250],[-1430250,-856250],[-1428750,-856750],[-1428250,-859250],[-1429250,-859250],[-1429750,-860750],[-1427750,-860250],[-1427750,-861250],[-1424250,-861750],[-1424250,-865250],[-1425250,-865750],[-1425250,-866750],[-1423750,-867250],[-1423250,-868750],[-1420250,-868750],[-1420250,-869750],[-1417750,-871750],[-1417750,-872750],[-1416750,-872750],[-1416750,-875750],[-1415750,-875750],[-1415750,-873750],[-1414750,-873750],[-1413750,-875750],[-1412250,-875750],[-1410250,-880750],[-1410750,-882750],[-1411750,-883250],[-1411750,-884750],[-1409250,-884750],[-1408750,-885750],[-1407750,-885750],[-1408250,-887750],[-1405750,-886750],[-1404250,-888250],[-1403750,-891750],[-1405750,-893250],[-1405750,-894250],[-1399250,-897250],[-1399250,-898750],[-1398250,-899750],[-1398750,-901750],[-1397750,-902750],[-1395750,-903250],[-1395250,-904250],[-1393750,-903750],[-1390250,-906250],[-1390250,-910250],[-1392250,-911750],[-1391750,-915250],[-1390250,-915250],[-1388750,-916750],[-1386250,-916750],[-1384250,-918750],[-1384250,-919750],[-1381750,-922250],[-1380750,-922250],[-1379250,-924750],[-1378250,-924750],[-1377750,-926750],[-1373250,-929750],[-1372750,-931750],[-1373750,-933750],[-1373750,-936250],[-1375250,-937250],[-1374750,-939750],[-1375250,-940750],[-1376250,-940750],[-1375250,-941250],[-1376250,-945250],[-1374750,-947250],[-1372750,-946750],[-1373250,-948250],[-1371250,-949250],[-1368750,-952250],[-1367750,-952250],[-1368250,-956250],[-1367250,-958250],[-1365750,-959250],[-1365250,-961250],[-1363250,-962750],[-1362250,-965250],[-1358250,-967250],[-1357750,-969250],[-1355750,-970750],[-1355750,-972250],[-1354750,-973250],[-1355750,-973750],[-1355250,-975750],[-1353250,-975250],[-1350750,-976250],[-1350250,-977250],[-1348750,-977250],[-1347250,-978750],[-1347250,-980250],[-1345250,-980250],[-1342250,-983750],[-1342750,-984750],[-1340750,-986250],[-1339750,-988250],[-1340250,-990250],[-1338750,-990250],[-1338750,-992250],[-1337750,-993750],[-1338750,-997250],[-1337750,-998250],[-1335750,-997250],[-1335750,-998750],[-1334250,-998750],[-1333250,-1000250],[-1334750,-1003250],[-1336750,-1003250],[-1336250,-1005750],[-1334750,-1004250],[-1334750,-1006250],[-1335750,-1006750],[-1334250,-1007750],[-1334250,-1008750],[-1331750,-1008750],[-1331250,-1009750],[-1332250,-1010250],[-1331250,-1012250],[-1329750,-1013750],[-1326750,-1014750],[-1325250,-1016750],[-1324250,-1016750],[-1324250,-1017750],[-1322750,-1017750],[-1318250,-1023750],[-1318250,-1024750],[-1317250,-1024250],[-1315250,-1026750],[-1314250,-1026750],[-1314750,-1025750],[-1312250,-1026250],[-1311250,-1028250],[-1310250,-1027250],[-1309750,-1029250],[-1307250,-1029750],[-1306750,-1031750],[-1304750,-1032250],[-1304750,-1034250],[-1302750,-1036250],[-1301750,-1036250],[-1301250,-1034750],[-1298750,-1035250],[-1298750,-1036250],[-1296750,-1035250],[-1293750,-1036250],[-1293250,-1038250],[-1291750,-1038250],[-1291250,-1039750],[-1290250,-1039750],[-1290250,-1041250],[-1289250,-1041750],[-1288250,-1044250],[-1286250,-1044750],[-1286250,-1045750],[-1284250,-1047750],[-1281750,-1047250],[-1280750,-1048750],[-1278750,-1049250],[-1278750,-1050750],[-1276750,-1050250],[-1276250,-1051250],[-1275250,-1051250],[-1274250,-1052250],[-1274750,-1054250],[-1273250,-1055750],[-1271750,-1055250],[-1271750,-1056250],[-1269750,-1057750],[-1268250,-1056750],[-1267250,-1057750],[-1265250,-1057750],[-1265250,-1058750],[-1264250,-1058250],[-1262750,-1059250],[-1262750,-1060250],[-1261250,-1061250],[-1261750,-1062250],[-1260750,-1062750],[-1261250,-1064750],[-1260250,-1065250],[-1260250,-1066250],[-1258750,-1065750],[-1258750,-1069750],[-1257250,-1069750],[-1257750,-1072250],[-1256750,-1073750],[-1257250,-1075250],[-1255750,-1079750],[-1256250,-1083750],[-1255250,-1083750],[-1256250,-1084750],[-1255250,-1085250],[-1254750,-1084250],[-1253750,-1084250],[-1253750,-1085250],[-1254750,-1085750],[-1252750,-1086250],[-1252250,-1087750],[-1250250,-1087250],[-1249750,-1089750],[-1248750,-1089250],[-1246250,-1090250],[-1245750,-1091750],[-1244250,-1093250],[-1242750,-1093250],[-1241750,-1095250],[-1240250,-1096250],[-1239250,-1098250],[-1239250,-1101250],[-1240250,-1101250],[-1240250,-1103250],[-1238750,-1104250],[-1238250,-1109250],[-1237250,-1109750],[-1236750,-1112750],[-1235250,-1114250],[-1229250,-1114250],[-1220750,-1116250],[-1219750,-1118250],[-1222250,-1120250],[-1219250,-1120750],[-1217750,-1122750],[-1217750,-1124250],[-1215750,-1126250],[-1216250,-1128750],[-1218250,-1129750],[-1209750,-1131250],[-1208750,-1133250],[-1206250,-1133250],[-1205250,-1134750],[-1201750,-1136250],[-1200750,-1137250],[-1200750,-1139250],[-1199750,-1139250],[-1199750,-1137750],[-1198250,-1137750],[-1194250,-1139750],[-1194250,-1141250],[-1195250,-1142250],[-1190250,-1142250],[-1189750,-1140750],[-1187750,-1140750],[-1186750,-1139250],[-1184750,-1138750],[-1181750,-1135250],[-1174750,-1131750],[-1173250,-1131750],[-1173250,-1133750],[-1177250,-1139750],[-1178250,-1139750],[-1182250,-1143250],[-1189250,-1146750],[-1189250,-1147750],[-1187750,-1147750],[-1187250,-1148750],[-1187750,-1153750],[-1184250,-1153250],[-1182250,-1150750],[-1180250,-1150250],[-1180750,-1153250],[-1178750,-1153750],[-1177750,-1156250],[-1178750,-1162750],[-1180250,-1162750],[-1179750,-1164250],[-1181750,-1165250],[-1181250,-1166250],[-1184250,-1168250],[-1183750,-1170250],[-1184750,-1173750],[-1188250,-1173750],[-1188750,-1174750],[-1194750,-1175250],[-1195250,-1176250],[-1196750,-1176250],[-1196250,-1177250],[-1197250,-1177250],[-1197750,-1178750],[-1195250,-1179750],[-1194750,-1182250],[-1195750,-1182750],[-1196250,-1181250],[-1201250,-1181250],[-1201250,-1182250],[-1202250,-1182250],[-1202250,-1184250],[-1203750,-1184250],[-1205750,-1183250],[-1206250,-1181250],[-1209750,-1181250],[-1209750,-1180250],[-1211750,-1179750],[-1213250,-1176750],[-1214750,-1177250],[-1215750,-1175750],[-1220250,-1174250],[-1220250,-1172250],[-1223250,-1172250],[-1223250,-1171250],[-1225250,-1170250],[-1225250,-1168250],[-1227250,-1168250],[-1228250,-1166250],[-1230250,-1166250],[-1230250,-1165250],[-1231250,-1165250],[-1231250,-1162250],[-1235250,-1162250],[-1235250,-1161250],[-1238250,-1161250],[-1239250,-1159250],[-1246250,-1159250],[-1246250,-1156250],[-1244750,-1155750],[-1245250,-1149250],[-1246750,-1148750],[-1248250,-1146750],[-1250250,-1146250],[-1250250,-1145250],[-1251250,-1144750],[-1252250,-1144750],[-1252250,-1145750],[-1257250,-1146250],[-1258750,-1147250],[-1259250,-1148750],[-1259250,-1147250],[-1260250,-1147250],[-1260250,-1144250],[-1262250,-1142750],[-1261250,-1140750],[-1261250,-1138250],[-1258750,-1135750],[-1259250,-1132750],[-1260250,-1132250],[-1259250,-1126250],[-1263250,-1123250],[-1264250,-1119750],[-1265750,-1118750],[-1265250,-1114250],[-1266750,-1112250],[-1266250,-1109750],[-1267750,-1106750],[-1275250,-1107750],[-1275750,-1108750],[-1279250,-1109750],[-1281750,-1112250],[-1284250,-1113250],[-1284750,-1115250],[-1286250,-1116750],[-1288250,-1116250],[-1288250,-1117250],[-1289750,-1117750],[-1290250,-1116750],[-1292250,-1116250],[-1292250,-1114250],[-1294250,-1114250],[-1294250,-1111250],[-1296250,-1110250],[-1296250,-1108250],[-1295250,-1108250],[-1295250,-1107250],[-1296250,-1107250],[-1296250,-1105250],[-1297250,-1105250],[-1297250,-1104250],[-1299250,-1104250],[-1299250,-1103250],[-1300250,-1103250],[-1300250,-1101250],[-1302250,-1101250],[-1302250,-1100250],[-1303250,-1100250],[-1303250,-1098250],[-1304250,-1098250],[-1304250,-1095250],[-1305250,-1095250],[-1305250,-1093250],[-1306250,-1093250],[-1307250,-1091250],[-1309250,-1091250],[-1309250,-1090250],[-1311250,-1089250],[-1311250,-1087250],[-1312250,-1087250],[-1313250,-1083250],[-1314250,-1083250],[-1314250,-1082250],[-1316250,-1081250],[-1316250,-1079250],[-1317250,-1079250],[-1318250,-1077250],[-1322250,-1076250],[-1323250,-1074250],[-1325250,-1074250],[-1326250,-1072250],[-1330250,-1072250],[-1330250,-1071250],[-1332250,-1071250],[-1332250,-1070250],[-1334250,-1070250],[-1334250,-1069250],[-1336250,-1069250],[-1336250,-1068250],[-1339250,-1068250],[-1339250,-1067250],[-1341250,-1066250],[-1341250,-1064250],[-1342250,-1064250],[-1343250,-1062250],[-1345250,-1062250],[-1345250,-1061250],[-1347250,-1060250],[-1344250,-1057250],[-1344250,-1056250],[-1343250,-1056250],[-1341750,-1054750],[-1337750,-1046750],[-1334750,-1046750],[-1333750,-1043750],[-1332750,-1043250],[-1331750,-1038750],[-1332750,-1032750],[-1332250,-1026750],[-1331250,-1024250],[-1330250,-1023750],[-1331250,-1021250],[-1334750,-1020750],[-1336250,-1019250],[-1341750,-1019250],[-1342750,-1020250],[-1344750,-1020250],[-1346750,-1023250],[-1349250,-1022750],[-1353250,-1023750],[-1353250,-1024750],[-1354250,-1025250],[-1354750,-1031750],[-1353750,-1031750],[-1353250,-1032750],[-1353750,-1034250],[-1354750,-1034250],[-1354750,-1035250],[-1353750,-1035750],[-1353250,-1038250],[-1353250,-1050750],[-1351750,-1055250],[-1349250,-1058750],[-1352250,-1058750],[-1356250,-1056750],[-1361750,-1056750],[-1362250,-1057750],[-1371750,-1057750],[-1374250,-1058750],[-1377250,-1058750],[-1382250,-1061750],[-1387750,-1061250],[-1387750,-1062250],[-1389750,-1062250],[-1390750,-1064250],[-1393750,-1064250],[-1393750,-1065250],[-1399750,-1065250],[-1404750,-1067750],[-1406250,-1067750],[-1406750,-1068750],[-1408750,-1069250],[-1407250,-1073750],[-1409250,-1074250],[-1409750,-1075250],[-1413250,-1075750],[-1413250,-1076750],[-1415250,-1077250],[-1416250,-1079250],[-1418750,-1078750],[-1418750,-1077750],[-1417250,-1078250],[-1417250,-1076250],[-1414750,-1075250],[-1414250,-1073750],[-1412250,-1073750],[-1412250,-1072750],[-1413750,-1072250],[-1411750,-1071750],[-1412250,-1067250],[-1414750,-1061250],[-1417250,-1058750],[-1418750,-1054750],[-1419750,-1054250],[-1419750,-1052750],[-1422750,-1051250],[-1420750,-1050250],[-1420250,-1048750],[-1421750,-1046750],[-1422750,-1041750],[-1422750,-1032750],[-1421250,-1032750],[-1419750,-1031250],[-1419750,-1024250],[-1418750,-1021750],[-1416750,-1021250],[-1416750,-1018750],[-1415750,-1018250],[-1417250,-1017250],[-1417750,-1011750],[-1419250,-1010750],[-1418750,-1004250],[-1420250,-1003250],[-1420250,-1001250],[-1418250,-999250],[-1415750,-999750],[-1414750,-998750],[-1414250,-996250],[-1415250,-995250],[-1415250,-992750],[-1414250,-991250],[-1414250,-987750],[-1415250,-987750],[-1415750,-986750],[-1415250,-981750],[-1417750,-979750],[-1419250,-979750],[-1419750,-978250],[-1422250,-976750],[-1424750,-970250],[-1426750,-970750],[-1426250,-969750],[-1427250,-968750],[-1427750,-966250],[-1426750,-965750],[-1425750,-961750],[-1427750,-959750],[-1432750,-959750],[-1435750,-961250],[-1436750,-963250],[-1439250,-963250],[-1440750,-965250],[-1440750,-966750],[-1442250,-967250],[-1442750,-966250],[-1444250,-966250],[-1445250,-967750],[-1446750,-968250],[-1446750,-970250],[-1447750,-969750],[-1448250,-971250],[-1447750,-974750],[-1449250,-976250],[-1451250,-976750],[-1450750,-977750],[-1449750,-977750],[-1449750,-980250],[-1450750,-980250],[-1450250,-983750],[-1451250,-983750],[-1452250,-986750],[-1454250,-987750],[-1455250,-986750],[-1460750,-985750],[-1462750,-987750],[-1462250,-990250],[-1459250,-990750],[-1457750,-988750],[-1457750,-990250],[-1456750,-990250],[-1457250,-991250],[-1456250,-991750],[-1456750,-993250],[-1457750,-992750],[-1459750,-993750],[-1460250,-996750],[-1459250,-996750],[-1458750,-995250],[-1457750,-995750],[-1455750,-994750],[-1454750,-994750],[-1454750,-996250],[-1457250,-996750],[-1457250,-997750],[-1458250,-997750],[-1459250,-999250],[-1461250,-999250],[-1460750,-1001250],[-1459750,-1001250],[-1459250,-1002250],[-1462750,-1001750],[-1462250,-1002750],[-1463250,-1005750],[-1464250,-1004750],[-1464750,-1001250],[-1463750,-1000750],[-1463750,-999250],[-1462250,-998750],[-1462250,-997750],[-1463250,-997250],[-1464750,-998750],[-1464250,-992250],[-1463750,-991250],[-1462750,-991250],[-1463750,-990250],[-1463250,-987250],[-1464250,-987250],[-1464250,-985250],[-1465250,-985250],[-1465250,-984250],[-1467250,-983250],[-1467250,-981250],[-1468250,-981250],[-1468250,-980250],[-1469250,-980250],[-1470250,-978250],[-1472250,-978250],[-1472250,-976250],[-1473250,-976250],[-1473250,-974250],[-1474250,-974250],[-1475250,-972250],[-1476750,-972250],[-1479250,-970250],[-1480750,-970250],[-1481250,-972250],[-1482250,-972250],[-1481750,-970250],[-1480250,-969250],[-1478750,-969250],[-1477750,-970250],[-1475750,-969750],[-1478750,-966250],[-1480750,-965750],[-1482250,-963250],[-1482250,-961250],[-1479750,-959750],[-1479750,-957750],[-1480750,-957250],[-1480750,-954250],[-1482750,-953750],[-1481750,-948750],[-1485750,-944750],[-1486250,-942750],[-1483750,-942250],[-1483250,-943250],[-1481250,-943250],[-1479750,-945250],[-1477750,-946250],[-1474750,-944750],[-1473750,-945750],[-1471250,-945750],[-1471250,-944250],[-1470250,-944250],[-1470250,-946750],[-1461750,-946750],[-1461750,-944750],[-1460750,-945250],[-1460250,-944250],[-1458250,-944250],[-1457750,-942250],[-1456250,-941750],[-1456250,-940250],[-1454750,-939750],[-1454750,-935750],[-1453250,-935250],[-1452750,-936250],[-1450750,-934750]],[[-1461750,-994750],[-1461750,-996250],[-1460750,-996750],[-1460750,-994750],[-1461750,-994750]],[[-1530250,-779750],[-1530250,-783750],[-1528750,-782750],[-1526750,-782750],[-1524750,-784250],[-1523750,-786250],[-1517250,-786250],[-1517250,-784250],[-1518750,-782750],[-1521250,-782250],[-1526750,-779250],[-1530250,-779750]],[[-1496250,-869250],[-1496750,-867250],[-1497750,-867250],[-1498750,-867750],[-1498750,-869250],[-1496250,-869250]],[[-1495750,-869250],[-1494750,-869250],[-1494750,-870750],[-1493750,-870750],[-1493250,-872250],[-1488750,-872250],[-1490250,-868250],[-1491250,-867750],[-1495750,-869250]],[[-1438750,-917250],[-1438250,-918250],[-1437250,-917750],[-1437750,-916750],[-1438750,-917250]],[[-1437250,-946250],[-1436750,-947250],[-1435250,-948250],[-1435250,-946750],[-1437250,-946250]],[[-1376250,-954250],[-1374750,-958750],[-1374750,-960750],[-1375750,-961250],[-1375750,-962250],[-1373750,-963250],[-1374250,-966250],[-1370250,-968750],[-1369750,-966250],[-1373250,-961250],[-1373250,-957250],[-1375250,-954250],[-1376250,-954250]],[[-1331750,-1017750],[-1331250,-1019750],[-1328250,-1019750],[-1328250,-1018750],[-1331750,-1017750]],[[-1264750,-1083750],[-1265250,-1084750],[-1265250,-1086250],[-1264250,-1086250],[-1262750,-1084250],[-1263250,-1082750],[-1265750,-1082750],[-1265750,-1083750],[-1264750,-1083750]],[[-1200750,-1175250],[-1202250,-1175750],[-1202250,-1178250],[-1201250,-1178250],[-1201250,-1177250],[-1198250,-1178250],[-1198250,-1177250],[-1196750,-1175750],[-1197250,-1174750],[-1201250,-1174750],[-1200750,-1175250]]]]}},{"type":"Feature","properties":{"key":"Baudouin","name":"Roi Baudouin","area_km2":32928.5,"lon":28.994,"lat":-70.0791},"geometry":{"type":"MultiPolygon","coordinates":[[[[897250,1881250],[895750,1882750],[894250,1882250],[893250,1883250],[894250,1885250],[892250,1886750],[893750,1886750],[892750,1890750],[890750,1887250],[887750,1887250],[885750,1889250],[885750,1891250],[882250,1894750],[880750,1898250],[879750,1898250],[879250,1899750],[878250,1899250],[876250,1903250],[876250,1905250],[877250,1905250],[877250,1906750],[874750,1908750],[873750,1911250],[874250,1912250],[875250,1912250],[874750,1915750],[873750,1915750],[873250,1917250],[870750,1918250],[870750,1919750],[872250,1919250],[872250,1920750],[870750,1923750],[870250,1929750],[875750,1929750],[876750,1930250],[876750,1932250],[879750,1932250],[879250,1935750],[880250,1938750],[881250,1938250],[881250,1939250],[882750,1940250],[881250,1952750],[878750,1960250],[876750,1962250],[873250,1962750],[874023,1964401],[873458,1965127],[874176,1965530],[873939,1974750],[875750,1975250],[876750,1974250],[877750,1976250],[879250,1976250],[881250,1972250],[884750,1972250],[884750,1970750],[886250,1969250],[888750,1971750],[891250,1971250],[891750,1968250],[892750,1967750],[892750,1965750],[894250,1965250],[894250,1963750],[896250,1963750],[896750,1960750],[897750,1960250],[896750,1959750],[896750,1958750],[897750,1957250],[898750,1957250],[899750,1958750],[899750,1962250],[900750,1962250],[900750,1963250],[903250,1962750],[902750,1964250],[904750,1963250],[904750,1964750],[905750,1964750],[905250,1970750],[906250,1973750],[908250,1973750],[908250,1972750],[909250,1972750],[909250,1970750],[910250,1970250],[910250,1964750],[912250,1964250],[912250,1965250],[913250,1965250],[912750,1969750],[914750,1978750],[923750,1977250],[923750,1978750],[920750,1978750],[920750,1979750],[917750,1979750],[917750,1980750],[916750,1980750],[916750,1981750],[919250,1980750],[923250,1980750],[923250,1981750],[920250,1981750],[920250,1982750],[918250,1982750],[918250,1983750],[917250,1984250],[920250,1984250],[921250,1983250],[925750,1982250],[928750,1982750],[929250,1981750],[930750,1981750],[931250,1985250],[932750,1984250],[936250,1984250],[938250,1981750],[941250,1980750],[942750,1979250],[942250,1976750],[944250,1976750],[948750,1974250],[953750,1973250],[953750,1969250],[952750,1968750],[953250,1966750],[951250,1964750],[938750,1964750],[937750,1963750],[932250,1963250],[936750,1962750],[936750,1961750],[935750,1961750],[936250,1959750],[934750,1956750],[936250,1956750],[937250,1957750],[937250,1959750],[940250,1959750],[943250,1957750],[949750,1955750],[949750,1954250],[947750,1952750],[947750,1951750],[946750,1951750],[946750,1949750],[945750,1949750],[944750,1946750],[945250,1945250],[944250,1944750],[943750,1940250],[942750,1938250],[942750,1933250],[943750,1931750],[947750,1929750],[949250,1926750],[950750,1925750],[950750,1924750],[952250,1924250],[952750,1921750],[955750,1918750],[958750,1917250],[959750,1917250],[958750,1919250],[959250,1920250],[963750,1920250],[964250,1919250],[966250,1919250],[966750,1916750],[969250,1915750],[969250,1917250],[970750,1918750],[972750,1919250],[972750,1920750],[975250,1923250],[976250,1926250],[975250,1932250],[976250,1933750],[977250,1933250],[978250,1934250],[977750,1937750],[979750,1941750],[980250,1950750],[981750,1951250],[981750,1956250],[983250,1956250],[984250,1957250],[984250,1959750],[982750,1959750],[982250,1961750],[984250,1962250],[984750,1963750],[980250,1964250],[981250,1965250],[985250,1965750],[982250,1966750],[983250,1967250],[983250,1968750],[980250,1968750],[980250,1967750],[978250,1967750],[977750,1969250],[980250,1970750],[983250,1970750],[987250,1968750],[987750,1967750],[989250,1967750],[989750,1966750],[991750,1966250],[991750,1964750],[992750,1964250],[992750,1962750],[993750,1962250],[993750,1960750],[995750,1957750],[995750,1954750],[997750,1953750],[998250,1951250],[1000250,1952750],[1003750,1952750],[1006250,1954750],[1014250,1954750],[1014750,1952750],[1013750,1952750],[1013750,1951750],[1015750,1951250],[1015750,1948750],[1018750,1947250],[1017250,1947250],[1017250,1945750],[1020750,1943250],[1021250,1944250],[1020250,1944750],[1020250,1945750],[1021250,1945750],[1021750,1944750],[1029250,1945250],[1030250,1944250],[1033250,1944250],[1034250,1942250],[1035250,1942250],[1035750,1943750],[1037250,1943750],[1038250,1943250],[1038250,1941750],[1039750,1941250],[1039250,1943250],[1040250,1944250],[1040750,1946750],[1039750,1946750],[1038750,1949750],[1037750,1949750],[1036750,1951750],[1037750,1953750],[1041250,1953750],[1041750,1951750],[1043250,1952250],[1044250,1950250],[1046250,1950250],[1046250,1949250],[1048250,1949750],[1048250,1948750],[1048750,1949750],[1050750,1949750],[1050750,1948750],[1052250,1948750],[1052750,1946750],[1054750,1946750],[1054750,1950250],[1056750,1950250],[1056750,1951250],[1057750,1951750],[1057250,1953250],[1058750,1953750],[1058250,1955750],[1059250,1955750],[1059250,1956750],[1058250,1957750],[1061750,1957750],[1062750,1959750],[1065750,1959750],[1067250,1958250],[1066750,1951750],[1067750,1951250],[1067750,1945750],[1068750,1944750],[1070750,1946250],[1070750,1947250],[1069250,1947750],[1070250,1948750],[1069750,1949750],[1073750,1949750],[1074750,1945750],[1076250,1945750],[1076750,1944750],[1079750,1944750],[1079750,1943750],[1086250,1944250],[1087750,1942250],[1089250,1943750],[1089750,1941750],[1090750,1941750],[1090750,1943750],[1091750,1943750],[1091750,1945250],[1092750,1945750],[1092750,1949250],[1093750,1948750],[1093250,1946250],[1094250,1946750],[1094250,1947750],[1096750,1947750],[1095750,1954250],[1097250,1953750],[1097750,1955250],[1099250,1954750],[1099250,1956750],[1101250,1956250],[1100750,1959750],[1101750,1959750],[1101750,1960750],[1103250,1961250],[1102250,1962750],[1103750,1962750],[1102750,1964750],[1103750,1965750],[1103250,1967250],[1104750,1968750],[1104250,1972250],[1106250,1973750],[1107250,1973750],[1108250,1971750],[1110250,1971250],[1112250,1972750],[1112750,1971750],[1113750,1971750],[1113750,1972750],[1116750,1972750],[1116750,1973750],[1118750,1973750],[1118750,1974750],[1122750,1974750],[1122750,1975750],[1126250,1975750],[1126750,1973750],[1128750,1973250],[1127750,1973750],[1127750,1974750],[1130250,1974750],[1130250,1973750],[1131250,1973750],[1131750,1974750],[1130750,1974750],[1130750,1975750],[1133250,1975750],[1133250,1974750],[1134250,1974750],[1136750,1976250],[1138250,1976250],[1137750,1975250],[1138750,1975250],[1139750,1976750],[1142750,1976250],[1142750,1969750],[1144250,1970250],[1144750,1969250],[1147750,1968750],[1147750,1967750],[1149750,1966750],[1149750,1965250],[1151250,1964750],[1153750,1961250],[1156250,1961250],[1158250,1961750],[1158250,1965750],[1160750,1968750],[1162250,1969250],[1163250,1972750],[1163750,1973750],[1164750,1973750],[1164750,1974750],[1168750,1975750],[1168750,1974750],[1170750,1974750],[1170750,1972750],[1171750,1972750],[1171250,1975250],[1175250,1977250],[1181750,1975750],[1181750,1974750],[1183750,1973750],[1183250,1970750],[1184750,1970750],[1184750,1968750],[1185750,1968750],[1186750,1965750],[1187750,1965250],[1187750,1963750],[1188750,1963750],[1189250,1960750],[1191250,1959750],[1190750,1956750],[1192750,1957250],[1192750,1956250],[1196750,1953250],[1198250,1953250],[1198250,1954750],[1199750,1955750],[1200750,1955250],[1201250,1956250],[1203750,1956250],[1204250,1954750],[1205750,1954250],[1205750,1952750],[1206750,1952750],[1206750,1951750],[1207750,1951250],[1207750,1949750],[1208750,1949750],[1208750,1948750],[1210750,1947750],[1210750,1945750],[1211750,1945750],[1212750,1942750],[1214250,1942750],[1216250,1940250],[1217750,1940250],[1220250,1937750],[1224250,1936750],[1224250,1935750],[1230250,1934750],[1230250,1933750],[1231250,1933750],[1231250,1932750],[1230250,1932750],[1230250,1930750],[1231250,1930750],[1231250,1929750],[1233750,1929750],[1233750,1924250],[1232750,1923750],[1233250,1919250],[1231750,1916750],[1232250,1912250],[1233250,1911250],[1232250,1909750],[1232750,1902750],[1232250,1900250],[1231250,1899750],[1231250,1895250],[1230250,1893750],[1228250,1893250],[1228750,1890250],[1226250,1886750],[1225750,1883250],[1223750,1882750],[1222750,1879250],[1220250,1879250],[1220750,1877750],[1218250,1877750],[1217250,1876750],[1217250,1874750],[1215750,1873250],[1215750,1872250],[1214750,1872250],[1213250,1870750],[1213250,1869750],[1209750,1868250],[1209750,1865250],[1207750,1865250],[1207750,1864250],[1206750,1864250],[1205750,1862250],[1203250,1862250],[1203750,1861250],[1205750,1860750],[1205750,1859250],[1203750,1858250],[1203250,1855750],[1200250,1855250],[1197250,1851250],[1194750,1851250],[1195250,1852750],[1193750,1853250],[1192250,1851750],[1193250,1849250],[1192250,1849250],[1190750,1847750],[1190750,1846250],[1188750,1845750],[1187250,1843750],[1185250,1843250],[1184750,1842250],[1184250,1843250],[1185250,1844250],[1179250,1844250],[1178750,1845250],[1177250,1844750],[1177250,1845750],[1175750,1846250],[1175250,1847750],[1173750,1847250],[1172750,1848250],[1169750,1847750],[1168750,1848750],[1167250,1848750],[1166250,1847250],[1165750,1848250],[1162750,1847250],[1162250,1848250],[1161250,1847750],[1160250,1849750],[1159250,1849250],[1160250,1847750],[1159250,1847750],[1158750,1849750],[1156250,1849750],[1156250,1848750],[1154750,1848750],[1148250,1850750],[1141750,1850250],[1141750,1849250],[1141250,1850250],[1137250,1850250],[1136250,1852250],[1135250,1852250],[1135250,1853250],[1134250,1852750],[1130750,1853750],[1130250,1852250],[1128750,1852750],[1128250,1855250],[1126750,1855750],[1126250,1857750],[1125250,1857250],[1125750,1856250],[1123250,1857250],[1120750,1856750],[1118750,1860750],[1117750,1860750],[1116250,1858750],[1112750,1859250],[1112750,1860250],[1109250,1858250],[1107250,1859250],[1105750,1858750],[1105250,1860750],[1103750,1862250],[1101750,1861250],[1101750,1862250],[1098250,1862750],[1098250,1865750],[1095750,1865250],[1094750,1866250],[1091750,1865250],[1090250,1866750],[1088250,1866750],[1087750,1868250],[1082750,1868250],[1079250,1869250],[1077750,1868250],[1077750,1869750],[1075250,1872250],[1073250,1871750],[1073750,1869750],[1072250,1869750],[1072750,1871750],[1065250,1870250],[1064250,1870750],[1064250,1873250],[1062750,1872750],[1061750,1871250],[1059750,1870750],[1056750,1870750],[1055250,1871750],[1055250,1872750],[1052250,1873250],[1051750,1869750],[1048750,1869750],[1047750,1868750],[1044750,1868250],[1040750,1866250],[1040250,1865250],[1038250,1864750],[1036750,1863250],[1036750,1862250],[1035250,1862250],[1034750,1861250],[1031750,1863250],[1022750,1862750],[1023750,1864750],[1020250,1864750],[1018250,1864250],[1018250,1862750],[1017250,1861750],[1015250,1861250],[1014750,1860250],[1013250,1860250],[1010750,1861750],[1006750,1861750],[1005250,1863250],[1000750,1862750],[999250,1864250],[992750,1863750],[992750,1864750],[991250,1865250],[991750,1866250],[990250,1866250],[990750,1865250],[989250,1865250],[983750,1867750],[978750,1867750],[977750,1866250],[970250,1866750],[966750,1865250],[962750,1865250],[957250,1867250],[954250,1864750],[953250,1862750],[949750,1862250],[949250,1861250],[946250,1862250],[946250,1861250],[944250,1860750],[940750,1860750],[940250,1861750],[938750,1861750],[936250,1863750],[932250,1863750],[931750,1862250],[930750,1862250],[930250,1859750],[927750,1859750],[923250,1863250],[920250,1863750],[918750,1862750],[918750,1863750],[917250,1864250],[916750,1865750],[915250,1865250],[915250,1864250],[914250,1863750],[911250,1864250],[910250,1866750],[909250,1866750],[909250,1867750],[910750,1868250],[910750,1869750],[908250,1869750],[903250,1874750],[902250,1877250],[901250,1877250],[901750,1878250],[900750,1879750],[900750,1881750],[899750,1881750],[899750,1879750],[898750,1878750],[898750,1879750],[897750,1879250],[897250,1881250]],[[923250,1980750],[926250,1980250],[926250,1980750],[923250,1980750]],[[1033250,1942250],[1033250,1941250],[1031250,1941750],[1030750,1939750],[1029750,1939750],[1029250,1940750],[1029250,1939250],[1031250,1939250],[1032250,1937750],[1034250,1937750],[1035250,1939250],[1035250,1941250],[1033250,1942250]],[[1052750,1946250],[1052250,1947250],[1051250,1947750],[1051250,1946750],[1052750,1946250]],[[1137152,1974750],[1135250,1974250],[1135250,1973750],[1136750,1973750],[1137152,1974750]],[[1143750,1969250],[1143750,1968250],[1144250,1968250],[1144750,1969250],[1143750,1969250]],[[1150250,1964750],[1149250,1963250],[1150750,1963250],[1150250,1964750]],[[1188750,1960250],[1188750,1959250],[1189250,1959250],[1189750,1960250],[1188750,1960250]],[[884750,1894250],[884250,1897750],[881750,1897750],[884750,1894250]],[[885750,1897750],[886250,1896750],[887250,1896750],[884250,1900750],[883750,1898250],[885750,1897750]],[[883750,1900750],[884250,1902250],[883250,1902750],[883750,1900750]],[[1028250,1940750],[1029750,1941750],[1027250,1942750],[1028250,1941750],[1028250,1940750]],[[1023750,1942250],[1025750,1941250],[1025750,1943250],[1024250,1944250],[1023750,1942250]],[[1079750,1936524],[1080250,1937750],[1079250,1938250],[1078750,1936250],[1079750,1936524]],[[1081250,1940750],[1079250,1941750],[1078750,1939250],[1080750,1939250],[1081250,1940750]],[[1152750,1960750],[1154250,1958750],[1154250,1960750],[1152750,1960750]],[[1194750,1952250],[1196250,1953250],[1195250,1953750],[1194750,1952250]],[[1036750,1935750],[1038750,1935750],[1039250,1936750],[1037250,1937250],[1036750,1935750]]],[[[1236250,1936750],[1235250,1936750],[1235250,1933750],[1234250,1933750],[1233750,1935250],[1234750,1935750],[1234750,1938250],[1235250,1938750],[1236250,1938750],[1236250,1936750]]],[[[982750,1962750],[981250,1962750],[981250,1963750],[982750,1963750],[982750,1962750]]]]}},{"type":"Feature","properties":{"key":"Abbot","name":"Abbot","area_km2":31300.2,"lon":-96.5808,"lat":-72.7954},"geometry":{"type":"MultiPolygon","coordinates":[[[[-1946750,-331750],[-1945750,-330750],[-1944750,-330750],[-1943750,-332250],[-1939250,-331750],[-1938250,-332750],[-1938750,-333750],[-1935750,-334250],[-1935750,-338750],[-1938250,-338750],[-1939750,-337750],[-1943250,-338250],[-1944750,-342250],[-1944250,-345750],[-1943250,-346250],[-1942250,-349750],[-1940250,-350250],[-1940250,-351250],[-1941250,-351250],[-1941250,-352750],[-1939750,-354250],[-1939750,-357250],[-1942750,-357250],[-1944250,-355750],[-1945250,-351750],[-1946250,-351750],[-1945750,-350250],[-1949250,-347250],[-1949250,-345750],[-1948250,-345250],[-1948750,-342250],[-1950750,-341750],[-1951250,-343750],[-1953750,-343250],[-1953250,-342250],[-1951750,-342250],[-1950250,-340250],[-1952750,-340250],[-1952750,-338250],[-1951750,-338250],[-1951750,-332750],[-1951250,-331750],[-1949750,-331750],[-1951250,-328750],[-1950750,-325750],[-1949750,-330250],[-1949250,-330250],[-1948250,-331750],[-1946750,-331750]]],[[[-1955750,-317250],[-1962250,-315250],[-1963250,-314250],[-1963750,-311750],[-1961750,-311750],[-1961250,-313250],[-1956250,-314750],[-1955750,-317250]]],[[[-1955750,-312750],[-1952750,-312250],[-1951250,-308750],[-1951250,-306750],[-1949750,-305250],[-1948250,-300750],[-1945750,-300750],[-1945250,-299250],[-1940750,-295750],[-1936750,-296250],[-1936750,-299250],[-1938250,-299250],[-1940250,-302250],[-1940250,-303250],[-1938250,-304250],[-1938250,-308750],[-1940250,-308250],[-1941250,-310250],[-1942750,-311250],[-1943250,-313250],[-1944750,-313750],[-1944250,-312750],[-1945250,-312750],[-1945250,-313750],[-1946250,-314250],[-1944750,-314750],[-1945750,-316750],[-1945250,-319750],[-1938250,-319750],[-1938750,-321750],[-1940750,-322750],[-1948250,-321750],[-1949250,-324250],[-1950750,-325250],[-1951250,-320750],[-1952250,-320750],[-1953750,-318750],[-1955750,-318250],[-1955750,-317250],[-1954750,-317250],[-1954750,-314750],[-1956250,-314750],[-1956250,-313750],[-1955750,-312750]]],[[[-1965750,-274250],[-1965750,-275250],[-1965250,-275750],[-1966250,-275750],[-1965750,-274250]]],[[[-1965750,-272250],[-1966250,-270750],[-1967250,-271250],[-1967250,-269750],[-1968750,-267750],[-1968750,-265250],[-1966750,-263250],[-1965250,-258750],[-1964250,-258750],[-1964750,-261750],[-1965750,-261750],[-1966250,-263750],[-1967750,-264750],[-1967750,-267750],[-1966250,-268250],[-1966250,-269750],[-1964750,-269750],[-1963750,-271750],[-1961750,-271750],[-1959750,-269750],[-1955750,-270250],[-1954250,-269250],[-1946750,-269250],[-1943750,-264750],[-1942750,-265250],[-1938750,-264250],[-1938250,-265250],[-1935750,-265250],[-1934250,-266250],[-1935250,-266750],[-1935250,-267750],[-1940750,-267750],[-1942250,-268750],[-1942250,-274250],[-1944250,-274750],[-1944250,-276750],[-1942250,-277250],[-1942750,-278250],[-1939750,-278250],[-1939250,-279250],[-1937750,-279250],[-1936750,-280250],[-1937250,-281250],[-1936250,-281250],[-1934750,-282750],[-1942250,-282750],[-1943250,-281750],[-1948250,-281750],[-1948750,-282750],[-1949750,-282250],[-1950750,-283250],[-1952250,-283250],[-1952250,-284750],[-1953250,-284750],[-1953750,-280750],[-1954750,-280750],[-1954750,-279750],[-1956250,-279750],[-1956250,-278750],[-1957750,-278750],[-1959750,-277250],[-1964750,-276250],[-1964750,-272250],[-1965750,-272250]]],[[[-1959250,-261250],[-1960750,-261750],[-1960750,-260750],[-1963250,-258250],[-1964250,-258750],[-1964250,-256250],[-1965750,-254250],[-1965750,-252250],[-1966750,-252250],[-1966750,-247250],[-1967750,-247250],[-1967750,-246250],[-1969250,-246250],[-1968750,-244250],[-1951250,-244250],[-1950250,-245250],[-1948250,-245250],[-1947250,-246750],[-1946250,-246250],[-1940250,-247750],[-1938750,-248750],[-1939750,-249750],[-1939250,-251750],[-1935250,-252250],[-1935250,-254750],[-1936250,-255750],[-1939750,-256250],[-1940750,-256750],[-1941250,-258750],[-1943250,-259250],[-1946750,-257750],[-1947250,-255750],[-1948250,-254750],[-1950250,-254750],[-1950750,-252750],[-1951750,-252250],[-1957250,-253250],[-1957750,-255250],[-1959250,-256750],[-1958750,-258250],[-1959250,-261250]]],[[[-1954250,-199250],[-1953250,-199250],[-1952750,-200250],[-1948750,-200250],[-1945750,-201250],[-1946250,-202250],[-1944250,-203750],[-1943250,-206750],[-1942250,-207250],[-1942250,-210250],[-1941250,-212250],[-1938750,-213750],[-1938750,-215750],[-1937750,-216250],[-1937750,-218750],[-1935750,-222750],[-1934750,-223750],[-1933250,-223250],[-1930750,-224250],[-1930250,-226250],[-1932250,-227250],[-1932250,-228250],[-1931250,-228250],[-1931250,-229750],[-1932750,-229750],[-1933250,-236750],[-1934750,-236250],[-1937250,-233250],[-1938250,-233250],[-1940750,-229750],[-1941750,-230250],[-1941750,-229250],[-1942750,-229250],[-1946250,-226250],[-1947750,-222250],[-1948750,-222250],[-1949250,-220750],[-1950750,-220750],[-1951250,-218250],[-1954250,-218750],[-1957250,-220750],[-1957250,-218750],[-1958250,-218250],[-1956750,-217250],[-1957250,-215750],[-1956250,-215250],[-1956250,-214250],[-1958750,-212250],[-1959250,-210750],[-1962250,-209750],[-1962750,-206250],[-1961250,-206250],[-1959750,-205250],[-1959750,-204250],[-1958750,-204250],[-1958750,-200250],[-1957750,-200250],[-1957750,-198250],[-1954750,-197750],[-1954250,-199250]]],[[[-1911250,-376750],[-1910750,-376250],[-1909750,-376250],[-1909750,-377250],[-1911250,-376750]]],[[[-1905250,-134250],[-1903750,-131750],[-1904250,-127250],[-1905750,-126250],[-1905750,-121750],[-1905250,-119750],[-1904250,-119250],[-1904750,-116250],[-1902750,-115750],[-1902750,-114250],[-1901250,-113750],[-1901750,-111750],[-1900250,-111750],[-1898750,-113250],[-1897250,-111750],[-1896250,-108250],[-1900250,-104750],[-1902250,-103750],[-1905250,-103750],[-1906250,-101750],[-1907250,-101750],[-1906750,-99250],[-1907750,-99750],[-1907750,-97750],[-1906750,-97250],[-1906750,-95250],[-1905250,-94750],[-1905250,-93750],[-1903250,-93250],[-1901750,-90250],[-1900750,-90250],[-1900750,-88250],[-1899750,-88250],[-1899750,-87250],[-1898750,-87250],[-1898750,-86250],[-1896750,-85250],[-1896750,-83250],[-1895750,-83250],[-1895750,-80250],[-1896750,-80250],[-1897750,-74250],[-1898750,-74250],[-1899250,-72250],[-1900250,-72250],[-1900750,-67250],[-1901750,-67250],[-1901750,-60250],[-1900750,-56250],[-1902250,-56250],[-1903250,-57250],[-1908250,-56750],[-1909750,-55250],[-1910750,-50750],[-1913250,-46750],[-1914250,-42750],[-1913750,-38250],[-1912250,-35750],[-1912250,-33250],[-1910750,-30250],[-1907750,-29250],[-1908750,-30250],[-1908750,-32250],[-1909750,-32750],[-1909750,-35250],[-1911250,-37750],[-1910750,-44250],[-1909750,-44750],[-1909250,-47750],[-1907750,-49250],[-1907750,-52750],[-1906250,-53750],[-1906250,-54750],[-1903250,-55750],[-1897750,-54750],[-1895750,-53250],[-1889750,-53250],[-1889750,-54250],[-1888750,-54250],[-1887750,-52750],[-1886250,-52750],[-1883750,-50250],[-1880750,-49250],[-1880250,-47750],[-1877750,-47750],[-1872250,-43750],[-1871750,-44750],[-1870750,-44750],[-1871250,-47250],[-1869250,-47250],[-1866750,-49250],[-1865750,-48250],[-1867250,-48250],[-1870250,-45750],[-1866250,-45250],[-1864750,-47250],[-1863250,-47750],[-1858250,-46750],[-1855250,-47750],[-1850250,-47250],[-1849250,-48250],[-1844250,-48250],[-1845750,-48750],[-1845750,-50750],[-1839250,-50750],[-1837750,-49750],[-1838250,-48750],[-1837250,-48750],[-1836750,-47250],[-1837250,-43750],[-1838750,-40750],[-1841750,-37750],[-1842750,-34750],[-1844750,-34250],[-1846250,-31250],[-1847750,-30750],[-1848750,-29250],[-1853750,-29750],[-1854250,-27250],[-1855250,-26250],[-1860250,-25750],[-1861250,-27250],[-1862750,-24750],[-1865250,-23750],[-1869750,-23750],[-1870750,-24750],[-1871750,-24750],[-1871750,-23750],[-1874750,-23750],[-1876250,-24750],[-1879250,-24250],[-1880250,-26250],[-1881250,-25250],[-1882250,-25750],[-1882250,-26750],[-1879250,-27750],[-1879750,-28750],[-1878750,-29250],[-1879250,-30250],[-1884250,-26250],[-1886250,-26250],[-1886750,-25250],[-1887750,-25250],[-1887750,-24250],[-1886750,-24250],[-1886750,-21250],[-1887750,-21250],[-1888750,-19250],[-1890250,-19250],[-1891750,-17750],[-1893750,-17750],[-1895250,-15250],[-1899250,-15250],[-1899250,-13750],[-1898250,-12750],[-1901250,-11750],[-1901750,-10750],[-1902750,-11250],[-1902750,-6250],[-1906250,-6250],[-1906250,-5250],[-1912250,-4250],[-1912750,-2250],[-1913750,-2250],[-1911750,3750],[-1910750,3750],[-1910750,4750],[-1907750,4750],[-1905750,6250],[-1904250,6250],[-1903250,9250],[-1902250,9750],[-1900750,16750],[-1899750,16750],[-1899750,20250],[-1898750,19750],[-1895250,21750],[-1895250,22750],[-1892750,25250],[-1892750,27750],[-1890750,29750],[-1889250,29250],[-1889250,28250],[-1886750,28250],[-1884750,29750],[-1874750,29750],[-1873250,28750],[-1871250,28750],[-1870750,29750],[-1865750,30750],[-1863250,29750],[-1862250,27750],[-1859750,27250],[-1858750,25250],[-1856250,23250],[-1847750,23250],[-1846750,20750],[-1844750,20750],[-1845250,19750],[-1846250,19750],[-1846250,17750],[-1848750,15250],[-1848750,14250],[-1847750,13750],[-1846250,10750],[-1844750,10750],[-1844750,8250],[-1842750,5750],[-1843250,3250],[-1845750,2750],[-1845750,-250],[-1844250,-1750],[-1845250,-3250],[-1843750,-4250],[-1844250,-6250],[-1839750,-7250],[-1839250,-9250],[-1837750,-9250],[-1837750,-10250],[-1836250,-10250],[-1835750,-11250],[-1834250,-11250],[-1833250,-12250],[-1831250,-12250],[-1830250,-15750],[-1827750,-16250],[-1827750,-17250],[-1828750,-17750],[-1828750,-20750],[-1827250,-21250],[-1825750,-24250],[-1824250,-25250],[-1824250,-29250],[-1822750,-30250],[-1821750,-32250],[-1821750,-35750],[-1826250,-36250],[-1825750,-42250],[-1827250,-43250],[-1826750,-46750],[-1828250,-46750],[-1831250,-48750],[-1831250,-55250],[-1830250,-59750],[-1831750,-60250],[-1833250,-61750],[-1833250,-62750],[-1837750,-62750],[-1837250,-64250],[-1838250,-65750],[-1838750,-72750],[-1839750,-74250],[-1839250,-78750],[-1840750,-80750],[-1839750,-80750],[-1839750,-81750],[-1837750,-81750],[-1837750,-82750],[-1838750,-82750],[-1838250,-85250],[-1837250,-83750],[-1839250,-91750],[-1837250,-93750],[-1837250,-96250],[-1835750,-98250],[-1835250,-100750],[-1835750,-114250],[-1832750,-114250],[-1831250,-115750],[-1831250,-117750],[-1832250,-118250],[-1831750,-121250],[-1824250,-124250],[-1822750,-127750],[-1820750,-128750],[-1819750,-133750],[-1818250,-136750],[-1818750,-139750],[-1821750,-141250],[-1824250,-144750],[-1828250,-145250],[-1827750,-148750],[-1828750,-150250],[-1830250,-150250],[-1831250,-149250],[-1830750,-151250],[-1828250,-151250],[-1826750,-152250],[-1825750,-157750],[-1824750,-157750],[-1824250,-159250],[-1824250,-160250],[-1825750,-160750],[-1826250,-163750],[-1828250,-163750],[-1828750,-168250],[-1826250,-167750],[-1826750,-173750],[-1826250,-174750],[-1825250,-174750],[-1825250,-175750],[-1823750,-175250],[-1823750,-182250],[-1822250,-183750],[-1821250,-183250],[-1821250,-182250],[-1819750,-182750],[-1820750,-183250],[-1820250,-185750],[-1818250,-185750],[-1816750,-184750],[-1813250,-185250],[-1812750,-186250],[-1811750,-186250],[-1810750,-188750],[-1811750,-188750],[-1812250,-190750],[-1815250,-194750],[-1814750,-199250],[-1815750,-201250],[-1814250,-204250],[-1814250,-206250],[-1815250,-207250],[-1815750,-210250],[-1817250,-210250],[-1816750,-215250],[-1818250,-216250],[-1818250,-217250],[-1820250,-217750],[-1819750,-221250],[-1820750,-221250],[-1820750,-222250],[-1824250,-223250],[-1823250,-227250],[-1825250,-230750],[-1825250,-232750],[-1828250,-233250],[-1827750,-236250],[-1829250,-238250],[-1830250,-238250],[-1829750,-240250],[-1828750,-240750],[-1828750,-243250],[-1826250,-244250],[-1825250,-245750],[-1824250,-245250],[-1823750,-247250],[-1820750,-249250],[-1819750,-253750],[-1820750,-253750],[-1821250,-255750],[-1824250,-258250],[-1824250,-257250],[-1827250,-255750],[-1828250,-253750],[-1834250,-250750],[-1835750,-251250],[-1836250,-250250],[-1835250,-250250],[-1835250,-249250],[-1837750,-249250],[-1837250,-247750],[-1839250,-248250],[-1839750,-245750],[-1841750,-245250],[-1842250,-248250],[-1841750,-249250],[-1840250,-249250],[-1840750,-254250],[-1838750,-257750],[-1838750,-264250],[-1839750,-264750],[-1839750,-267750],[-1838750,-268750],[-1838750,-270750],[-1837250,-271750],[-1838750,-274250],[-1838750,-285750],[-1837750,-287250],[-1836750,-293750],[-1835750,-294750],[-1835750,-296250],[-1834250,-297250],[-1834750,-300250],[-1833750,-304250],[-1832250,-306250],[-1832250,-307750],[-1830750,-308750],[-1830750,-310750],[-1829750,-311250],[-1830250,-315250],[-1831250,-316250],[-1832750,-316250],[-1833250,-317750],[-1831750,-318750],[-1829750,-322250],[-1827250,-322750],[-1827250,-325750],[-1828250,-323750],[-1828750,-327250],[-1824250,-328750],[-1823750,-330750],[-1822750,-331750],[-1821750,-330750],[-1821250,-331750],[-1821250,-334750],[-1823250,-336250],[-1823750,-338750],[-1824750,-339750],[-1826250,-339750],[-1827250,-338750],[-1827250,-340250],[-1825750,-340750],[-1825750,-344750],[-1827250,-345250],[-1827250,-347250],[-1829250,-347750],[-1829750,-351250],[-1828250,-352750],[-1828250,-358250],[-1826750,-358250],[-1826750,-360250],[-1825750,-361250],[-1825750,-363250],[-1826750,-363750],[-1825250,-364250],[-1825250,-365250],[-1824250,-364750],[-1824250,-365750],[-1822250,-366750],[-1822750,-368750],[-1821750,-368750],[-1821250,-367250],[-1820750,-370750],[-1819250,-372250],[-1817250,-378750],[-1816250,-379250],[-1814250,-383250],[-1813250,-382750],[-1813250,-384250],[-1814250,-384750],[-1814750,-386750],[-1818250,-385750],[-1820750,-386750],[-1819750,-393750],[-1818250,-395750],[-1818750,-400250],[-1817750,-402750],[-1822750,-402750],[-1824250,-399750],[-1826750,-399750],[-1826250,-398250],[-1827750,-396750],[-1829750,-396750],[-1831250,-395250],[-1832250,-395250],[-1832250,-397250],[-1834250,-396250],[-1837250,-396250],[-1838250,-397750],[-1842250,-397250],[-1843750,-398250],[-1843750,-400750],[-1845250,-401750],[-1844750,-403250],[-1846250,-406250],[-1844750,-409250],[-1844750,-411250],[-1843750,-411250],[-1843750,-416250],[-1845250,-419250],[-1849250,-419250],[-1849250,-418250],[-1854250,-418250],[-1854250,-419250],[-1855750,-419250],[-1857750,-421250],[-1865250,-421250],[-1865750,-422250],[-1868750,-421250],[-1873750,-421750],[-1873750,-426250],[-1874750,-426250],[-1874750,-430250],[-1875750,-430250],[-1875750,-433250],[-1877750,-435250],[-1878750,-435250],[-1879250,-437750],[-1880750,-438750],[-1880750,-440250],[-1882250,-441250],[-1882250,-442250],[-1883250,-442250],[-1883250,-443250],[-1884750,-444250],[-1885750,-447250],[-1886750,-447250],[-1887250,-448750],[-1888750,-448250],[-1889250,-442250],[-1890250,-442250],[-1890750,-443750],[-1893250,-443250],[-1893750,-442250],[-1893250,-434250],[-1894250,-434250],[-1894250,-433250],[-1893250,-433250],[-1893250,-428250],[-1894250,-428250],[-1894250,-425250],[-1895250,-425250],[-1895250,-424250],[-1896750,-424250],[-1896750,-423250],[-1898250,-423250],[-1898250,-422250],[-1899250,-422250],[-1899250,-421250],[-1900750,-421250],[-1900750,-420250],[-1902250,-420250],[-1902250,-419250],[-1903750,-419250],[-1903750,-418250],[-1905750,-418250],[-1905750,-417250],[-1903750,-417250],[-1903750,-416250],[-1899750,-416250],[-1899750,-417250],[-1898250,-417250],[-1898250,-415750],[-1905250,-415250],[-1904750,-414250],[-1905750,-413250],[-1905750,-411750],[-1906750,-411250],[-1907750,-414750],[-1909250,-414750],[-1908750,-416250],[-1910250,-417750],[-1910250,-418750],[-1911750,-420250],[-1913250,-420250],[-1915250,-421750],[-1923750,-421750],[-1925250,-417750],[-1926250,-417250],[-1925750,-415750],[-1924750,-417750],[-1923750,-417750],[-1923250,-418750],[-1920750,-418750],[-1920250,-419750],[-1916250,-419250],[-1915750,-418250],[-1913250,-417750],[-1913250,-416750],[-1911250,-415750],[-1911750,-412750],[-1912750,-412250],[-1912750,-410250],[-1910250,-410750],[-1908750,-408750],[-1908250,-405750],[-1907250,-405250],[-1907750,-399750],[-1909750,-398250],[-1910250,-396750],[-1913250,-396250],[-1910750,-394750],[-1910750,-393250],[-1909750,-392250],[-1910250,-389250],[-1911250,-389250],[-1911750,-388250],[-1909750,-385750],[-1910250,-383250],[-1908750,-380750],[-1909750,-378750],[-1909750,-367250],[-1908750,-366750],[-1910250,-365750],[-1910250,-363750],[-1911250,-363750],[-1910250,-361250],[-1911750,-359250],[-1911750,-357750],[-1910750,-357750],[-1910250,-355250],[-1911750,-354250],[-1911250,-352250],[-1909250,-352750],[-1910250,-351250],[-1908250,-350250],[-1908750,-349250],[-1907750,-349250],[-1906750,-347250],[-1907750,-346250],[-1907750,-344250],[-1909750,-343250],[-1909750,-341250],[-1906250,-339250],[-1905250,-333750],[-1904250,-333250],[-1904250,-332250],[-1905250,-331750],[-1904250,-331750],[-1902750,-328750],[-1902750,-324750],[-1903750,-324250],[-1904250,-321750],[-1902750,-320750],[-1902250,-318750],[-1904750,-318750],[-1904250,-314750],[-1904750,-313750],[-1905750,-313750],[-1905750,-309750],[-1905250,-308250],[-1902250,-308250],[-1901250,-309750],[-1901750,-310750],[-1900750,-310750],[-1898750,-313250],[-1897750,-313250],[-1896750,-315250],[-1895750,-315250],[-1895250,-314250],[-1893250,-314250],[-1892750,-315250],[-1891750,-314750],[-1891750,-313750],[-1892750,-313250],[-1892250,-309750],[-1894250,-308250],[-1893750,-304750],[-1894750,-303750],[-1894750,-301750],[-1895750,-301250],[-1897250,-296750],[-1897250,-294750],[-1896250,-294250],[-1896250,-293250],[-1897250,-293250],[-1897750,-291750],[-1898250,-286750],[-1897250,-286750],[-1896250,-285250],[-1893750,-285250],[-1888750,-287750],[-1887750,-286250],[-1887750,-282750],[-1886250,-278250],[-1887750,-269250],[-1889750,-267750],[-1892750,-255750],[-1894750,-254750],[-1893750,-253750],[-1893750,-251750],[-1894750,-250750],[-1896250,-250750],[-1895750,-243750],[-1896750,-242750],[-1896750,-241250],[-1898750,-241250],[-1899750,-239750],[-1901750,-238750],[-1900250,-238250],[-1898250,-239750],[-1895750,-239750],[-1895250,-238750],[-1894250,-238750],[-1893750,-234250],[-1892250,-232250],[-1892250,-230250],[-1893750,-228750],[-1894250,-225750],[-1898250,-225750],[-1898250,-223250],[-1896750,-222750],[-1896750,-221750],[-1897750,-221250],[-1895750,-220750],[-1895750,-215250],[-1896750,-211250],[-1896750,-207250],[-1895750,-206250],[-1896250,-203250],[-1897750,-201750],[-1898250,-198250],[-1900250,-197750],[-1902750,-198250],[-1902750,-199250],[-1904750,-200750],[-1905250,-199750],[-1907250,-199250],[-1909750,-201250],[-1909750,-203250],[-1911250,-203250],[-1912250,-202250],[-1912750,-193250],[-1913750,-191250],[-1915750,-189750],[-1915750,-188750],[-1917250,-188250],[-1916750,-184750],[-1917750,-184250],[-1917750,-185750],[-1919250,-185750],[-1919750,-184250],[-1921250,-183750],[-1918250,-183250],[-1916250,-181750],[-1915250,-182250],[-1914250,-178750],[-1912750,-177750],[-1913250,-176250],[-1911750,-175750],[-1911750,-174750],[-1910250,-173750],[-1909250,-171750],[-1908250,-171750],[-1907250,-170250],[-1904250,-168750],[-1904250,-167750],[-1901750,-168750],[-1900750,-168250],[-1899750,-171250],[-1897750,-173250],[-1896750,-173250],[-1896750,-174250],[-1893250,-173750],[-1892750,-174750],[-1890250,-174750],[-1888750,-173250],[-1889250,-170750],[-1890250,-169750],[-1889750,-168250],[-1890250,-165750],[-1891250,-164750],[-1891750,-160250],[-1892750,-160250],[-1894250,-158750],[-1895750,-155250],[-1896250,-148250],[-1897750,-146250],[-1898750,-146250],[-1904250,-148750],[-1903250,-147250],[-1901750,-147250],[-1899750,-145750],[-1897750,-145750],[-1897250,-141250],[-1897750,-138750],[-1899750,-138750],[-1899750,-139750],[-1900750,-139750],[-1901250,-138750],[-1902750,-139750],[-1904750,-138250],[-1906750,-138750],[-1906750,-137250],[-1907750,-137250],[-1907750,-133250],[-1905250,-132750],[-1905750,-133250],[-1905250,-134250]],[[-1864750,-2750],[-1864250,-3750],[-1865750,-5750],[-1866750,-5750],[-1867250,-8250],[-1863250,-10750],[-1857250,-10750],[-1850750,-7250],[-1848750,-2250],[-1852750,-1250],[-1853250,750],[-1851250,1750],[-1851250,4750],[-1849750,6250],[-1849750,8250],[-1850750,8750],[-1850750,10250],[-1852750,14250],[-1857750,14250],[-1859250,15750],[-1862750,16250],[-1865750,19250],[-1866250,21250],[-1868750,21250],[-1872250,17750],[-1872750,14250],[-1874250,12750],[-1873750,8750],[-1876750,7750],[-1876750,4750],[-1874750,4250],[-1874250,3250],[-1871250,3750],[-1866750,2750],[-1862750,-750],[-1860750,-750],[-1860750,-1750],[-1864750,-1750],[-1866250,-250],[-1867250,-250],[-1866750,-2750],[-1864750,-2750]],[[-1873750,15250],[-1873750,16250],[-1874750,16250],[-1874750,14750],[-1873750,15250]],[[-1874750,9250],[-1874250,10250],[-1875250,10750],[-1875750,9250],[-1874750,9250]],[[-1870250,-750],[-1870250,750],[-1872250,250],[-1872250,-750],[-1870250,-750]],[[-1847250,-6750],[-1848750,-10750],[-1845750,-10250],[-1845750,-6750],[-1847250,-6750]],[[-1872250,-11250],[-1870250,-11750],[-1869750,-10250],[-1871250,-9750],[-1871250,-8750],[-1873250,-8750],[-1872250,-11250]],[[-1859250,-12750],[-1858250,-13250],[-1857250,-12750],[-1857250,-11750],[-1859250,-12750]],[[-1855250,-62250],[-1854750,-65750],[-1854250,-65750],[-1853250,-63750],[-1854750,-62750],[-1855250,-61250],[-1856250,-61250],[-1855250,-62250]],[[-1851250,-64250],[-1850750,-62750],[-1852750,-63250],[-1852750,-64250],[-1851250,-64250]],[[-1847750,-72750],[-1847750,-73750],[-1846750,-73750],[-1846750,-72750],[-1847750,-72750]],[[-1847250,-76750],[-1847250,-77750],[-1846250,-77750],[-1847750,-74750],[-1848250,-76750],[-1847250,-76750]],[[-1890250,-80750],[-1889750,-82250],[-1888750,-82250],[-1888750,-80250],[-1890250,-80750]],[[-1852250,-89250],[-1850250,-89750],[-1850750,-87750],[-1851750,-87750],[-1852250,-89250]],[[-1840750,-90250],[-1840750,-91750],[-1839750,-91750],[-1839750,-89250],[-1841750,-89750],[-1840750,-90250]],[[-1849750,-96250],[-1849750,-95250],[-1850750,-94750],[-1850750,-95750],[-1849750,-96250]],[[-1849250,-103250],[-1848750,-105750],[-1848250,-105750],[-1847750,-103750],[-1849250,-103250]],[[-1841750,-107750],[-1841750,-108750],[-1840750,-108750],[-1840750,-107750],[-1841750,-107750]],[[-1834750,-115750],[-1835250,-114750],[-1836250,-114750],[-1836250,-116250],[-1834750,-115750]],[[-1870250,-123250],[-1874250,-127250],[-1873750,-132250],[-1872750,-134250],[-1870750,-135250],[-1867750,-134250],[-1863750,-124250],[-1864250,-122250],[-1868250,-122250],[-1870250,-123250]],[[-1877750,-127750],[-1876750,-128250],[-1876750,-126750],[-1877750,-126750],[-1877750,-127750]],[[-1848250,-132250],[-1845750,-129750],[-1846250,-127750],[-1848750,-127750],[-1849750,-128750],[-1849750,-130750],[-1849250,-131750],[-1848250,-131250],[-1848250,-132250]],[[-1833250,-129250],[-1832750,-131250],[-1831750,-131250],[-1832250,-128750],[-1833250,-129250]],[[-1834750,-141250],[-1833250,-138250],[-1834750,-138250],[-1834750,-141250]],[[-1831250,-141750],[-1831750,-142750],[-1830750,-142750],[-1830250,-144750],[-1829250,-145250],[-1828750,-141250],[-1830250,-140750],[-1830250,-142250],[-1831250,-141750]],[[-1835250,-145250],[-1833750,-145750],[-1833750,-144250],[-1835250,-143750],[-1835250,-145250]],[[-1900750,-170250],[-1902250,-169250],[-1903250,-169750],[-1903250,-170250],[-1900750,-170250]],[[-1904750,-173250],[-1903750,-174250],[-1903750,-171750],[-1904750,-173250]],[[-1906250,-174750],[-1907250,-175250],[-1907250,-176250],[-1906250,-175750],[-1906250,-174750]],[[-1907250,-176750],[-1908750,-176750],[-1908750,-178250],[-1907250,-176750]],[[-1834250,-185250],[-1834250,-192250],[-1833250,-192750],[-1833250,-185250],[-1834250,-185250]],[[-1834250,-198250],[-1834750,-200250],[-1833750,-203250],[-1834750,-203750],[-1834750,-204750],[-1833750,-205250],[-1832750,-204250],[-1832250,-201750],[-1832750,-199750],[-1833750,-199250],[-1833750,-193250],[-1834750,-193250],[-1835250,-195250],[-1835250,-198250],[-1834250,-198250]],[[-1851750,-198750],[-1851250,-195750],[-1852250,-195250],[-1852750,-198750],[-1851750,-198750]],[[-1847750,-209750],[-1847750,-211250],[-1846750,-211250],[-1846750,-208750],[-1847750,-208250],[-1847750,-207250],[-1848750,-207250],[-1848750,-208750],[-1847750,-209750]],[[-1827250,-216750],[-1825750,-216250],[-1825750,-214750],[-1826750,-214750],[-1827250,-215750],[-1827250,-216750]],[[-1826250,-222750],[-1826250,-221750],[-1827750,-221750],[-1827250,-222750],[-1826250,-222750]],[[-1843250,-228250],[-1842750,-233750],[-1841750,-233750],[-1841250,-232750],[-1840250,-232750],[-1840250,-231750],[-1842250,-228250],[-1843250,-228250]],[[-1878750,-257250],[-1879750,-260250],[-1878750,-266250],[-1874750,-267250],[-1873250,-263750],[-1873750,-258250],[-1874750,-257750],[-1874750,-256750],[-1877250,-255750],[-1878750,-257250]],[[-1881250,-295250],[-1882250,-297250],[-1881750,-312750],[-1880250,-314250],[-1881250,-322750],[-1881250,-324750],[-1880250,-325750],[-1881750,-329250],[-1881750,-333250],[-1880750,-335750],[-1881250,-343250],[-1879250,-347750],[-1877250,-349250],[-1877250,-350750],[-1873250,-354750],[-1870750,-354750],[-1868750,-352250],[-1867750,-352250],[-1865250,-349750],[-1865250,-348250],[-1861750,-342750],[-1861750,-340250],[-1860250,-337750],[-1861250,-336750],[-1859250,-333250],[-1859250,-326750],[-1858250,-325250],[-1857750,-318750],[-1856750,-317750],[-1856750,-313750],[-1859250,-308250],[-1860250,-303250],[-1862750,-299750],[-1872750,-294750],[-1879750,-294250],[-1881250,-295250]],[[-1828750,-343250],[-1828750,-341750],[-1830250,-341750],[-1830250,-342250],[-1829250,-342250],[-1828750,-343250]],[[-1908750,-385750],[-1906750,-385750],[-1906750,-383750],[-1909250,-383250],[-1908750,-385750]]],[[[-1925250,-182750],[-1925250,-184750],[-1926250,-185250],[-1926750,-191250],[-1925750,-192250],[-1925250,-194750],[-1924250,-195250],[-1924250,-197750],[-1922250,-202750],[-1923750,-201750],[-1924250,-200250],[-1925250,-200250],[-1925750,-197250],[-1929250,-198250],[-1929250,-202250],[-1928250,-202750],[-1929250,-204750],[-1929250,-208750],[-1928750,-211750],[-1926250,-214250],[-1926750,-216250],[-1931250,-214750],[-1933250,-209750],[-1933250,-206250],[-1934250,-204250],[-1935750,-203250],[-1935750,-199250],[-1934250,-197750],[-1935250,-195750],[-1935250,-192750],[-1937250,-192250],[-1937250,-191250],[-1938250,-190750],[-1940250,-190750],[-1941250,-189750],[-1942750,-190250],[-1942750,-188750],[-1941250,-188750],[-1940750,-187750],[-1939750,-188250],[-1938750,-187250],[-1935750,-187250],[-1935750,-186250],[-1927750,-185750],[-1926750,-185250],[-1927250,-183750],[-1925250,-182750]]],[[[-1923250,-182750],[-1923750,-181750],[-1920750,-180750],[-1920750,-182750],[-1923250,-182750]]],[[[-1905750,-160750],[-1904750,-163250],[-1903250,-163250],[-1902250,-165750],[-1900250,-166250],[-1900750,-166750],[-1900250,-167750],[-1901250,-167750],[-1901750,-166750],[-1902750,-166750],[-1902750,-167750],[-1904750,-166750],[-1904750,-163750],[-1906250,-163250],[-1906750,-160750],[-1905750,-160750]]],[[[-1911750,-152750],[-1910250,-155250],[-1908750,-155750],[-1908750,-157250],[-1907250,-158250],[-1907250,-160250],[-1909250,-157750],[-1909750,-155750],[-1911250,-155250],[-1911750,-152750]]],[[[-1906750,-150750],[-1910750,-150250],[-1910750,-149750],[-1907250,-150250],[-1906250,-149250],[-1906750,-150750]]]]}},{"type":"Feature","properties":{"key":"Shackleton","name":"Shackleton","area_km2":25544.0,"lon":97.5306,"lat":-66.0316},"geometry":{"type":"MultiPolygon","coordinates":[[[[2545750,-440750],[2543750,-439750],[2543250,-436750],[2540250,-434750],[2541250,-433750],[2540750,-430750],[2539750,-430750],[2538250,-429250],[2538250,-427250],[2539250,-425250],[2543250,-426250],[2544250,-427250],[2545750,-425250],[2543750,-426250],[2543750,-425250],[2541750,-423750],[2541250,-421750],[2539250,-421750],[2540250,-420750],[2538750,-420750],[2537750,-418750],[2535250,-418250],[2535250,-417250],[2534250,-417750],[2534250,-416750],[2532250,-415250],[2529250,-414750],[2525750,-412250],[2526250,-408750],[2528250,-408750],[2527750,-405250],[2532750,-403250],[2531750,-401250],[2532250,-399250],[2531250,-399250],[2527250,-396250],[2525750,-392250],[2526750,-390750],[2529250,-390750],[2532750,-393250],[2534250,-393250],[2534750,-392250],[2538750,-392250],[2540750,-393250],[2544250,-396750],[2544250,-397750],[2553250,-406750],[2554250,-406750],[2555750,-405250],[2556750,-405250],[2556750,-403750],[2555250,-397750],[2553750,-396250],[2552250,-391750],[2555750,-390250],[2556750,-388250],[2559250,-387750],[2559750,-385750],[2561750,-384750],[2565250,-384750],[2566250,-383750],[2566250,-381750],[2567750,-378750],[2567750,-376250],[2566750,-375750],[2567250,-370750],[2563250,-367750],[2561250,-361750],[2560250,-361750],[2557250,-357750],[2557250,-352750],[2558250,-353250],[2557250,-350250],[2556250,-349750],[2556250,-350750],[2555250,-350750],[2546750,-346750],[2546250,-342750],[2549750,-340250],[2550750,-335750],[2551750,-334750],[2557750,-334750],[2557750,-331750],[2558750,-331750],[2558750,-330250],[2560750,-329250],[2561750,-327750],[2565750,-327250],[2566750,-326250],[2566250,-325250],[2567250,-325250],[2569250,-323250],[2570250,-320750],[2568750,-314750],[2566250,-310250],[2565250,-309750],[2564250,-305750],[2561250,-303250],[2561250,-302250],[2560250,-302250],[2560250,-300250],[2558250,-297750],[2558250,-294250],[2559750,-292250],[2559250,-291250],[2562250,-290250],[2562750,-288750],[2561250,-286750],[2561750,-282750],[2561250,-280750],[2560250,-280750],[2559750,-279750],[2559750,-277250],[2561250,-277250],[2561250,-278250],[2562250,-278250],[2564750,-275750],[2565750,-273250],[2563750,-271750],[2561750,-271750],[2561750,-270750],[2560250,-271250],[2560250,-270250],[2559250,-270250],[2559250,-268250],[2558250,-268750],[2558250,-266750],[2557750,-267750],[2556750,-267750],[2556750,-265750],[2555750,-264750],[2556750,-264250],[2556750,-262750],[2557750,-262750],[2557750,-257250],[2557250,-255250],[2556250,-255250],[2555750,-254250],[2555750,-251250],[2556250,-250250],[2557750,-250750],[2559250,-246250],[2561750,-243750],[2561750,-242250],[2564750,-241250],[2562750,-240250],[2563250,-238750],[2565250,-239750],[2565250,-240750],[2566750,-240750],[2566250,-239750],[2570750,-239750],[2570250,-237750],[2573250,-235750],[2571250,-234750],[2571250,-232750],[2572250,-232750],[2572750,-233750],[2573250,-231750],[2574750,-231250],[2574750,-228250],[2573750,-227750],[2573750,-223750],[2574750,-223250],[2574750,-222250],[2575750,-222250],[2575750,-221250],[2574250,-220250],[2576250,-219250],[2576250,-218250],[2574750,-217250],[2575750,-215750],[2578250,-215250],[2578250,-218250],[2579750,-218250],[2579750,-219250],[2580750,-219750],[2580750,-221750],[2582750,-223250],[2582750,-224250],[2586750,-224250],[2586750,-225250],[2589750,-224250],[2593750,-224250],[2593750,-223250],[2594750,-223250],[2594750,-221250],[2597750,-221250],[2597750,-220250],[2602750,-220250],[2602750,-221250],[2605750,-221250],[2605750,-222250],[2607750,-222250],[2607750,-223250],[2610750,-223250],[2610750,-225250],[2609750,-225250],[2610250,-227250],[2608750,-229250],[2609750,-233250],[2608750,-233250],[2608250,-235250],[2606750,-236250],[2606750,-242250],[2605750,-242250],[2605250,-245250],[2606250,-246250],[2608250,-246250],[2608750,-247250],[2609750,-247250],[2609250,-249250],[2612750,-252750],[2613250,-255250],[2630250,-255250],[2630750,-254250],[2633250,-254250],[2634750,-253250],[2636250,-254250],[2637250,-253750],[2640750,-256250],[2644750,-256250],[2648750,-254250],[2650750,-255750],[2655250,-255750],[2655750,-256750],[2659250,-257750],[2661250,-259250],[2685250,-260750],[2686750,-259750],[2689250,-264250],[2715750,-266750],[2715750,-269250],[2714750,-269250],[2714750,-273250],[2713750,-273250],[2713750,-275250],[2714750,-275250],[2714750,-278250],[2729750,-283250],[2729750,-286250],[2730750,-286250],[2730750,-290250],[2731750,-290250],[2731750,-292250],[2732750,-292250],[2732750,-295250],[2734750,-296250],[2742750,-296250],[2742750,-298250],[2743750,-298250],[2743750,-301250],[2744750,-301250],[2744750,-303250],[2743750,-303250],[2744750,-307250],[2743750,-307250],[2743750,-310250],[2742750,-310250],[2741750,-314250],[2739750,-315250],[2738750,-319250],[2736750,-320250],[2736750,-322250],[2735750,-322250],[2735750,-324250],[2734750,-324250],[2734750,-334250],[2733750,-334250],[2733750,-335750],[2729750,-337750],[2704250,-338250],[2703750,-337250],[2702750,-337250],[2701750,-335750],[2699750,-334750],[2698750,-328250],[2696250,-326250],[2695750,-321250],[2682750,-314250],[2682750,-313250],[2681750,-312750],[2681750,-311750],[2677250,-305750],[2677750,-301250],[2675750,-304250],[2675750,-306250],[2674750,-307750],[2676750,-314750],[2685750,-323750],[2684250,-327250],[2684750,-331750],[2682750,-334250],[2682250,-336250],[2681250,-336750],[2680750,-338750],[2679750,-339250],[2679250,-341250],[2669250,-339750],[2668750,-334250],[2667750,-334750],[2665750,-339250],[2663750,-339250],[2663750,-330750],[2665250,-323750],[2659750,-321250],[2663750,-324250],[2663750,-326750],[2661750,-329750],[2659750,-339750],[2653750,-340250],[2652750,-341250],[2653250,-343250],[2651250,-343750],[2648750,-346250],[2648750,-347250],[2645250,-348250],[2644750,-349750],[2647750,-350250],[2648250,-355750],[2647250,-356750],[2646250,-356750],[2644750,-358750],[2640250,-356750],[2638250,-357750],[2638250,-360250],[2642750,-360750],[2643750,-361750],[2643750,-370750],[2642750,-371250],[2641250,-374250],[2640750,-378250],[2638750,-380750],[2638250,-383750],[2633750,-387750],[2632750,-387250],[2631750,-389750],[2628750,-391250],[2627250,-395750],[2628750,-400250],[2629750,-399750],[2631250,-396250],[2632250,-396250],[2632250,-397250],[2636250,-396750],[2636750,-397750],[2639250,-396250],[2640750,-396250],[2640750,-394750],[2642250,-394250],[2642250,-392250],[2643250,-392250],[2644250,-394250],[2646250,-394250],[2646750,-396250],[2648750,-395750],[2649750,-393750],[2651250,-393750],[2650750,-392250],[2651750,-392250],[2651750,-394250],[2652750,-394250],[2652750,-395250],[2654750,-396250],[2654750,-403250],[2653750,-403250],[2653750,-405250],[2652750,-405250],[2652750,-415250],[2653750,-415250],[2653750,-421250],[2652750,-421250],[2652750,-422250],[2650750,-423250],[2652750,-427250],[2651750,-427250],[2651750,-428250],[2648750,-428250],[2648750,-429250],[2644750,-429250],[2644750,-430250],[2642750,-430250],[2642750,-429250],[2641750,-429250],[2641750,-430250],[2638750,-430250],[2638750,-431250],[2636750,-431250],[2636750,-432250],[2630250,-432750],[2628750,-434250],[2627250,-433750],[2621250,-434750],[2622750,-436250],[2622750,-439750],[2620250,-440750],[2625750,-442750],[2624750,-443250],[2624750,-444750],[2632750,-444750],[2633750,-445250],[2633750,-446250],[2636750,-444750],[2636750,-446250],[2638250,-446250],[2637750,-451250],[2635750,-452250],[2635750,-454250],[2634750,-454250],[2634750,-456250],[2633750,-456250],[2633750,-468750],[2631750,-458250],[2630750,-457750],[2629250,-459750],[2627750,-460250],[2627750,-459250],[2621750,-453750],[2621750,-452750],[2620250,-453750],[2620250,-460750],[2621750,-463750],[2623250,-462750],[2625250,-459250],[2627250,-460250],[2626750,-466250],[2628250,-466750],[2631250,-470250],[2630750,-478250],[2633665,-479250],[2632371,-480420],[2626634,-482463],[2618573,-482144],[2617750,-481250],[2614443,-480496],[2612996,-479870],[2607958,-474661],[2597750,-468377],[2597250,-466750],[2596592,-466370],[2594791,-467417],[2591287,-465597],[2590750,-463750],[2583250,-460750],[2583250,-459250],[2582250,-458750],[2577750,-460250],[2577250,-463750],[2578750,-466750],[2578750,-468750],[2579750,-468750],[2586437,-474169],[2586376,-480787],[2583750,-481750],[2585134,-489459],[2583483,-492053],[2582304,-492681],[2579250,-491750],[2576750,-484250],[2574750,-483750],[2574250,-482750],[2572750,-483250],[2573250,-481750],[2572250,-481250],[2571750,-475750],[2568750,-475750],[2567250,-474250],[2566750,-475250],[2565250,-474750],[2565250,-476250],[2562750,-477250],[2561750,-479250],[2561750,-483750],[2560250,-485750],[2559250,-489750],[2556250,-490250],[2555750,-486750],[2556750,-485250],[2556750,-473750],[2552250,-472750],[2550250,-468250],[2550250,-466250],[2553250,-464750],[2554250,-462750],[2552750,-460250],[2552750,-458750],[2550750,-457250],[2550750,-456250],[2548750,-455250],[2549750,-454250],[2548750,-454250],[2547250,-451750],[2551250,-447250],[2551250,-446250],[2549750,-445250],[2548750,-443250],[2547250,-443250],[2547250,-444750],[2545250,-445250],[2545250,-443750],[2546250,-443250],[2545250,-442750],[2545750,-440750]],[[2544750,-427417],[2545750,-427750],[2546750,-428750],[2546750,-427250],[2544750,-427417]],[[2565250,-408732],[2567250,-409250],[2567250,-403750],[2569250,-402750],[2569250,-400750],[2570250,-399750],[2569250,-396250],[2570250,-396250],[2570250,-397250],[2573250,-396250],[2572750,-388250],[2567250,-389250],[2559250,-393750],[2558750,-396250],[2560750,-397750],[2561250,-400250],[2562750,-400750],[2562750,-402750],[2564750,-404250],[2565250,-408732]],[[2583577,-333750],[2585750,-330750],[2586250,-323250],[2585250,-323250],[2583750,-318750],[2580250,-318750],[2579750,-319750],[2578750,-319750],[2577750,-321750],[2575250,-334250],[2581250,-333250],[2583577,-333750]],[[2615750,-438750],[2619750,-438750],[2619750,-437250],[2620750,-436750],[2620250,-434750],[2614750,-436250],[2615750,-438750]],[[2610750,-321750],[2612250,-322250],[2619750,-320750],[2618750,-316750],[2618750,-310250],[2622750,-309750],[2622750,-308750],[2621750,-308750],[2622750,-306750],[2622750,-297250],[2622250,-295750],[2621250,-295750],[2617250,-291250],[2607750,-288750],[2603250,-290250],[2601750,-295250],[2601750,-296750],[2603250,-296750],[2603250,-299750],[2602250,-300250],[2602250,-313750],[2603250,-315750],[2603250,-318750],[2605250,-321250],[2606250,-321250],[2607250,-322750],[2610250,-322750],[2610750,-321750]],[[2604750,-282250],[2606250,-281250],[2604750,-279750],[2604750,-282250]],[[2579250,-393250],[2581750,-391250],[2581750,-389250],[2579250,-393250]],[[2578750,-393250],[2577250,-394250],[2578750,-395250],[2578750,-393250]],[[2627250,-400250],[2626750,-398250],[2626750,-400250],[2627250,-400250]],[[2575250,-481750],[2574250,-480750],[2574250,-481750],[2575250,-481750]]],[[[2716250,-263250],[2716250,-265250],[2715750,-265250],[2715750,-266250],[2715250,-266250],[2714750,-263250],[2716250,-263250]]]]}},{"type":"Feature","properties":{"key":"George_VI","name":"George VI","area_km2":23085.9,"lon":-69.5162,"lat":-72.3772},"geometry":{"type":"MultiPolygon","coordinates":[[[[-1783250,500750],[-1783250,500250],[-1782250,500250],[-1782750,499250],[-1784250,499750],[-1784250,500750],[-1783250,500750]]],[[[-2036750,778750],[-2034750,778750],[-2034250,784750],[-2031750,786750],[-2030750,789750],[-2030750,793750],[-2029750,794750],[-2029750,795750],[-2030750,796250],[-2029750,796750],[-2029250,799750],[-2030250,801250],[-2029750,802750],[-2030750,803250],[-2030750,804750],[-2029750,805750],[-2027750,805750],[-2027250,806750],[-2024250,806750],[-2022750,805250],[-2021750,806250],[-2020250,806250],[-2020250,805250],[-2018250,804250],[-2018250,805750],[-2019250,806750],[-2018750,807750],[-2017250,805750],[-2014750,804750],[-2013750,805750],[-2012250,805750],[-2011250,807750],[-2009750,807750],[-2009750,809750],[-2006750,808750],[-2004750,810250],[-2001250,810750],[-1999750,809750],[-1996250,809750],[-1995750,808750],[-1994750,808750],[-1995750,807750],[-1986250,807750],[-1985250,807250],[-1985250,806250],[-1983250,806750],[-1981750,805250],[-1977250,806750],[-1971750,806750],[-1971250,805750],[-1968750,806250],[-1968750,804750],[-1965250,802750],[-1965750,801250],[-1962750,801250],[-1956750,803750],[-1956250,802250],[-1951750,802250],[-1951750,800750],[-1948750,800750],[-1948750,802250],[-1947750,802250],[-1946750,801750],[-1946750,799750],[-1945750,800250],[-1940750,798250],[-1937250,798750],[-1937750,799750],[-1936750,800250],[-1935750,798750],[-1934250,798750],[-1933750,799750],[-1926750,798750],[-1926250,800250],[-1924250,800750],[-1923250,799750],[-1921750,799750],[-1921250,798250],[-1920250,798250],[-1920250,797250],[-1917250,798250],[-1914250,797750],[-1915750,795750],[-1914750,791250],[-1913750,791250],[-1913750,792250],[-1912750,792250],[-1912750,791250],[-1911750,790750],[-1907250,791250],[-1907250,792250],[-1906250,791250],[-1904750,791750],[-1904750,790250],[-1905750,789750],[-1904750,787250],[-1902250,787750],[-1898250,785750],[-1896250,785750],[-1895250,784750],[-1894750,782250],[-1893750,782750],[-1893250,781750],[-1891750,781750],[-1890750,779750],[-1886750,777750],[-1886750,776250],[-1885750,775250],[-1883250,774250],[-1879750,774750],[-1878750,773750],[-1874750,773750],[-1873750,772250],[-1872750,772250],[-1872750,771250],[-1869750,770250],[-1863750,771250],[-1863250,769750],[-1863250,770750],[-1861750,770250],[-1861250,772250],[-1859250,773750],[-1854250,775250],[-1851750,775250],[-1850250,773250],[-1847750,773250],[-1847250,777750],[-1845750,777750],[-1844750,778750],[-1842250,778750],[-1841250,777250],[-1841250,775250],[-1840250,775250],[-1839750,774250],[-1832750,775250],[-1832250,776250],[-1829250,776250],[-1829750,775250],[-1828750,775250],[-1828750,776250],[-1825750,775750],[-1825750,777250],[-1824250,777750],[-1823250,779750],[-1822250,779750],[-1821250,777750],[-1818250,777250],[-1818250,776250],[-1817250,776250],[-1817250,777250],[-1815750,779250],[-1813750,779250],[-1811250,778750],[-1810750,777250],[-1809250,777250],[-1807750,775750],[-1802250,775250],[-1802250,773250],[-1801250,773250],[-1800250,774750],[-1798750,774750],[-1794250,770750],[-1794250,769750],[-1793250,769250],[-1793750,767250],[-1791250,765750],[-1791250,764250],[-1789750,763750],[-1789250,761750],[-1786250,762250],[-1785750,763250],[-1783250,762250],[-1782750,757250],[-1779750,757250],[-1777750,753750],[-1776250,753250],[-1776750,752250],[-1775250,751750],[-1775250,750750],[-1772750,750250],[-1772750,746750],[-1771250,745750],[-1771250,744750],[-1766750,743250],[-1765750,741250],[-1763250,740750],[-1762250,739250],[-1759250,739250],[-1759250,738250],[-1758750,739250],[-1755250,738250],[-1755250,736750],[-1753750,735750],[-1753250,734250],[-1753750,733250],[-1751750,731250],[-1752250,728750],[-1750750,728250],[-1749250,725250],[-1747250,725250],[-1747250,724250],[-1746250,724250],[-1744750,720250],[-1743750,720250],[-1742250,718750],[-1741750,720250],[-1738250,720750],[-1735250,718750],[-1735250,716750],[-1734250,715250],[-1734250,710750],[-1736250,709750],[-1736250,708250],[-1734250,706250],[-1734250,704750],[-1731250,702750],[-1731250,701250],[-1729750,700750],[-1729750,698250],[-1731750,697250],[-1729750,689750],[-1729750,679750],[-1728750,677750],[-1726750,676250],[-1727250,675250],[-1726250,675250],[-1725750,673250],[-1726750,672250],[-1724250,668250],[-1725250,663750],[-1724250,663750],[-1724750,660750],[-1723750,659750],[-1723750,653250],[-1722750,652250],[-1722750,647750],[-1723750,647250],[-1723750,642750],[-1722750,642250],[-1722750,640250],[-1723750,638750],[-1722750,635750],[-1723750,633750],[-1723250,629250],[-1724250,629250],[-1723250,627250],[-1724250,627250],[-1724750,625750],[-1723250,624250],[-1723250,622250],[-1724250,622250],[-1724250,621250],[-1721750,619250],[-1721750,618250],[-1720250,618250],[-1719750,616750],[-1720750,614250],[-1722250,613750],[-1722250,612750],[-1724750,613250],[-1723750,610750],[-1725250,610750],[-1724750,608250],[-1725750,606750],[-1727750,605750],[-1728750,602250],[-1729750,602250],[-1729250,600750],[-1730250,600250],[-1730250,597250],[-1731250,596750],[-1731250,591750],[-1729750,590750],[-1729250,589250],[-1729750,584750],[-1728250,584250],[-1728250,582750],[-1726750,581750],[-1726250,579750],[-1726750,573750],[-1727750,574250],[-1729750,570250],[-1729750,567250],[-1727250,566750],[-1727250,564750],[-1729250,563250],[-1728750,562250],[-1729250,557250],[-1730250,556750],[-1730250,553250],[-1728750,551250],[-1727750,547750],[-1724750,547750],[-1724250,544750],[-1725250,543250],[-1724750,540750],[-1725750,538250],[-1729250,534750],[-1730250,534750],[-1730250,533250],[-1731250,532250],[-1730750,529250],[-1732250,528250],[-1732250,526750],[-1731250,526750],[-1730750,523750],[-1729250,523750],[-1728250,521250],[-1727250,522250],[-1725750,521750],[-1725750,520250],[-1722750,516750],[-1722750,512250],[-1721750,509250],[-1721750,505250],[-1722750,504250],[-1721250,502750],[-1720250,502750],[-1719750,501250],[-1718250,500250],[-1717750,497750],[-1715750,494750],[-1716750,491250],[-1716250,485750],[-1719750,483750],[-1718750,482750],[-1719250,481750],[-1718250,478250],[-1717250,477309],[-1727712,477502],[-1729750,480750],[-1732750,481750],[-1736750,485750],[-1740250,485750],[-1741250,487250],[-1743250,487250],[-1744250,486250],[-1745750,486250],[-1746250,485250],[-1749250,485750],[-1750250,485250],[-1750250,484250],[-1751750,484250],[-1753750,486250],[-1759250,486250],[-1760750,484750],[-1761250,480250],[-1762750,479750],[-1763750,480250],[-1763750,486250],[-1766250,488250],[-1767250,490250],[-1771250,490750],[-1771750,492250],[-1773750,493250],[-1773750,494750],[-1774750,495750],[-1777250,495250],[-1778250,496750],[-1780250,496750],[-1780750,498250],[-1782250,498750],[-1781750,500250],[-1779750,500750],[-1779750,501750],[-1777750,502750],[-1777750,508750],[-1775250,511250],[-1774250,511250],[-1774250,512250],[-1775750,513250],[-1775750,515250],[-1777250,516750],[-1776250,520750],[-1775750,519250],[-1776750,517750],[-1775250,515750],[-1774750,513250],[-1771250,511250],[-1767750,511750],[-1767250,510750],[-1766250,510750],[-1766250,506750],[-1764750,506250],[-1765250,504250],[-1762250,504750],[-1761750,505750],[-1761750,502250],[-1758750,498750],[-1755750,498250],[-1753750,499750],[-1751750,499750],[-1751250,498750],[-1745750,498750],[-1745750,499750],[-1744750,500250],[-1745750,501250],[-1748250,501250],[-1747250,504750],[-1748250,505250],[-1748250,506250],[-1751250,506250],[-1751250,509250],[-1754750,511250],[-1756750,514250],[-1762750,514750],[-1763250,516750],[-1762250,517250],[-1763250,517250],[-1763750,518750],[-1766250,519750],[-1766250,520750],[-1770750,522250],[-1770250,523750],[-1768250,524750],[-1768250,525750],[-1769250,525250],[-1769250,527250],[-1768250,527750],[-1768250,531250],[-1770750,530750],[-1771250,528750],[-1771250,530750],[-1772250,530750],[-1772250,532750],[-1771250,532750],[-1771250,533750],[-1773250,533750],[-1773250,534750],[-1772750,538750],[-1763250,539750],[-1764250,542750],[-1764250,543750],[-1763250,543750],[-1763250,546750],[-1759250,548750],[-1759250,553750],[-1758750,552750],[-1757750,552750],[-1757750,553750],[-1755750,553750],[-1756250,556750],[-1753750,558750],[-1753250,560750],[-1752250,561250],[-1751750,564750],[-1749750,564250],[-1750250,567250],[-1749250,563750],[-1747250,564750],[-1744750,564250],[-1742750,571250],[-1744250,573750],[-1746750,572250],[-1746750,574750],[-1745750,574750],[-1745250,575750],[-1743750,575250],[-1742750,576750],[-1745750,576750],[-1747250,581250],[-1754250,582750],[-1754750,580750],[-1760750,579750],[-1760750,576750],[-1761750,577750],[-1764250,577750],[-1764750,576750],[-1765750,576750],[-1766750,573750],[-1773250,573750],[-1777750,572250],[-1778750,573750],[-1781250,574750],[-1779750,573250],[-1781750,572750],[-1781750,570750],[-1780750,570750],[-1780750,565750],[-1782750,565750],[-1784250,568750],[-1795250,568750],[-1795250,569750],[-1798250,569750],[-1798250,570750],[-1800750,570750],[-1800750,572750],[-1801250,573750],[-1802250,573750],[-1802250,574750],[-1804750,574750],[-1805250,575750],[-1806250,575750],[-1806250,576750],[-1807250,576750],[-1806750,575750],[-1807750,575250],[-1808250,586250],[-1806750,588250],[-1807250,590750],[-1805750,593750],[-1805750,595750],[-1802750,601750],[-1802750,604250],[-1801750,604750],[-1802250,607250],[-1799750,608750],[-1797750,614750],[-1796750,615250],[-1796250,617750],[-1794250,619750],[-1794250,621750],[-1795250,622750],[-1800250,624750],[-1800250,626250],[-1801250,626250],[-1800750,627250],[-1801750,627250],[-1802250,628250],[-1802250,630250],[-1800750,630750],[-1800250,629750],[-1796750,629750],[-1795250,628250],[-1790750,627250],[-1789250,631750],[-1787750,631750],[-1789750,637250],[-1788750,648750],[-1789250,650750],[-1787750,652250],[-1786750,656750],[-1785750,656750],[-1785750,658750],[-1786750,659250],[-1787250,662250],[-1785750,663250],[-1785250,669250],[-1786250,672750],[-1787250,671250],[-1787250,673250],[-1785750,674250],[-1785750,675250],[-1787750,679250],[-1789250,679750],[-1790250,681250],[-1795750,680250],[-1796750,681750],[-1799250,682250],[-1799250,684750],[-1802250,685250],[-1803250,686250],[-1803250,691250],[-1804250,691250],[-1802250,692250],[-1801250,693750],[-1802750,694250],[-1803750,695750],[-1806250,696250],[-1805750,699250],[-1808250,702250],[-1813750,703750],[-1813750,709750],[-1808750,710750],[-1808750,714750],[-1810250,716250],[-1817750,718250],[-1820750,721750],[-1823750,723250],[-1824250,724750],[-1826250,724250],[-1827750,725750],[-1834750,725250],[-1834750,726250],[-1836750,727250],[-1838250,728750],[-1838250,729750],[-1840250,729250],[-1839750,730750],[-1842750,733250],[-1842750,735250],[-1844250,737250],[-1847250,738750],[-1851250,739250],[-1866250,746750],[-1868750,746250],[-1869250,747250],[-1870250,747250],[-1870250,748750],[-1869250,747750],[-1867750,748250],[-1872250,751750],[-1880750,751750],[-1882750,752750],[-1891250,753750],[-1893250,755750],[-1896250,755750],[-1896750,756750],[-1898250,756250],[-1898750,758250],[-1901750,758250],[-1901750,759750],[-1913750,763750],[-1914750,765250],[-1920750,765750],[-1921750,765250],[-1921750,764250],[-1924250,764250],[-1924750,766750],[-1923750,766250],[-1923750,767250],[-1925750,768250],[-1933250,768750],[-1935250,766250],[-1937250,765750],[-1938250,766250],[-1937750,767250],[-1940750,767250],[-1940750,770250],[-1942750,770250],[-1943250,772250],[-1948750,775250],[-1952250,775750],[-1953250,774250],[-1955250,773750],[-1955750,771750],[-1956750,771750],[-1956750,775750],[-1955750,775750],[-1955750,777250],[-1959750,777250],[-1961750,776250],[-1962750,777250],[-1965250,776750],[-1972250,779250],[-1975250,778250],[-1975250,779250],[-1976250,779750],[-1979750,780250],[-1980750,779250],[-1982750,779250],[-1983250,778250],[-1986250,778250],[-1996750,781250],[-2005750,780750],[-2008250,782250],[-2013750,781750],[-2014750,781250],[-2014750,780250],[-2018750,780750],[-2021250,779750],[-2029750,778750],[-2031750,777750],[-2035750,777750],[-2036750,778750]],[[-1732250,526250],[-1732750,528250],[-1734750,527250],[-1734750,526250],[-1732250,526250]],[[-1991750,802750],[-1990250,803750],[-1992250,803750],[-1991750,802750]],[[-1836750,773250],[-1837250,773750],[-1839250,773750],[-1838250,772750],[-1836750,773250]],[[-1956250,799750],[-1958250,800750],[-1958250,799750],[-1956250,799750]],[[-1948750,798250],[-1950250,798250],[-1950250,796750],[-1948250,796750],[-1948750,798250]],[[-1939750,795250],[-1938750,795250],[-1938750,796250],[-1945250,796250],[-1943250,794250],[-1940250,794250],[-1939750,795250]],[[-1939250,769750],[-1938750,770250],[-1939750,770250],[-1939750,768250],[-1938750,767750],[-1938250,768750],[-1939250,769750]],[[-1799750,688750],[-1796750,687750],[-1796750,686750],[-1794250,686750],[-1793750,690750],[-1795750,693750],[-1796750,693750],[-1797250,691750],[-1799750,690250],[-1799750,688750]],[[-1761250,599250],[-1760750,600250],[-1759750,600250],[-1760250,602250],[-1762250,600750],[-1762250,599250],[-1761250,599250]],[[-1753750,594189],[-1753250,596250],[-1754750,597250],[-1755250,595750],[-1754750,594250],[-1753750,594189]],[[-1761999,586250],[-1761750,586750],[-1760750,586250],[-1760750,587250],[-1762750,587750],[-1761999,586250]],[[-1739750,581250],[-1738750,581750],[-1739750,582250],[-1739750,581250]],[[-1742250,580250],[-1741750,577250],[-1740750,577250],[-1739750,579750],[-1742250,580250]],[[-1734750,545250],[-1733750,545750],[-1734750,546250],[-1734750,545250]],[[-1753250,520250],[-1750750,520750],[-1750750,522750],[-1752250,521250],[-1753250,521250],[-1753250,520250]],[[-1748250,507750],[-1744250,505250],[-1743250,505750],[-1745750,509750],[-1748250,509250],[-1748250,507750]],[[-1731649,490750],[-1729750,491750],[-1729750,492750],[-1731750,491750],[-1731649,490750]],[[-1732250,488250],[-1732250,489250],[-1733250,489250],[-1733250,488250],[-1732250,488250]]]]}},{"type":"Feature","properties":{"key":"LarsenD","name":"Larsen D","area_km2":21676.0,"lon":-61.6732,"lat":-70.2631},"geometry":{"type":"MultiPolygon","coordinates":[[[[-2073750,1014082],[-2074250,1015250],[-2075250,1015250],[-2075750,1017250],[-2074250,1021250],[-2073250,1021250],[-2070250,1024250],[-2070250,1030750],[-2068250,1032250],[-2067250,1034250],[-2067250,1037250],[-2069250,1035750],[-2069750,1034250],[-2070750,1034250],[-2071250,1033250],[-2073250,1033250],[-2073750,1035750],[-2072250,1037250],[-2072250,1038750],[-2075250,1039250],[-2081250,1037250],[-2082750,1038250],[-2082750,1039250],[-2079250,1042750],[-2073750,1044250],[-2073250,1047250],[-2079750,1047250],[-2083250,1044250],[-2085750,1044250],[-2085750,1043250],[-2087250,1041750],[-2088250,1042250],[-2090250,1040250],[-2090250,1039250],[-2091750,1038250],[-2091750,1036250],[-2093250,1034750],[-2095250,1034250],[-2096250,1032250],[-2102250,1030750],[-2102750,1032750],[-2101250,1033750],[-2101250,1035250],[-2102750,1035250],[-2103750,1033750],[-2106750,1034250],[-2106750,1035750],[-2108250,1035750],[-2110250,1038250],[-2113250,1044750],[-2112250,1049250],[-2111250,1051250],[-2110250,1051250],[-2110250,1052250],[-2109250,1052750],[-2109250,1055250],[-2114250,1061250],[-2115250,1064750],[-2112250,1070750],[-2110750,1070750],[-2106750,1072750],[-2104750,1072750],[-2102750,1074250],[-2103250,1076250],[-2105250,1076750],[-2108750,1081250],[-2110750,1081250],[-2111750,1078750],[-2113250,1077750],[-2115750,1072750],[-2116250,1069750],[-2118250,1067250],[-2119250,1062750],[-2120750,1061750],[-2121250,1053750],[-2122250,1052250],[-2122250,1049250],[-2123250,1047116],[-2121189,1061158],[-2113748,1077155],[-2110602,1081758],[-2099954,1086456],[-2082989,1104936],[-2059661,1125411],[-2054597,1128786],[-2046250,1132750],[-2041750,1132750],[-2035750,1136750],[-2032250,1137250],[-2031250,1139750],[-2031750,1136750],[-2029750,1136750],[-2029250,1131750],[-2028250,1131750],[-2028250,1132750],[-2025250,1133250],[-2024250,1133250],[-2024250,1131750],[-2021750,1131750],[-2021750,1130750],[-2020750,1131750],[-2017250,1132250],[-2017250,1130750],[-2016250,1130750],[-2016250,1129750],[-2014250,1129750],[-2014250,1128750],[-2013250,1128750],[-2013250,1126750],[-2011250,1126750],[-2011250,1125750],[-2010250,1125750],[-2010250,1119750],[-2009250,1119750],[-2009250,1114750],[-2008250,1114750],[-2008250,1111750],[-2007250,1111750],[-2007250,1109750],[-2006250,1109750],[-2006250,1107750],[-2005250,1107750],[-2005250,1104750],[-2004250,1104750],[-2003250,1100750],[-2001250,1099750],[-2001250,1097750],[-2000250,1097750],[-2000250,1096750],[-1998250,1095750],[-1998250,1093750],[-1997250,1093750],[-1997250,1092750],[-1996250,1092750],[-1996250,1091750],[-1995250,1091750],[-1995250,1090750],[-1994250,1090750],[-1994250,1089750],[-1993250,1089250],[-1994250,1088750],[-1994250,1087750],[-1992250,1086750],[-1992250,1083250],[-1989250,1079250],[-1988250,1075750],[-1986750,1074750],[-1985250,1069750],[-1983750,1068750],[-1984250,1066750],[-1993750,1067250],[-1994250,1068250],[-1997750,1069250],[-2005750,1067750],[-2006750,1066750],[-2009250,1066750],[-2010750,1067750],[-2015250,1067750],[-2017750,1067250],[-2018250,1066250],[-2022750,1065750],[-2023750,1064750],[-2025250,1064750],[-2026250,1063250],[-2027750,1063250],[-2028250,1061750],[-2030750,1059750],[-2030750,1055250],[-2028750,1052250],[-2025250,1051750],[-2018750,1048750],[-2010250,1048750],[-2008250,1049750],[-2006750,1049250],[-2006750,1050250],[-2004750,1050750],[-2003750,1049750],[-2000250,1050250],[-1998750,1048750],[-1992250,1048750],[-1992250,1049750],[-1989250,1049750],[-1988750,1048750],[-1984250,1047250],[-1983250,1045750],[-1981750,1046250],[-1982250,1045250],[-1981250,1045250],[-1979750,1043750],[-1974250,1043750],[-1970250,1042250],[-1968250,1040250],[-1966750,1040250],[-1965750,1041250],[-1964750,1045750],[-1963750,1042750],[-1962750,1045250],[-1961250,1044250],[-1961750,1046250],[-1959250,1046250],[-1960250,1048250],[-1959750,1049750],[-1960750,1050750],[-1958250,1051250],[-1959750,1053250],[-1954250,1053250],[-1955750,1058250],[-1953250,1059250],[-1955750,1061250],[-1955750,1062250],[-1953250,1063750],[-1944750,1063750],[-1947250,1065250],[-1951750,1065750],[-1952250,1067750],[-1951250,1067750],[-1950250,1066750],[-1947750,1067250],[-1947250,1066250],[-1945250,1066250],[-1944250,1065250],[-1942250,1065750],[-1941250,1063750],[-1939750,1063750],[-1939750,1060250],[-1937750,1056750],[-1936750,1056750],[-1935250,1054750],[-1934250,1054750],[-1932750,1053250],[-1928250,1053750],[-1926250,1054750],[-1924250,1056750],[-1924250,1060250],[-1923750,1058750],[-1923250,1059750],[-1921750,1059250],[-1920750,1057750],[-1919750,1057750],[-1919750,1056250],[-1917250,1055250],[-1916750,1054250],[-1912750,1053750],[-1911750,1050750],[-1910750,1053750],[-1910750,1054750],[-1911750,1055250],[-1903750,1053750],[-1904250,1055250],[-1908750,1055750],[-1908250,1057250],[-1906250,1057250],[-1908250,1059750],[-1906250,1059750],[-1906250,1058750],[-1902250,1058750],[-1902250,1057750],[-1900250,1057750],[-1900250,1058750],[-1899250,1058750],[-1899250,1057750],[-1892250,1057750],[-1892250,1056750],[-1887250,1056750],[-1887250,1055750],[-1885250,1056750],[-1885250,1055750],[-1883250,1055250],[-1875250,1055750],[-1875250,1054750],[-1873250,1054750],[-1872250,1052750],[-1871250,1052750],[-1871250,1053750],[-1867250,1053750],[-1867250,1052750],[-1866250,1052750],[-1867250,1050750],[-1865250,1050750],[-1864750,1051750],[-1865750,1052250],[-1864250,1052750],[-1863250,1050250],[-1866250,1049250],[-1866250,1047750],[-1867250,1047750],[-1867750,1045250],[-1868750,1044750],[-1868250,1041250],[-1869750,1041250],[-1869750,1044250],[-1870750,1044250],[-1872250,1043250],[-1872250,1042250],[-1872750,1043250],[-1873750,1042750],[-1873250,1041250],[-1874250,1041250],[-1876250,1037750],[-1880250,1037250],[-1882250,1035250],[-1884250,1035250],[-1884750,1034250],[-1885750,1034250],[-1883750,1033750],[-1883250,1032250],[-1881250,1032250],[-1880250,1033250],[-1878750,1033250],[-1876750,1035750],[-1872250,1036250],[-1872750,1034750],[-1875250,1034250],[-1875250,1032750],[-1877250,1032750],[-1877250,1029250],[-1878250,1029250],[-1878250,1028250],[-1875750,1028250],[-1874250,1026750],[-1868750,1026750],[-1866750,1027750],[-1866750,1028750],[-1862750,1028250],[-1861750,1029250],[-1862750,1032250],[-1865750,1034750],[-1866250,1038250],[-1867750,1040750],[-1867750,1041750],[-1866750,1042250],[-1866750,1046250],[-1864250,1047750],[-1863750,1046250],[-1864750,1045250],[-1865750,1041250],[-1865750,1036250],[-1864250,1034250],[-1861750,1033250],[-1859250,1030750],[-1851250,1029250],[-1846750,1029750],[-1845250,1031250],[-1844750,1034750],[-1843750,1034750],[-1843250,1033750],[-1843750,1032250],[-1842250,1029250],[-1838750,1030250],[-1837250,1031750],[-1837250,1032750],[-1836250,1032750],[-1836250,1031750],[-1835250,1031750],[-1835250,1030750],[-1833250,1030750],[-1833250,1029750],[-1832250,1029750],[-1832250,1028750],[-1831250,1028750],[-1830250,1026750],[-1828250,1026750],[-1827750,1022250],[-1826250,1022250],[-1825750,1021250],[-1825250,1015250],[-1823750,1012250],[-1819250,1011750],[-1808750,1016750],[-1807750,1017750],[-1807250,1020750],[-1807250,1018250],[-1802750,1016250],[-1802250,1009750],[-1801250,1009250],[-1801250,1007250],[-1799250,1005750],[-1796250,1004750],[-1796250,1005750],[-1797750,1007250],[-1798750,1007250],[-1798750,1008250],[-1799750,1008250],[-1799750,1011250],[-1796750,1011750],[-1796250,1013250],[-1791750,1012750],[-1790750,1013750],[-1790250,1012750],[-1789250,1012750],[-1789250,1011750],[-1779250,1011750],[-1779250,1008750],[-1777250,1008750],[-1777250,1007750],[-1776250,1007250],[-1776250,1003750],[-1775250,1003750],[-1775250,1002750],[-1773250,1002750],[-1773250,1001750],[-1771250,1002750],[-1771250,1001750],[-1769250,1001750],[-1769250,999750],[-1767250,999750],[-1767250,998750],[-1764250,998750],[-1764250,997750],[-1761250,997750],[-1761250,996750],[-1755250,996750],[-1755250,995750],[-1754250,995750],[-1754250,993750],[-1752250,993750],[-1752250,992750],[-1742250,992750],[-1742250,993750],[-1739250,993750],[-1739250,992750],[-1735250,992750],[-1735250,990750],[-1733250,990750],[-1733250,988750],[-1732250,988750],[-1732250,987750],[-1727250,987750],[-1727250,986750],[-1723250,986750],[-1723250,985750],[-1721250,984750],[-1721250,982750],[-1722250,982750],[-1722250,981750],[-1716250,981750],[-1716250,979750],[-1713250,979750],[-1713250,978750],[-1711250,978750],[-1711250,977750],[-1709250,976750],[-1709250,974750],[-1707250,973750],[-1707750,972750],[-1705250,972750],[-1705250,971750],[-1703250,971250],[-1701750,969750],[-1694250,969750],[-1693250,967250],[-1692250,967250],[-1690750,965750],[-1685250,965250],[-1685250,967750],[-1684750,966750],[-1682750,966250],[-1678250,966250],[-1677750,968250],[-1676250,968250],[-1674750,969750],[-1668750,968250],[-1664250,968750],[-1664250,969750],[-1662250,969750],[-1660750,970750],[-1658250,968750],[-1654250,968750],[-1654250,967750],[-1653250,967750],[-1653250,965750],[-1651250,965750],[-1651250,963750],[-1648250,962750],[-1648250,961750],[-1647250,961750],[-1646250,959750],[-1644250,959750],[-1644250,958750],[-1642250,957750],[-1642250,954750],[-1643250,954750],[-1643250,953750],[-1642250,953750],[-1642250,951750],[-1640250,951750],[-1640250,950750],[-1639250,950750],[-1639250,949750],[-1638250,949750],[-1637250,947750],[-1635250,947750],[-1635250,946750],[-1634250,946750],[-1633250,944750],[-1628250,943750],[-1628250,942750],[-1627250,942750],[-1626750,940750],[-1625750,940750],[-1625250,938750],[-1624250,938750],[-1624250,933750],[-1613250,922250],[-1612250,922250],[-1611250,917750],[-1620250,915250],[-1620250,913250],[-1617750,908750],[-1617750,905750],[-1619250,905750],[-1625750,915250],[-1629250,915250],[-1629250,918250],[-1631750,920750],[-1631750,921750],[-1636250,925250],[-1636750,926750],[-1639750,927750],[-1643250,930750],[-1646750,931250],[-1651250,933750],[-1652750,933750],[-1654750,931750],[-1655250,928750],[-1656250,928750],[-1656750,927750],[-1655250,922750],[-1656750,920750],[-1657250,916750],[-1654250,914250],[-1653750,912750],[-1651750,911750],[-1650750,909250],[-1653250,908750],[-1655250,910250],[-1658750,911250],[-1660250,911250],[-1661250,910250],[-1664250,910250],[-1664750,912250],[-1662250,913750],[-1662750,915250],[-1666750,914750],[-1675750,919250],[-1678250,918750],[-1679250,914250],[-1680750,913750],[-1682750,916250],[-1683250,919250],[-1685750,920750],[-1689250,919750],[-1689250,922250],[-1688750,923250],[-1686750,923750],[-1686250,924750],[-1682250,926250],[-1681750,927250],[-1677750,929250],[-1677750,931250],[-1676750,931750],[-1676250,935250],[-1675250,936750],[-1675750,942750],[-1679750,945250],[-1680750,944250],[-1682250,944750],[-1682750,943750],[-1684250,944250],[-1685250,939750],[-1687250,939250],[-1687750,936250],[-1689750,936250],[-1689750,939750],[-1691250,940750],[-1691250,941750],[-1688250,945750],[-1685750,946750],[-1685750,948250],[-1687250,949250],[-1688750,948250],[-1690750,949250],[-1691750,951250],[-1697250,952750],[-1701250,950750],[-1702750,950750],[-1704750,948750],[-1705250,946750],[-1706750,946750],[-1707250,953750],[-1708250,954750],[-1707750,959750],[-1718750,965750],[-1719750,962750],[-1718750,961750],[-1718750,959750],[-1716750,954750],[-1719250,952750],[-1719750,950750],[-1720750,950250],[-1721250,946250],[-1720250,946250],[-1719750,944750],[-1716250,945250],[-1714250,944250],[-1713750,943250],[-1711250,942250],[-1711250,940750],[-1713250,939250],[-1723750,940250],[-1724750,939250],[-1724750,937750],[-1726250,936250],[-1727250,936250],[-1729250,933250],[-1730250,933250],[-1730250,932250],[-1731250,931750],[-1730250,920250],[-1731750,919250],[-1733250,916250],[-1733250,912750],[-1734250,911250],[-1736250,911250],[-1738750,913750],[-1738250,915750],[-1739250,915750],[-1739250,916750],[-1738250,916250],[-1738250,918250],[-1739250,918250],[-1739250,921750],[-1741250,921750],[-1743250,919250],[-1746750,917250],[-1748250,917250],[-1750250,914750],[-1753250,914250],[-1753750,915750],[-1754750,915750],[-1754750,916750],[-1753250,917250],[-1753250,918250],[-1754250,918250],[-1754250,919750],[-1752750,921750],[-1752750,924250],[-1750750,925750],[-1750750,927750],[-1749750,928750],[-1748250,934250],[-1748750,943250],[-1746750,947250],[-1746750,948750],[-1743750,949750],[-1742250,951250],[-1738250,959250],[-1738750,962750],[-1740250,963750],[-1744750,961250],[-1744750,963250],[-1743750,963750],[-1743750,964750],[-1746750,965250],[-1751250,964250],[-1752750,965250],[-1752750,966750],[-1751250,967750],[-1749250,967750],[-1747750,969250],[-1744250,969250],[-1742250,970250],[-1741750,973750],[-1743750,975250],[-1743750,976250],[-1746750,976250],[-1747250,975250],[-1748250,975250],[-1750750,979250],[-1753250,979250],[-1754250,977750],[-1755250,977750],[-1756250,976750],[-1755750,975250],[-1756750,973750],[-1758750,974250],[-1759750,977750],[-1763750,977250],[-1764750,975250],[-1766250,974750],[-1768250,975250],[-1769750,977250],[-1772250,976250],[-1771750,971250],[-1767250,966750],[-1765250,962750],[-1764750,959750],[-1763750,958750],[-1763250,955750],[-1763750,953250],[-1767250,951750],[-1767750,947750],[-1771250,943750],[-1771250,942750],[-1772250,942750],[-1772750,941750],[-1775250,941750],[-1775750,946750],[-1774250,948750],[-1773750,952750],[-1775750,955750],[-1780750,957250],[-1780750,959250],[-1779250,960750],[-1779250,962750],[-1780750,964250],[-1781250,966250],[-1785250,966750],[-1786750,967750],[-1786750,969750],[-1784750,970250],[-1784250,971750],[-1782750,971750],[-1782750,973250],[-1781750,974250],[-1782250,982250],[-1783250,982250],[-1783750,983250],[-1785250,981250],[-1789250,981250],[-1790750,979750],[-1792250,980250],[-1794750,979250],[-1795750,979250],[-1796750,980750],[-1796250,982250],[-1795250,982250],[-1795250,983250],[-1793750,983750],[-1793250,985750],[-1791750,985250],[-1789750,988250],[-1784750,988250],[-1784750,990750],[-1787250,993250],[-1787250,994250],[-1795250,993750],[-1798250,990750],[-1798250,989750],[-1799250,989750],[-1799250,988750],[-1802250,988250],[-1804250,989250],[-1803750,992750],[-1802750,993750],[-1801250,993250],[-1798750,995750],[-1798750,996750],[-1797750,996750],[-1797750,998750],[-1799750,1001250],[-1803750,1002250],[-1807750,1001750],[-1812250,1000250],[-1814250,998250],[-1814250,997250],[-1815250,997250],[-1818250,999250],[-1819250,1001750],[-1821250,1002250],[-1822750,1001750],[-1823250,999250],[-1824750,997750],[-1825750,997750],[-1826250,999250],[-1828250,999250],[-1829250,1002250],[-1830750,1003250],[-1831750,1002750],[-1834250,1006250],[-1837750,1007750],[-1840750,1007750],[-1842750,1006250],[-1843750,1004250],[-1845250,1004250],[-1846250,1003250],[-1847750,999250],[-1848250,995250],[-1846750,992250],[-1843750,989750],[-1843750,987250],[-1845250,985750],[-1845250,982750],[-1846250,981750],[-1847750,982250],[-1849250,981250],[-1848750,982750],[-1850250,983250],[-1850250,984750],[-1851250,983250],[-1853750,982750],[-1854250,984250],[-1855250,984250],[-1855250,985250],[-1858250,988250],[-1858250,989250],[-1861750,986250],[-1864250,986250],[-1864250,987250],[-1867250,986750],[-1867750,989250],[-1866250,989750],[-1866750,993250],[-1863750,993750],[-1863750,994750],[-1861750,995750],[-1861250,997750],[-1863250,998750],[-1863750,1000250],[-1863250,1001750],[-1862250,1001750],[-1863250,1005750],[-1865250,1007750],[-1867250,1007250],[-1868750,1009250],[-1870250,1009750],[-1870250,1013250],[-1869250,1014750],[-1869750,1018750],[-1868750,1019250],[-1868750,1020750],[-1871750,1022250],[-1877750,1022750],[-1879750,1021750],[-1879250,1019250],[-1881750,1017250],[-1881750,1015750],[-1884250,1010750],[-1884250,1007750],[-1882250,1006750],[-1882250,1003750],[-1886250,1004250],[-1885250,1002750],[-1885250,999250],[-1884250,997750],[-1885250,993250],[-1887250,993750],[-1886750,994750],[-1888250,995250],[-1888250,996750],[-1891750,1000750],[-1893250,1000250],[-1894250,1002250],[-1898250,1003250],[-1899750,1001750],[-1899750,1000750],[-1902750,998750],[-1903750,995750],[-1905750,993750],[-1906750,993750],[-1908750,991250],[-1910250,991250],[-1910250,992750],[-1908750,992250],[-1908750,997250],[-1910750,998750],[-1912750,998250],[-1915750,999750],[-1914750,1004250],[-1917750,1004750],[-1918750,1003750],[-1920250,1003750],[-1921750,1005750],[-1921750,1007750],[-1920750,1007750],[-1920750,1010250],[-1918750,1011250],[-1916250,1011250],[-1915750,1012750],[-1913750,1013750],[-1913750,1015250],[-1911750,1014750],[-1910750,1013250],[-1909250,1013250],[-1910250,1017750],[-1911250,1018250],[-1911250,1019750],[-1912750,1020250],[-1912250,1021750],[-1913250,1023250],[-1919250,1023250],[-1921250,1024250],[-1925250,1024250],[-1926750,1025750],[-1931250,1025750],[-1933750,1024250],[-1939750,1023250],[-1941250,1022250],[-1941250,1020750],[-1943250,1019750],[-1946750,1019750],[-1947250,1022750],[-1948250,1023250],[-1953250,1023250],[-1954250,1022250],[-1956250,1022250],[-1959250,1019250],[-1962750,1018750],[-1964750,1019250],[-1962750,1020750],[-1964250,1021250],[-1964250,1022750],[-1966250,1024750],[-1966750,1026750],[-1969250,1027750],[-1973250,1032250],[-1980750,1036250],[-1982750,1036250],[-1987750,1038250],[-1991750,1041750],[-1996250,1041750],[-1996750,1037750],[-1998750,1036750],[-2002750,1037250],[-2006250,1039250],[-2009250,1039750],[-2013250,1039250],[-2016250,1037750],[-2016250,1028750],[-2018250,1028750],[-2018750,1027750],[-2026250,1028250],[-2029750,1032250],[-2038250,1032250],[-2040250,1033250],[-2044750,1033250],[-2044750,1032250],[-2041250,1029750],[-2040250,1026750],[-2041250,1023750],[-2043250,1023250],[-2046750,1023250],[-2048750,1025250],[-2049750,1028750],[-2051250,1029750],[-2051750,1032750],[-2056250,1033750],[-2056250,1031750],[-2057250,1031250],[-2057250,1028250],[-2058250,1027750],[-2058250,1026750],[-2062250,1022750],[-2063250,1022750],[-2063750,1021250],[-2066750,1018250],[-2067750,1018250],[-2070750,1014250],[-2073750,1014082]],[[-2032750,1136750],[-2035750,1135750],[-2035750,1134750],[-2033750,1134750],[-2033750,1135750],[-2031750,1136250],[-2032750,1136750]],[[-1910750,1052750],[-1909750,1052250],[-1909250,1053750],[-1910750,1053750],[-1910750,1052750]],[[-1857852,989250],[-1856750,990250],[-1857250,991250],[-1858750,990250],[-1857852,989250]],[[-1908750,1049750],[-1909750,1048250],[-1908250,1047750],[-1908750,1046250],[-1907250,1044750],[-1906250,1044750],[-1905250,1048250],[-1906750,1047750],[-1906750,1048750],[-1908750,1049750]],[[-1899750,1040750],[-1898250,1043250],[-1898750,1046250],[-1899750,1044250],[-1899750,1040750]],[[-1904250,1027750],[-1902750,1025750],[-1901750,1025750],[-1901750,1034250],[-1903250,1033750],[-1902750,1031750],[-1904250,1031250],[-1904250,1027750]],[[-1915250,1027750],[-1909250,1022750],[-1908750,1021250],[-1907750,1022750],[-1908250,1025750],[-1913750,1029250],[-1915250,1027750]],[[-1880750,1027750],[-1881750,1025750],[-1880750,1025250],[-1882250,1022250],[-1880750,1022250],[-1880750,1023750],[-1876750,1024250],[-1876750,1025250],[-1878250,1025750],[-1878750,1027750],[-1880750,1027750]],[[-1871750,1024750],[-1873250,1024250],[-1873250,1022750],[-1870750,1023750],[-1871750,1024750]],[[-1885750,1014750],[-1887750,1014250],[-1887750,1013750],[-1885750,1013750],[-1885750,1014750]],[[-1904250,1012250],[-1903250,1013250],[-1903750,1014250],[-1906750,1012750],[-1906750,1011750],[-1905250,1011250],[-1903750,1011250],[-1904250,1012250]],[[-1819750,1010750],[-1821250,1011250],[-1821250,1009750],[-1820250,1009750],[-1819750,1010750]],[[-1822750,1002750],[-1821750,1003250],[-1821750,1004250],[-1822750,1004250],[-1822750,1002750]],[[-1671250,929250],[-1666750,925250],[-1666750,924250],[-1664750,924250],[-1664750,929750],[-1665750,931250],[-1668750,932250],[-1669750,930750],[-1671250,930250],[-1671250,929250]]],[[[-1978750,1063250],[-1972750,1062750],[-1975750,1057750],[-1975750,1055750],[-1977250,1055250],[-1977750,1056250],[-1981250,1057250],[-1980750,1059750],[-1979750,1060750],[-1980250,1062250],[-1979250,1062250],[-1978750,1063250]]],[[[-1983750,1067750],[-1981750,1065750],[-1982250,1064250],[-1981250,1063750],[-1981250,1062750],[-1982250,1062750],[-1982750,1065750],[-1984250,1066250],[-1983750,1067750]]],[[[-1945250,1083750],[-1939250,1082750],[-1939250,1081750],[-1937250,1081750],[-1937250,1079750],[-1936250,1079750],[-1936250,1073750],[-1937250,1073750],[-1937250,1070750],[-1938250,1070750],[-1938250,1069750],[-1940250,1069750],[-1940250,1068750],[-1938250,1068750],[-1938250,1066750],[-1939250,1066750],[-1940250,1064250],[-1941250,1064250],[-1940750,1066250],[-1944250,1065750],[-1944250,1066750],[-1946250,1066750],[-1951250,1069250],[-1949250,1073250],[-1949250,1075750],[-1950250,1077250],[-1949250,1079250],[-1949250,1082250],[-1947750,1083750],[-1946250,1083750],[-1946250,1084750],[-1945250,1084750],[-1945250,1083750]]]]}},{"type":"Feature","properties":{"key":"Borchgrevink","name":"Borchgrevink","area_km2":20915.4,"lon":19.7674,"lat":-70.2848},"geometry":{"type":"MultiPolygon","coordinates":[[[[646750,2039250],[639250,2042250],[638750,2043750],[636250,2043750],[635750,2044750],[634750,2044750],[634750,2042750],[632250,2042250],[629750,2043250],[627750,2045750],[625250,2045250],[622750,2046750],[622750,2050250],[620750,2047750],[619750,2044250],[615750,2043750],[615250,2044750],[614250,2044750],[613250,2048750],[611750,2049750],[610750,2051750],[609750,2051750],[608750,2053750],[608250,2056750],[609750,2056750],[613750,2060750],[613750,2063250],[616750,2065250],[617750,2071250],[618750,2072250],[618250,2075750],[620250,2077750],[621250,2077750],[621750,2079250],[622250,2086250],[620250,2089750],[617250,2088750],[612250,2088750],[609250,2090250],[606250,2090250],[603750,2088250],[597250,2087750],[594750,2086250],[593750,2083250],[592750,2082750],[590750,2078750],[590750,2076250],[589750,2075750],[589750,2074250],[584750,2073750],[589192,2074368],[589479,2075486],[590400,2076753],[590596,2078548],[591305,2080223],[595138,2086968],[597809,2088191],[603292,2088652],[606298,2090402],[607390,2090559],[607354,2097919],[605291,2105750],[607250,2099250],[608250,2099750],[609750,2103750],[612750,2107250],[613750,2107250],[613750,2105750],[614750,2105750],[615250,2107250],[614250,2107750],[614250,2109750],[615250,2112250],[615250,2115250],[618250,2121250],[619250,2122250],[620750,2122250],[620750,2123750],[621750,2123750],[622250,2124750],[623250,2124750],[622750,2124250],[623250,2123250],[626250,2124250],[626750,2125250],[633750,2126750],[635750,2128250],[636250,2129750],[635250,2131750],[637750,2131750],[639250,2132750],[647750,2131750],[648250,2130750],[651250,2130750],[651750,2129750],[655750,2128750],[656250,2126750],[658250,2126750],[659750,2124250],[661750,2123750],[661750,2122250],[660750,2122250],[661250,2121250],[663250,2121250],[663250,2122250],[665250,2122750],[665750,2124250],[669250,2124250],[671750,2122250],[676750,2122250],[678250,2122750],[679750,2124750],[679750,2119750],[680750,2119750],[680750,2117750],[681750,2117750],[681750,2116750],[682750,2116750],[682750,2115750],[684750,2114750],[685750,2110750],[686750,2110750],[686750,2109750],[687750,2109750],[687750,2108750],[688750,2108750],[689750,2106750],[691750,2106750],[691750,2105750],[692750,2105750],[692750,2104750],[693750,2104750],[693750,2103750],[694750,2103750],[694750,2102750],[696750,2101750],[696750,2099750],[697750,2099750],[697750,2098750],[699750,2097750],[700750,2093750],[702750,2093750],[702750,2092750],[703750,2092750],[703750,2091750],[705750,2090750],[705750,2088750],[706750,2088750],[706750,2087750],[708750,2087750],[708750,2086750],[709750,2086750],[709750,2085750],[711750,2084750],[711750,2081750],[712750,2081750],[713750,2077750],[714750,2077750],[714750,2076750],[716750,2075750],[716750,2073250],[720250,2073250],[719250,2074250],[719750,2075750],[721750,2074750],[722750,2076750],[723750,2076250],[724250,2078750],[724750,2077750],[726750,2077750],[726750,2078750],[727750,2078750],[727750,2077750],[729750,2077750],[729750,2076750],[733750,2076750],[734750,2074750],[736750,2074750],[736750,2073750],[737750,2073750],[737750,2072750],[739750,2072750],[739750,2071750],[742750,2071750],[742750,2070750],[743750,2070750],[743750,2069750],[745750,2069750],[745750,2068750],[746750,2068750],[746750,2069750],[748250,2069750],[748750,2068750],[750250,2068750],[753250,2066750],[752250,2068750],[753250,2069750],[752250,2069750],[752250,2071750],[751250,2071750],[751250,2074750],[750250,2074750],[750250,2076750],[749250,2076750],[749250,2079750],[747250,2080750],[747250,2082750],[745250,2083750],[745250,2085750],[744250,2085750],[744250,2086750],[752250,2088250],[751750,2090750],[753750,2091250],[756750,2089250],[759250,2089750],[760250,2087750],[762250,2087750],[762250,2088750],[763750,2088750],[763750,2087750],[764750,2087750],[764750,2086750],[765750,2086750],[765750,2085750],[766750,2085750],[766750,2084750],[767750,2084750],[768750,2082750],[771750,2082750],[772750,2081250],[774750,2080750],[774750,2079750],[776750,2079750],[776750,2078750],[777750,2078750],[777750,2077750],[779750,2077750],[779750,2076750],[780750,2076750],[780750,2075750],[781750,2075750],[782750,2073750],[785750,2073750],[785750,2072750],[789750,2071750],[789750,2070750],[790750,2070750],[791750,2068750],[793750,2068750],[793750,2067750],[796750,2067750],[796750,2066750],[798750,2066750],[798750,2065750],[799750,2065750],[800750,2063750],[802750,2063750],[803250,2062750],[803750,2060250],[802750,2059750],[802750,2058750],[804750,2057750],[804750,2056250],[803750,2055750],[803750,2054750],[802750,2054750],[802750,2053750],[804750,2052750],[804750,2048750],[801750,2048750],[801750,2047750],[797750,2046750],[797750,2045750],[796750,2045750],[796750,2042750],[797750,2042750],[797750,2040750],[798750,2040750],[798750,2038750],[799750,2038750],[799750,2036750],[800750,2036750],[800750,2034750],[801750,2034750],[802750,2030750],[804750,2029750],[804750,2027750],[805750,2027750],[805750,2025750],[806750,2025750],[806750,2020750],[807750,2020750],[807750,2019750],[809750,2018750],[810750,2014750],[811750,2014750],[811750,2013750],[812750,2013750],[812750,2012750],[814750,2011750],[814750,2009750],[815750,2009750],[815750,2008750],[816750,2008750],[816750,2007750],[817750,2007750],[818750,2005750],[820750,2005750],[820750,2004750],[822750,2004750],[822750,2003750],[824750,2003750],[824750,2002750],[833750,2002750],[833750,2003750],[838750,2003750],[838750,2004750],[839750,2004750],[839750,2006750],[840750,2006750],[840750,2008750],[841750,2008750],[841750,2010750],[843750,2011750],[843750,2013750],[846750,2012250],[850750,2011750],[851750,2009750],[852750,2009750],[852750,2010750],[854250,2011750],[854750,2009250],[855750,2009250],[856250,2008250],[855750,2006750],[856750,2005750],[856750,2003250],[859750,2001250],[861250,1998250],[862250,1998750],[862750,1997750],[865250,1997750],[865750,1996750],[866750,1996750],[867750,1992750],[869250,1992750],[872250,1989750],[871750,1987750],[872750,1986750],[871750,1986750],[871750,1985250],[870750,1984750],[870250,1980250],[871250,1976250],[873939,1974750],[874176,1965530],[873378,1964805],[874023,1964401],[873297,1963192],[871250,1963250],[867750,1965750],[863750,1964750],[861250,1961750],[859250,1956750],[857250,1955250],[857250,1954250],[851750,1951750],[849750,1946250],[847750,1944250],[843250,1942750],[841250,1940250],[838750,1939750],[836750,1938250],[833750,1938750],[831250,1940750],[828250,1940750],[826750,1940250],[823250,1936750],[820750,1936750],[819250,1937250],[817750,1939250],[816750,1939250],[813750,1944750],[808250,1944750],[806750,1946250],[806250,1948250],[804750,1949250],[804750,1951750],[806750,1956250],[805250,1957750],[802250,1958750],[801750,1959750],[797750,1961750],[796250,1961750],[795750,1962750],[793750,1962750],[792750,1964250],[792750,1967750],[791750,1968250],[792750,1968750],[794750,1967250],[801750,1967750],[803250,1966750],[805250,1966750],[807250,1965250],[811250,1964750],[811750,1963750],[815250,1963750],[817750,1964750],[817250,1966750],[818250,1967250],[819250,1970750],[818750,1973250],[819750,1974750],[814250,1985250],[814250,1990750],[811750,1991750],[811750,1993750],[809750,1996250],[810750,1999750],[809250,2001750],[809250,2005750],[808250,2007250],[806750,2007750],[804750,2013750],[803250,2014750],[800250,2013750],[798250,2011250],[797250,2011250],[794750,2008750],[794750,2007750],[791250,2004250],[790250,2001250],[785750,1997750],[785250,1994750],[783250,1992250],[776250,1992250],[776250,1991250],[773250,1988750],[771750,1985250],[769750,1983250],[768750,1983250],[768250,1979750],[765750,1978250],[766750,1972250],[765750,1972250],[764750,1970750],[761750,1969250],[761250,1967750],[757750,1965750],[757750,1959750],[755250,1959250],[754250,1961250],[753250,1961250],[752750,1958250],[750750,1957250],[748250,1957250],[747250,1958250],[746750,1962250],[741250,1962750],[739250,1966750],[731250,1965250],[730250,1964250],[725250,1964250],[724250,1964750],[722750,1967750],[723250,1969750],[722250,1970250],[718250,1969750],[716250,1971250],[714750,1971250],[711750,1969250],[709250,1969250],[710750,1972250],[713750,1972250],[713750,1974750],[711250,1975250],[710750,1976750],[709750,1976750],[710250,1973750],[708250,1970250],[705750,1969250],[700750,1969750],[698750,1970750],[696250,1973750],[696250,1977250],[694750,1978750],[695750,1982750],[694750,1982750],[691250,1979250],[690250,1979250],[688250,1981250],[688750,1991750],[686750,1995750],[685750,1996250],[685250,1998250],[688250,2004250],[687750,2008250],[692750,2010250],[694750,2012750],[695750,2012750],[697250,2015750],[699250,2017250],[699250,2018250],[703250,2021750],[703250,2025750],[708750,2028250],[708750,2030750],[710750,2030750],[711750,2043750],[712750,2045250],[714750,2045250],[714750,2046750],[713250,2048250],[711750,2052250],[709750,2053750],[709750,2054750],[706250,2057250],[702750,2057750],[701250,2057250],[700250,2053750],[696250,2050750],[690750,2050250],[687750,2051750],[685250,2050750],[684750,2049750],[681750,2050250],[680250,2048250],[676250,2048250],[675750,2049250],[676750,2046250],[676250,2041750],[677750,2036750],[677250,2033250],[679750,2027750],[675750,2028250],[675750,2027250],[674250,2026750],[672250,2027250],[671750,2026250],[672750,2025750],[672750,2024750],[669250,2026250],[666750,2026250],[664250,2027750],[660750,2027750],[659750,2029750],[657750,2030750],[657750,2032250],[655750,2033250],[655750,2036250],[649250,2036750],[646750,2039250]],[[671250,2122250],[671250,2121250],[672250,2121250],[672250,2121750],[671250,2122250]],[[641750,2084250],[645750,2083250],[647750,2081250],[649750,2081250],[648750,2083250],[645750,2084250],[645750,2085250],[641250,2085750],[641750,2084250]],[[639750,2131750],[638250,2131750],[638250,2131250],[639750,2130750],[639750,2131750]],[[673250,2121250],[674750,2121750],[673250,2121750],[673250,2121250]],[[870622,1987750],[869250,1986250],[869250,1984750],[870750,1985250],[870622,1987750]],[[820250,1967750],[819750,1968750],[819250,1967750],[820250,1967750]],[[746750,1972250],[750250,1971750],[749750,1974750],[748250,1974750],[747750,1975750],[745750,1976250],[745250,1975250],[746750,1972250]],[[862250,1994750],[862250,1995750],[864750,1995250],[864750,1996250],[859750,1997750],[859250,1995750],[862250,1994750]],[[859250,1997250],[858250,1999750],[857250,1999750],[857750,1997250],[859250,1997250]],[[857239,2001250],[856750,2001750],[855750,2001750],[856250,2000750],[857239,2001250]],[[865394,1992250],[864250,1992250],[864250,1991250],[866250,1991250],[865394,1992250]],[[823750,1974250],[824750,1976250],[827250,1977250],[827250,1978750],[826250,1979750],[822250,1979250],[820750,1978250],[820750,1976750],[822250,1975750],[822250,1974750],[823250,1975250],[823750,1974250]]]]}},{"type":"Feature","properties":{"key":"West","name":"West","area_km2":14687.7,"lon":85.0427,"lat":-66.9723},"geometry":{"type":"MultiPolygon","coordinates":[[[[2488250,285750],[2488750,284750],[2490250,285250],[2498250,278250],[2507250,273750],[2508750,270250],[2510750,268750],[2510750,270750],[2511750,270250],[2512750,265750],[2513250,264750],[2515250,264750],[2515250,261750],[2516250,260750],[2516250,259750],[2514250,258750],[2512750,256750],[2512750,255750],[2513750,255750],[2513750,253250],[2514750,252750],[2514250,249750],[2517250,249250],[2517250,248250],[2518750,246750],[2519750,247250],[2520750,245750],[2523750,245250],[2524250,242250],[2526750,242750],[2526750,244750],[2528750,243750],[2528750,242750],[2530250,243250],[2530250,244250],[2528750,245250],[2528750,251750],[2530750,251750],[2534250,248250],[2533250,252750],[2530750,257750],[2532750,261750],[2535750,261750],[2535750,260750],[2537250,260750],[2543250,254750],[2543250,253250],[2544750,251750],[2546250,247750],[2546750,254750],[2547250,253750],[2548250,253750],[2548250,257750],[2547250,257750],[2547250,259750],[2546250,259750],[2546250,261750],[2545250,261750],[2545250,266750],[2546250,266750],[2546750,268750],[2549750,268750],[2549750,269750],[2551750,269750],[2551750,267750],[2555750,266750],[2555750,264750],[2556750,264750],[2556750,260750],[2557750,260750],[2557750,256750],[2558750,256750],[2558750,254750],[2559750,254750],[2559750,251750],[2560750,251750],[2561750,249750],[2563750,249750],[2564750,247750],[2566750,247750],[2566750,246750],[2568750,246750],[2568750,245750],[2569750,245750],[2569750,243750],[2568750,243750],[2568750,241750],[2567750,241750],[2567750,240750],[2568750,240750],[2568750,237750],[2569750,237750],[2569750,234750],[2567750,234750],[2567750,232750],[2566750,232750],[2566750,230750],[2565750,230750],[2565750,227250],[2561750,226750],[2562250,225250],[2558750,223750],[2558750,222750],[2559750,222750],[2560750,220750],[2564750,220750],[2564250,218750],[2563250,218250],[2563750,210750],[2565750,208750],[2568250,209250],[2570750,214750],[2575750,216750],[2577250,219750],[2577750,218250],[2578750,218750],[2580750,217750],[2581750,215750],[2582750,215750],[2582750,214750],[2584750,213250],[2585750,210750],[2586750,210750],[2587250,208750],[2588250,208250],[2588250,205750],[2586750,203250],[2586250,200250],[2586750,199250],[2588750,199250],[2589250,201250],[2590250,200750],[2591750,189750],[2592750,187750],[2592750,184250],[2593750,182250],[2593750,179250],[2595250,173750],[2595250,170250],[2596750,166250],[2596750,162750],[2598750,154750],[2598750,151750],[2597750,151750],[2597750,150750],[2595750,150750],[2595750,147750],[2597750,146750],[2597750,145750],[2596750,145750],[2596750,142750],[2595750,142750],[2596750,140750],[2595750,140750],[2595750,133750],[2594750,133750],[2594750,131750],[2595750,131750],[2595750,127750],[2594750,127750],[2594750,124750],[2593750,124750],[2593750,120750],[2592750,120750],[2592750,118750],[2591750,118750],[2591750,116750],[2590750,116750],[2589750,112750],[2587750,111750],[2587750,108750],[2586750,108750],[2586750,106750],[2585750,106750],[2585750,102750],[2584750,102750],[2584750,100750],[2583750,100750],[2583750,99750],[2581750,98750],[2581750,91750],[2582750,91750],[2582750,89750],[2581750,89750],[2581750,87250],[2580250,86750],[2580250,85250],[2580750,86250],[2581750,86250],[2581750,79750],[2580750,79750],[2580750,77750],[2579750,77750],[2579750,74750],[2578750,74750],[2577750,72750],[2575250,72750],[2575750,71750],[2573750,71750],[2573250,68750],[2571750,68750],[2571750,67750],[2569750,66750],[2568750,62750],[2567250,62750],[2565750,65750],[2562750,65750],[2562750,64250],[2561750,64750],[2561750,61250],[2559750,60750],[2559750,57750],[2557750,57750],[2556750,55750],[2555250,55750],[2555750,56750],[2554750,56750],[2553750,64750],[2552250,68750],[2553250,74250],[2554750,74250],[2557250,77250],[2559250,78250],[2559250,82750],[2561750,84750],[2564750,85250],[2565250,87250],[2560250,87750],[2558750,88750],[2558750,91250],[2562750,94250],[2562750,96250],[2557750,97750],[2553250,100250],[2552250,101750],[2551250,101750],[2545250,109750],[2543250,113750],[2541750,123250],[2538250,125250],[2536750,128250],[2535250,135750],[2531750,136250],[2531250,135250],[2529750,135250],[2527750,136250],[2526750,137750],[2524750,138250],[2524250,142250],[2527750,146750],[2527750,148750],[2526250,150750],[2526250,152250],[2527750,154750],[2528250,161750],[2529250,162250],[2532250,160750],[2532750,157750],[2534750,157250],[2534750,159250],[2532750,161750],[2532250,166750],[2531250,166750],[2529750,163750],[2526750,162250],[2523250,162250],[2521250,165250],[2521250,170250],[2520250,172250],[2518750,173750],[2516250,174250],[2515250,175250],[2513750,181250],[2511750,182750],[2508750,183250],[2503750,190750],[2504750,197250],[2502750,197750],[2502750,201750],[2504250,209250],[2506250,213250],[2506250,214750],[2508250,216750],[2512250,216250],[2513250,221750],[2511250,223750],[2510250,227750],[2508750,228750],[2509750,229250],[2510750,232250],[2510250,233750],[2508750,233750],[2508750,234750],[2509750,234750],[2509750,238750],[2508250,240250],[2508750,243750],[2507250,245250],[2503250,245750],[2503250,247750],[2500250,248750],[2499250,250250],[2499750,254750],[2502250,254750],[2502750,257250],[2500250,257750],[2499250,259750],[2497250,259250],[2495750,254250],[2494750,253250],[2491750,252750],[2491250,254750],[2492250,262250],[2493250,264750],[2495250,265750],[2495750,267250],[2493250,266750],[2492250,267750],[2490250,267750],[2488250,266250],[2485250,266250],[2484250,268250],[2481250,270750],[2479750,273750],[2480250,275750],[2481750,276750],[2481750,278250],[2480250,278750],[2478250,275750],[2472250,277250],[2471250,277750],[2471250,278750],[2468750,281750],[2468750,283250],[2466750,285250],[2465250,285250],[2463750,283750],[2463250,281750],[2461250,282250],[2461250,283250],[2459750,284750],[2458750,284750],[2454250,280750],[2453250,280750],[2453250,279750],[2451750,279250],[2451250,277750],[2448750,277250],[2446750,278250],[2446250,283750],[2448250,286750],[2448250,288750],[2449750,291250],[2448750,293250],[2445250,294250],[2445250,300250],[2443250,301750],[2443250,304250],[2441750,304750],[2442250,306250],[2444250,307750],[2443750,312250],[2441750,314250],[2441750,315250],[2439750,317250],[2438750,317250],[2434750,325250],[2431750,325750],[2430250,327250],[2429750,329750],[2431250,330750],[2432750,333750],[2432750,337750],[2431750,338750],[2430750,342250],[2428750,343250],[2428750,345750],[2425750,348750],[2424750,352250],[2418250,356750],[2418250,361750],[2415750,365750],[2417750,366250],[2418750,367750],[2422250,367750],[2423750,369250],[2428750,368750],[2430250,369750],[2432250,368250],[2434750,367750],[2440250,371250],[2442750,370250],[2447250,371750],[2447750,369750],[2449750,369250],[2449750,367750],[2451750,366250],[2453250,363250],[2456250,362750],[2457750,361250],[2462750,360750],[2462250,358750],[2465250,357750],[2465750,356250],[2466750,357250],[2468250,357250],[2468750,358750],[2469750,358250],[2469750,359250],[2470750,359250],[2471250,360250],[2472750,359750],[2472750,356750],[2473750,356750],[2473750,354750],[2475750,353750],[2475750,349750],[2477750,349750],[2477750,346750],[2479750,346750],[2479750,345750],[2480750,345750],[2480750,344750],[2482750,343750],[2482750,341750],[2483750,341750],[2483750,339750],[2484750,339750],[2484750,337750],[2485750,337750],[2485750,333750],[2484750,333750],[2484750,329750],[2483750,329750],[2483750,327750],[2484750,327750],[2484750,324750],[2483750,324750],[2483750,321750],[2482750,321750],[2482750,320750],[2483750,320750],[2483750,318750],[2485750,317750],[2485750,316750],[2484750,316750],[2484750,315750],[2485750,315750],[2484750,313750],[2485750,313750],[2485750,312750],[2487750,311750],[2487750,309750],[2488750,309750],[2488750,308750],[2489750,308750],[2489750,306750],[2490750,306750],[2490750,303750],[2491750,303750],[2491750,302750],[2493750,301750],[2493750,299750],[2494750,299750],[2494750,298750],[2496750,297750],[2496750,295750],[2497750,295750],[2497750,293750],[2498750,293750],[2498750,292750],[2497750,292750],[2497750,290750],[2496750,290750],[2496750,288750],[2495750,288750],[2495750,287750],[2496750,287750],[2495750,287250],[2496750,286250],[2495750,285250],[2495250,286250],[2494250,285750],[2494250,287250],[2491750,286750],[2486750,288750],[2485250,288250],[2484250,289250],[2482750,289250],[2484250,288250],[2483750,287250],[2482750,287250],[2484250,285250],[2486250,285250],[2487750,283750],[2488250,285750]],[[2475250,284750],[2474250,281750],[2475750,282250],[2477250,280750],[2479250,280750],[2480250,281750],[2480250,282750],[2478750,283250],[2478750,284250],[2477750,284250],[2477250,285250],[2475250,284750]],[[2549250,211250],[2545250,209250],[2542250,209250],[2541250,208750],[2541250,207750],[2539250,207250],[2539250,205750],[2538250,205750],[2537750,204250],[2535250,202250],[2534750,198750],[2532750,198750],[2532250,197250],[2533750,197250],[2533750,196250],[2533250,194750],[2531250,194750],[2531250,192750],[2530250,192750],[2529750,193750],[2528250,192750],[2526250,193250],[2526750,189250],[2527750,187250],[2529250,185750],[2530250,185750],[2531750,181750],[2534750,181250],[2536750,179750],[2542750,181250],[2542750,182250],[2545250,184250],[2546250,186250],[2548750,186250],[2552250,189750],[2552250,193750],[2553750,193750],[2554250,195750],[2553750,198250],[2554750,200250],[2554750,207750],[2552250,210250],[2550250,210250],[2549250,211250]],[[2517250,187750],[2517250,188750],[2516250,188750],[2516250,187750],[2517250,187750]],[[2558250,148750],[2558250,153750],[2561750,154250],[2562250,156250],[2563250,156250],[2562750,160250],[2563750,160250],[2563750,161250],[2560750,164250],[2560250,166250],[2558750,167750],[2555750,167750],[2552250,166250],[2550750,164250],[2549750,164250],[2549750,161750],[2550250,158750],[2551750,156250],[2551750,153750],[2554750,153250],[2556250,151750],[2556750,149750],[2558250,148750]],[[2558750,134250],[2559750,134750],[2558750,135250],[2558750,134250]]],[[[2506750,279250],[2507250,279250],[2507250,277250],[2506750,277250],[2506750,278750],[2505750,278750],[2505750,279750],[2506750,279750],[2506750,279250]]],[[[2508750,279750],[2509250,279750],[2509250,277750],[2508750,277750],[2508750,278750],[2507750,279250],[2507750,280750],[2508750,280750],[2508750,279750]]],[[[2498750,284250],[2499250,284250],[2499250,284750],[2500250,284750],[2500250,284250],[2500750,284250],[2500750,282750],[2500250,282750],[2499750,283750],[2499250,283750],[2499250,282750],[2498250,282750],[2498250,284750],[2498750,284750],[2498750,284250]]]]}},{"type":"Feature","properties":{"key":"Sulzberger","name":"Sulzberger","area_km2":12359.6,"lon":-148.5697,"lat":-77.0716},"geometry":{"type":"MultiPolygon","coordinates":[[[[-718750,-1262750],[-717750,-1262750],[-717750,-1263250],[-716750,-1263250],[-716750,-1263750],[-715750,-1263750],[-715750,-1264250],[-714750,-1264250],[-714750,-1264750],[-713750,-1264750],[-713750,-1265250],[-711750,-1265250],[-711750,-1265750],[-710750,-1265750],[-710750,-1266250],[-707250,-1266250],[-707250,-1266750],[-711250,-1266750],[-711250,-1266250],[-712250,-1266250],[-712250,-1265750],[-714750,-1265750],[-714750,-1265250],[-715750,-1265250],[-715750,-1264750],[-717750,-1264750],[-717750,-1264250],[-718250,-1264250],[-718750,-1263250],[-719750,-1263250],[-719750,-1262250],[-718750,-1262250],[-718750,-1262750]]],[[[-644250,-1221250],[-644750,-1221250],[-644750,-1222750],[-645250,-1222750],[-645250,-1220250],[-644750,-1220250],[-644750,-1219750],[-643750,-1219750],[-643750,-1220250],[-644250,-1220250],[-644250,-1221250]]],[[[-643250,-1219750],[-643750,-1219750],[-643750,-1217250],[-643250,-1217250],[-643250,-1219750]]],[[[-646250,-1215750],[-646250,-1216250],[-646750,-1216250],[-646750,-1215250],[-645250,-1215250],[-645250,-1215750],[-646250,-1215750]]],[[[-644250,-1216250],[-644250,-1215750],[-644750,-1215750],[-644750,-1215250],[-643250,-1215250],[-643250,-1216250],[-644250,-1216250]]],[[[-650250,-1211250],[-650250,-1211750],[-648750,-1211750],[-648750,-1212250],[-649250,-1212250],[-649250,-1212750],[-649750,-1212750],[-649750,-1212250],[-650750,-1212250],[-650750,-1211750],[-651250,-1211750],[-651250,-1210750],[-650750,-1210750],[-650750,-1211250],[-650250,-1211250]]],[[[-769250,-1141250],[-769250,-1138250],[-771750,-1138250],[-772250,-1139750],[-773750,-1140250],[-775250,-1138750],[-775250,-1131250],[-773750,-1129750],[-774250,-1127750],[-772750,-1126250],[-772750,-1121750],[-769750,-1122250],[-768250,-1128250],[-767250,-1128750],[-767250,-1131250],[-766250,-1130750],[-766250,-1131750],[-764250,-1132250],[-763250,-1128750],[-760250,-1128750],[-757750,-1131250],[-756750,-1134250],[-754750,-1135250],[-754750,-1136250],[-756250,-1136750],[-757250,-1149750],[-759250,-1150750],[-759250,-1154250],[-757750,-1154750],[-759250,-1166250],[-757750,-1168250],[-756250,-1168250],[-756250,-1169750],[-757750,-1169250],[-757750,-1170250],[-756750,-1170250],[-756750,-1171250],[-755250,-1171750],[-756250,-1172250],[-755250,-1174250],[-755750,-1175750],[-753750,-1176750],[-753750,-1177750],[-752750,-1177750],[-751250,-1181750],[-749750,-1181750],[-748750,-1180250],[-749750,-1176250],[-748750,-1175750],[-748250,-1172250],[-750250,-1170250],[-751750,-1170750],[-752250,-1172250],[-753750,-1172250],[-753750,-1169250],[-751250,-1169250],[-750250,-1168250],[-748750,-1160250],[-747250,-1158250],[-746250,-1154250],[-744250,-1153750],[-743250,-1157250],[-743750,-1158250],[-741750,-1158250],[-740250,-1159250],[-740750,-1160750],[-742250,-1161750],[-741750,-1163750],[-740250,-1162250],[-738750,-1162250],[-738750,-1160750],[-739750,-1160250],[-737750,-1159250],[-737750,-1163750],[-740250,-1164250],[-739750,-1165250],[-737750,-1164250],[-737750,-1167750],[-736250,-1165750],[-736250,-1162250],[-734250,-1161750],[-734250,-1165750],[-735250,-1165750],[-735750,-1167750],[-736750,-1167750],[-736750,-1169750],[-739250,-1173750],[-738750,-1175250],[-739750,-1175750],[-739750,-1178750],[-738750,-1180250],[-738750,-1185250],[-737250,-1187250],[-737750,-1190250],[-736250,-1193250],[-736250,-1197750],[-735250,-1197750],[-733250,-1201250],[-729750,-1202750],[-726750,-1202750],[-724250,-1199750],[-723750,-1197250],[-719750,-1196250],[-719750,-1194250],[-718750,-1194750],[-718750,-1195750],[-716750,-1195750],[-717250,-1193250],[-719250,-1192250],[-718750,-1191250],[-714250,-1191250],[-714750,-1189750],[-712750,-1188750],[-711250,-1184750],[-712750,-1183750],[-712750,-1182250],[-714250,-1180750],[-715250,-1180750],[-715250,-1178750],[-717250,-1176750],[-717750,-1174250],[-720750,-1169250],[-720750,-1166750],[-722750,-1165750],[-723750,-1164250],[-725750,-1163750],[-729750,-1158750],[-731250,-1158250],[-732250,-1159250],[-731750,-1156750],[-729750,-1156750],[-728750,-1154750],[-726250,-1154750],[-723250,-1157250],[-718750,-1158250],[-718250,-1157250],[-716250,-1157250],[-715250,-1156250],[-715250,-1153750],[-714250,-1153250],[-712750,-1153750],[-712750,-1155250],[-711750,-1156250],[-708250,-1156250],[-707750,-1157750],[-705750,-1159250],[-705750,-1161750],[-704750,-1161750],[-704750,-1160250],[-704250,-1161250],[-703250,-1161250],[-703250,-1159750],[-701250,-1156750],[-701250,-1154250],[-698750,-1152750],[-698750,-1149250],[-697250,-1147750],[-693750,-1147750],[-692750,-1150750],[-690750,-1151250],[-690750,-1154750],[-689250,-1156750],[-688250,-1162250],[-685750,-1164750],[-680750,-1166750],[-678750,-1166250],[-679250,-1163750],[-677750,-1164250],[-677250,-1163250],[-677750,-1162250],[-682750,-1159750],[-682250,-1154750],[-683250,-1152250],[-685250,-1150750],[-684250,-1150250],[-683750,-1147750],[-682250,-1147750],[-681750,-1145750],[-681250,-1146750],[-679250,-1146250],[-679250,-1147250],[-676250,-1148750],[-675750,-1149750],[-675250,-1148750],[-671750,-1147750],[-669250,-1150250],[-666750,-1150250],[-663250,-1156750],[-662750,-1169750],[-661250,-1170750],[-660750,-1174750],[-659750,-1175250],[-659250,-1178250],[-657250,-1180750],[-657250,-1181750],[-658750,-1181750],[-657750,-1186250],[-656250,-1187750],[-654750,-1194250],[-652750,-1195250],[-652250,-1196750],[-650750,-1197750],[-650750,-1198750],[-653250,-1199250],[-655250,-1200750],[-655250,-1203250],[-654250,-1204750],[-654250,-1207750],[-651250,-1209750],[-651750,-1213250],[-649250,-1214250],[-649750,-1215250],[-649250,-1216250],[-648250,-1216250],[-648250,-1217250],[-649250,-1217250],[-649250,-1219250],[-650250,-1219250],[-650250,-1220250],[-649250,-1220250],[-648750,-1223250],[-650250,-1225750],[-652250,-1225750],[-653750,-1227750],[-657250,-1228250],[-657250,-1227250],[-659250,-1227250],[-659250,-1226250],[-660250,-1226250],[-659750,-1224750],[-661250,-1219250],[-662250,-1219250],[-662250,-1221250],[-664250,-1221250],[-664250,-1222250],[-665250,-1222750],[-668250,-1222750],[-669750,-1221750],[-673750,-1222750],[-670250,-1225750],[-670250,-1228250],[-673250,-1228250],[-673250,-1229250],[-675250,-1229250],[-675250,-1230250],[-676250,-1230250],[-677250,-1232250],[-680250,-1232250],[-680250,-1233250],[-678750,-1233250],[-679750,-1234250],[-676750,-1234250],[-675750,-1233250],[-674750,-1234250],[-671250,-1233750],[-670250,-1234750],[-670250,-1237250],[-669250,-1237750],[-669250,-1240750],[-671250,-1242750],[-671250,-1243750],[-673250,-1244750],[-670750,-1246250],[-671250,-1247250],[-672250,-1247250],[-672250,-1249250],[-673250,-1249250],[-673250,-1248250],[-674250,-1248250],[-674250,-1249250],[-676750,-1249250],[-676750,-1250250],[-677750,-1250250],[-677250,-1252250],[-679250,-1252250],[-679250,-1251250],[-680750,-1251250],[-681750,-1249250],[-685750,-1249250],[-686250,-1248250],[-688250,-1247750],[-688250,-1246250],[-689250,-1246250],[-689250,-1245250],[-688250,-1245250],[-688250,-1244250],[-689250,-1244250],[-688250,-1242250],[-689250,-1242250],[-690250,-1238250],[-692250,-1238250],[-692250,-1239250],[-693250,-1239250],[-692750,-1234250],[-693750,-1231750],[-694750,-1231750],[-695250,-1230750],[-695250,-1226750],[-696750,-1225750],[-697250,-1223750],[-698750,-1223250],[-700250,-1221250],[-702250,-1220750],[-703250,-1219250],[-705250,-1219250],[-705250,-1217250],[-707750,-1217250],[-708750,-1212750],[-709750,-1212750],[-709750,-1211750],[-710750,-1211750],[-713750,-1207750],[-716750,-1206750],[-718750,-1207250],[-719250,-1209750],[-718250,-1211250],[-718250,-1213250],[-716750,-1213250],[-716750,-1215250],[-718250,-1216750],[-718250,-1218750],[-719250,-1218750],[-718750,-1222750],[-719750,-1222750],[-719250,-1223750],[-720250,-1225250],[-719750,-1230750],[-718750,-1231750],[-719250,-1235750],[-715250,-1239750],[-710750,-1240250],[-710750,-1241250],[-712750,-1240750],[-715750,-1241250],[-712250,-1241750],[-711250,-1242750],[-711250,-1244250],[-710250,-1245250],[-710250,-1249250],[-711250,-1248750],[-712250,-1249250],[-712250,-1250250],[-710750,-1250750],[-711250,-1252250],[-709750,-1252250],[-706250,-1254750],[-706250,-1255750],[-704250,-1257750],[-704250,-1260250],[-706250,-1259750],[-706250,-1258250],[-705250,-1258750],[-705250,-1257750],[-706250,-1257750],[-706750,-1256250],[-707250,-1256250],[-709750,-1253250],[-715750,-1253250],[-716250,-1252250],[-717250,-1252250],[-721250,-1253750],[-722750,-1256250],[-722750,-1260250],[-719750,-1261750],[-720250,-1263250],[-721250,-1263250],[-721250,-1264250],[-725250,-1264250],[-726250,-1266250],[-729250,-1266250],[-729250,-1267250],[-731250,-1267250],[-731250,-1268750],[-735250,-1269250],[-735250,-1270250],[-738250,-1270250],[-738250,-1271750],[-739750,-1271750],[-734750,-1272750],[-730750,-1274750],[-728250,-1274750],[-724750,-1276750],[-722750,-1276250],[-722750,-1278250],[-721750,-1278250],[-721750,-1280250],[-722750,-1280250],[-722750,-1281250],[-729250,-1281250],[-729250,-1280250],[-731250,-1280250],[-731750,-1277250],[-732250,-1278250],[-747750,-1278250],[-748250,-1276750],[-748750,-1279250],[-751250,-1274250],[-757250,-1268750],[-759250,-1265250],[-764750,-1260750],[-764750,-1259750],[-768750,-1255250],[-783750,-1255250],[-785250,-1253750],[-791250,-1252250],[-793250,-1250250],[-793750,-1248250],[-794750,-1248250],[-795250,-1247250],[-797750,-1246750],[-798750,-1245750],[-800750,-1245750],[-801250,-1244750],[-804250,-1244750],[-805250,-1242250],[-805250,-1238750],[-808750,-1233250],[-808750,-1228250],[-810250,-1225250],[-809750,-1224250],[-810750,-1224250],[-811250,-1223250],[-809250,-1221750],[-808750,-1218750],[-807250,-1216750],[-807750,-1215750],[-810750,-1214750],[-810750,-1211250],[-811750,-1209250],[-810750,-1206750],[-808250,-1206250],[-808250,-1204250],[-811250,-1203250],[-812750,-1201750],[-813250,-1199250],[-816750,-1197250],[-817750,-1194750],[-819250,-1194250],[-819250,-1191750],[-817750,-1191250],[-817250,-1187750],[-814250,-1187750],[-813750,-1186750],[-811250,-1187250],[-811250,-1185750],[-809750,-1184750],[-809250,-1186250],[-807750,-1186750],[-807750,-1188250],[-805250,-1190250],[-801250,-1190250],[-800250,-1193750],[-798750,-1193750],[-798250,-1191250],[-796250,-1190750],[-795750,-1193250],[-792250,-1195750],[-792250,-1197750],[-791250,-1197750],[-791250,-1198750],[-789750,-1199750],[-789750,-1201750],[-788250,-1202250],[-788250,-1203750],[-787250,-1203750],[-785250,-1205750],[-783750,-1205750],[-783750,-1206750],[-781750,-1207750],[-779750,-1206250],[-779750,-1204750],[-777750,-1203250],[-776750,-1200750],[-777250,-1197750],[-775750,-1196250],[-775750,-1194750],[-774250,-1193750],[-775250,-1192250],[-775250,-1191250],[-774250,-1191250],[-774250,-1189250],[-778250,-1188250],[-785250,-1188750],[-787250,-1187250],[-788750,-1187250],[-790250,-1189250],[-791250,-1189250],[-792250,-1191250],[-792750,-1189250],[-791750,-1188750],[-790750,-1184250],[-792250,-1183750],[-792250,-1182250],[-793250,-1181750],[-794250,-1182750],[-796250,-1181750],[-795750,-1183750],[-794250,-1183250],[-795250,-1189250],[-795750,-1190250],[-799250,-1190250],[-800250,-1188750],[-801750,-1188750],[-800750,-1181250],[-801750,-1179750],[-806250,-1177750],[-806250,-1173250],[-803750,-1171750],[-803750,-1163750],[-802750,-1162750],[-801250,-1162750],[-799750,-1165250],[-800250,-1166750],[-798750,-1166750],[-798250,-1168250],[-796250,-1169750],[-796250,-1170750],[-794750,-1171250],[-792750,-1177250],[-791250,-1178750],[-789250,-1179250],[-789250,-1180250],[-786250,-1181250],[-784750,-1179250],[-785250,-1173250],[-786750,-1171750],[-787750,-1171750],[-787750,-1170750],[-790250,-1167750],[-790250,-1163250],[-791250,-1158250],[-792750,-1155750],[-793250,-1151250],[-794250,-1150250],[-794250,-1146750],[-793250,-1146750],[-792750,-1145750],[-789750,-1145750],[-785250,-1149750],[-782250,-1149250],[-780750,-1150750],[-780750,-1152750],[-779250,-1152750],[-779250,-1151750],[-776750,-1149750],[-776250,-1148250],[-777250,-1146250],[-777250,-1144750],[-775750,-1143750],[-776750,-1142750],[-776750,-1139750],[-775750,-1139750],[-774750,-1142250],[-772750,-1142250],[-772250,-1140750],[-769250,-1141250]],[[-706250,-1161750],[-706250,-1163250],[-705250,-1163750],[-704750,-1162750],[-706250,-1161750]],[[-651750,-1210750],[-652250,-1210250],[-652250,-1210750],[-651750,-1210750]],[[-652250,-1210250],[-652750,-1209750],[-652750,-1210250],[-652250,-1210250]],[[-665250,-1221750],[-661750,-1217750],[-663250,-1214750],[-664250,-1214250],[-664750,-1212250],[-666750,-1210250],[-666750,-1209250],[-677250,-1198750],[-681250,-1197750],[-682750,-1199250],[-682750,-1200250],[-681250,-1200250],[-679750,-1201750],[-679750,-1203250],[-680750,-1202750],[-680750,-1207250],[-679750,-1207750],[-679250,-1210750],[-677750,-1211750],[-678250,-1213250],[-677250,-1214250],[-676750,-1218250],[-672750,-1221250],[-668750,-1220750],[-667250,-1221750],[-665250,-1221750]],[[-715750,-1240250],[-716250,-1239750],[-717250,-1239750],[-716750,-1240750],[-715750,-1240250]],[[-717250,-1239750],[-717750,-1239250],[-717750,-1239750],[-717250,-1239750]],[[-717750,-1239250],[-718250,-1238750],[-718250,-1239250],[-717750,-1239250]],[[-718250,-1238750],[-718750,-1238250],[-718750,-1238750],[-718250,-1238750]],[[-718750,-1238250],[-719250,-1237250],[-719250,-1238250],[-718750,-1238250]],[[-708750,-1254250],[-708250,-1253750],[-708750,-1253750],[-708750,-1254250]],[[-748250,-1276750],[-748750,-1276250],[-748750,-1276750],[-748250,-1276750]],[[-768750,-1140250],[-768250,-1140750],[-768250,-1140250],[-768750,-1140250]],[[-779250,-1161250],[-778250,-1161250],[-777750,-1158250],[-778750,-1158250],[-779250,-1161250]],[[-743250,-1161250],[-742750,-1159250],[-744750,-1159250],[-744750,-1161250],[-743250,-1161250]],[[-695750,-1162250],[-696750,-1165250],[-693750,-1164750],[-693750,-1166250],[-691250,-1168250],[-691250,-1169750],[-689750,-1170250],[-690250,-1171250],[-688750,-1170750],[-687750,-1171750],[-688750,-1168750],[-691250,-1166750],[-691250,-1165750],[-693750,-1162750],[-695750,-1162250]],[[-707250,-1173250],[-704250,-1177250],[-703750,-1176250],[-702750,-1176750],[-701750,-1175750],[-702250,-1173250],[-705250,-1170750],[-707250,-1171250],[-707250,-1173250]],[[-700750,-1193750],[-700750,-1194750],[-699250,-1195250],[-700750,-1188250],[-702250,-1186750],[-702750,-1184750],[-707750,-1179250],[-710750,-1178750],[-711250,-1179750],[-710250,-1181750],[-707250,-1185250],[-707250,-1188750],[-708750,-1191750],[-707250,-1191750],[-706250,-1192750],[-706250,-1194250],[-704250,-1194750],[-703750,-1196750],[-701750,-1195750],[-702750,-1194750],[-702750,-1193750],[-700750,-1193750]],[[-706750,-1192750],[-707250,-1193250],[-706750,-1193250],[-706750,-1192750]],[[-702250,-1194750],[-701750,-1194250],[-702250,-1194250],[-702250,-1194750]],[[-741250,-1187750],[-742750,-1190250],[-743750,-1190250],[-744250,-1191250],[-742750,-1194250],[-741750,-1194750],[-740750,-1188750],[-741250,-1187750]],[[-746250,-1188250],[-745750,-1188750],[-745750,-1188250],[-746250,-1188250]],[[-745750,-1188750],[-745250,-1189250],[-745250,-1188750],[-745750,-1188750]],[[-771750,-1191250],[-771750,-1190250],[-773750,-1190250],[-773750,-1191750],[-771750,-1191250]],[[-773750,-1191750],[-774250,-1192250],[-773750,-1192250],[-773750,-1191750]],[[-751250,-1190750],[-752750,-1193750],[-752750,-1195750],[-750750,-1198250],[-749250,-1198250],[-748750,-1194250],[-749750,-1191250],[-751250,-1190750]],[[-809250,-1192250],[-810750,-1194750],[-808750,-1194750],[-807750,-1192750],[-809250,-1192250]],[[-749750,-1200750],[-748750,-1201750],[-748250,-1199750],[-749250,-1199750],[-749750,-1200750]],[[-741250,-1209750],[-743750,-1210250],[-744750,-1211750],[-744250,-1213750],[-743250,-1213750],[-743250,-1218250],[-741250,-1218750],[-742250,-1216750],[-741250,-1216250],[-740250,-1217250],[-740250,-1218750],[-737750,-1219750],[-736750,-1222750],[-735250,-1224250],[-734250,-1224250],[-732750,-1226250],[-731750,-1226250],[-731750,-1227750],[-729250,-1227750],[-729250,-1226750],[-730250,-1226250],[-728750,-1225250],[-727750,-1225750],[-727250,-1222750],[-725750,-1220250],[-725750,-1218750],[-727250,-1217750],[-728250,-1215750],[-727750,-1214250],[-731250,-1212250],[-735250,-1212250],[-735750,-1211250],[-736750,-1211250],[-737750,-1208750],[-740750,-1208750],[-741250,-1209750]],[[-793750,-1214250],[-793750,-1217250],[-795250,-1218250],[-797750,-1217750],[-796750,-1219750],[-793750,-1219250],[-793250,-1218250],[-793250,-1220750],[-794250,-1221250],[-794250,-1224750],[-795750,-1223250],[-797750,-1222750],[-797250,-1219750],[-798250,-1219750],[-798750,-1218250],[-800750,-1220250],[-801250,-1224250],[-802250,-1224750],[-802250,-1226750],[-800750,-1228250],[-801250,-1230750],[-799750,-1231250],[-799750,-1232750],[-798750,-1232750],[-798750,-1234250],[-800250,-1234750],[-800250,-1236750],[-799250,-1238750],[-797250,-1239750],[-796250,-1239750],[-794250,-1236750],[-794750,-1235750],[-795750,-1235750],[-796250,-1233250],[-795250,-1233250],[-795250,-1234250],[-793750,-1234750],[-791750,-1231750],[-790250,-1232750],[-789750,-1231250],[-788750,-1231250],[-786750,-1229250],[-787750,-1228250],[-787750,-1226750],[-786750,-1225750],[-787250,-1221750],[-789750,-1219750],[-789250,-1218250],[-790250,-1218250],[-791250,-1215250],[-792750,-1214250],[-793750,-1214250]],[[-706250,-1214750],[-707250,-1214250],[-707250,-1214750],[-706250,-1214750]],[[-674250,-1221250],[-675250,-1220750],[-675250,-1221250],[-674250,-1221250]],[[-672750,-1222250],[-673250,-1221750],[-673250,-1222250],[-672750,-1222250]],[[-785750,-1224250],[-785750,-1225750],[-785750,-1227250],[-784750,-1227250],[-784750,-1224750],[-785750,-1224250]],[[-781250,-1230250],[-783250,-1231250],[-783750,-1229250],[-785750,-1229750],[-785750,-1236250],[-784750,-1237250],[-785250,-1239750],[-783750,-1239250],[-783750,-1237250],[-783250,-1236250],[-782250,-1236250],[-782250,-1237750],[-781250,-1238250],[-781250,-1241250],[-778750,-1243250],[-776750,-1243250],[-775750,-1240750],[-775750,-1235250],[-777250,-1232750],[-777250,-1230750],[-779750,-1227750],[-780750,-1227750],[-781250,-1230250]],[[-755750,-1239750],[-755750,-1236750],[-756750,-1236250],[-754750,-1236250],[-752750,-1239750],[-749750,-1238750],[-749250,-1242250],[-746250,-1242250],[-746250,-1243250],[-745250,-1243250],[-744750,-1244750],[-740750,-1244250],[-740250,-1245250],[-737250,-1245750],[-735750,-1244750],[-736250,-1243250],[-735250,-1242750],[-735250,-1241750],[-734250,-1241750],[-734250,-1243750],[-733250,-1243750],[-733250,-1241750],[-734750,-1240750],[-734750,-1236250],[-735750,-1235750],[-735750,-1234250],[-740750,-1229750],[-745250,-1229250],[-745250,-1230250],[-747250,-1231250],[-748250,-1229750],[-752250,-1228250],[-755750,-1228750],[-755750,-1227750],[-757250,-1227750],[-757750,-1228750],[-758750,-1228750],[-759250,-1235250],[-758250,-1235750],[-758250,-1238250],[-757250,-1239250],[-758750,-1239250],[-758750,-1240750],[-759750,-1241750],[-758250,-1243250],[-755750,-1248750],[-754250,-1249750],[-754250,-1250750],[-749250,-1251250],[-748750,-1248250],[-750750,-1242750],[-753750,-1242250],[-754750,-1240750],[-754250,-1239750],[-755750,-1239750]],[[-754250,-1239750],[-753750,-1239250],[-754250,-1239250],[-754250,-1239750]],[[-730750,-1230750],[-729250,-1231750],[-729250,-1228750],[-731250,-1228750],[-730750,-1230750]],[[-791750,-1235750],[-792250,-1234250],[-792250,-1235750],[-791750,-1235750]],[[-739750,-1248750],[-738750,-1248750],[-738750,-1246250],[-739750,-1246750],[-739750,-1248750]],[[-741250,-1248750],[-741750,-1248250],[-741750,-1248750],[-741250,-1248750]],[[-738750,-1256750],[-737750,-1257250],[-738250,-1254750],[-739250,-1254750],[-738750,-1256750]]]]}},{"type":"Feature","properties":{"key":"Jelbart","name":"Jelbart","area_km2":10749.0,"lon":-4.4883,"lat":-70.8975},"geometry":{"type":"MultiPolygon","coordinates":[[[[-218250,2030750],[-221250,2033250],[-221750,2035750],[-223250,2035250],[-223250,2036750],[-220750,2038250],[-219750,2042750],[-217750,2044250],[-217750,2045750],[-216250,2046750],[-217250,2050750],[-219750,2053250],[-218750,2054750],[-219250,2058750],[-218250,2058750],[-217750,2060250],[-216250,2060250],[-216250,2061250],[-215250,2060750],[-214250,2062250],[-213250,2062250],[-205750,2069250],[-207250,2071250],[-206750,2078250],[-205750,2079750],[-205250,2083750],[-201750,2088250],[-201250,2090250],[-202250,2090250],[-203750,2095750],[-206250,2097750],[-205750,2101250],[-206750,2102250],[-210250,2103250],[-212250,2105250],[-216250,2105250],[-217750,2106250],[-225750,2105250],[-234250,2100750],[-235750,2098750],[-236750,2098750],[-237250,2093750],[-239750,2089495],[-240024,2090318],[-238298,2092619],[-237531,2097701],[-236956,2098588],[-234750,2100577],[-229092,2104021],[-225890,2105256],[-220565,2106536],[-222750,2118250],[-218750,2119250],[-217250,2121750],[-217750,2123250],[-218750,2123250],[-218750,2124250],[-220750,2125750],[-222250,2134750],[-220250,2134250],[-218750,2132750],[-218250,2130750],[-216250,2129750],[-216250,2130750],[-217250,2130750],[-217750,2131750],[-217750,2133250],[-216250,2133750],[-216250,2134750],[-214250,2134750],[-214250,2135750],[-213250,2135750],[-212750,2136750],[-212750,2138750],[-210750,2140250],[-208250,2139750],[-208250,2140750],[-206250,2140750],[-206250,2141750],[-200250,2141750],[-200250,2142750],[-198250,2141750],[-198250,2142750],[-195250,2142750],[-195250,2143750],[-191250,2143750],[-191250,2144750],[-190250,2144750],[-190250,2145750],[-188250,2145750],[-188250,2146750],[-182250,2146750],[-182250,2145750],[-175250,2145750],[-175250,2144750],[-174250,2144750],[-174250,2145750],[-171250,2145750],[-171250,2146750],[-168750,2146750],[-168750,2145250],[-167750,2145250],[-167750,2140750],[-163750,2140750],[-162750,2141250],[-163250,2142250],[-160750,2143750],[-155750,2143750],[-158250,2144750],[-149250,2144750],[-149250,2143750],[-144250,2143750],[-144250,2142750],[-139250,2142750],[-139250,2143750],[-133250,2143750],[-133250,2144750],[-132250,2144750],[-132250,2143750],[-130750,2142250],[-131750,2140250],[-130250,2140250],[-132250,2138250],[-129750,2137750],[-130750,2136750],[-130750,2131750],[-129750,2130750],[-125750,2129750],[-124250,2131250],[-119750,2131750],[-118250,2132750],[-116250,2132750],[-115750,2131750],[-112229,2132250],[-112108,2116679],[-106744,2115250],[-112250,2115250],[-113250,2116750],[-116750,2116750],[-120250,2114750],[-122250,2114750],[-124250,2113250],[-130250,2114250],[-131750,2112750],[-131750,2107250],[-128250,2107250],[-124250,2105250],[-124250,2104250],[-122250,2103750],[-122250,2102750],[-117250,2098250],[-113750,2097250],[-109750,2097750],[-110250,2096750],[-109250,2096250],[-109250,2095250],[-107750,2094750],[-107250,2088250],[-108250,2088250],[-108750,2087250],[-107750,2087250],[-107250,2085250],[-102750,2082750],[-103750,2078250],[-102750,2078250],[-102750,2079750],[-98250,2080750],[-99250,2079750],[-99250,2078250],[-100250,2078250],[-103750,2074750],[-103750,2073750],[-102750,2072750],[-102750,2067750],[-100750,2065750],[-101250,2062250],[-99250,2061250],[-97782,2062750],[-101759,2056653],[-103188,2050220],[-101020,2050146],[-100721,2048750],[-101250,2049750],[-105750,2049750],[-107250,2047250],[-107250,2042750],[-108750,2041250],[-112250,2040250],[-113750,2041750],[-116750,2047750],[-118250,2047250],[-118750,2042250],[-122250,2042250],[-122250,2040750],[-119250,2040250],[-118250,2038250],[-117750,2030250],[-119250,2028250],[-123750,2028250],[-126250,2026250],[-129750,2026750],[-130250,2029750],[-131250,2030250],[-130750,2034750],[-132750,2034750],[-132750,2036250],[-133750,2036750],[-133250,2038250],[-135750,2040250],[-136750,2042250],[-138750,2042250],[-139250,2044750],[-140750,2044750],[-141250,2042750],[-140750,2041250],[-139250,2041750],[-137750,2040750],[-137750,2037750],[-141750,2036250],[-148250,2035750],[-148250,2036750],[-149750,2036750],[-151250,2038750],[-152750,2038750],[-153750,2040250],[-156750,2040250],[-159750,2038750],[-164250,2039250],[-167250,2038250],[-168750,2038250],[-168750,2039250],[-171250,2039250],[-172250,2036750],[-173250,2036250],[-179750,2036750],[-180250,2035750],[-182750,2035250],[-186750,2035750],[-188250,2033750],[-189250,2033750],[-188750,2034750],[-191750,2035250],[-193250,2033750],[-196750,2034250],[-200750,2032250],[-204750,2033250],[-207250,2032750],[-207750,2031750],[-210250,2030750],[-218250,2030750]],[[-103750,2080750],[-103250,2081750],[-103750,2081750],[-103750,2080750]],[[-171250,2039250],[-171750,2039750],[-171750,2039250],[-171250,2039250]],[[-193750,2083750],[-190250,2083750],[-190250,2084750],[-191250,2085250],[-190250,2085750],[-190250,2087750],[-189250,2088250],[-188250,2091750],[-189750,2091750],[-190250,2090250],[-195250,2088250],[-194750,2084750],[-193750,2083750]],[[-141750,2042081],[-141750,2042750],[-143750,2042750],[-143750,2041750],[-141750,2042081]],[[-105250,2075250],[-104750,2074750],[-104750,2075250],[-105250,2075250]],[[-123750,2072750],[-123750,2070250],[-122750,2069750],[-122250,2066750],[-122750,2064750],[-125250,2062750],[-122750,2062250],[-122250,2060250],[-119750,2058250],[-119250,2055750],[-117750,2054250],[-110750,2054250],[-110250,2053250],[-106250,2054250],[-105750,2057250],[-108250,2059750],[-110750,2060750],[-112250,2065250],[-115250,2066250],[-116750,2073250],[-121750,2074250],[-123750,2072750]]]]}},{"type":"Feature","properties":{"key":"Wilkins","name":"Wilkins","area_km2":10509.1,"lon":-71.8947,"lat":-70.5559},"geometry":{"type":"MultiPolygon","coordinates":[[[[-2105750,582750],[-2105250,582750],[-2105750,583750],[-2102750,583750],[-2102750,584750],[-2101750,584750],[-2101750,585250],[-2100750,585250],[-2100750,584750],[-2101250,584750],[-2101250,582750],[-2099750,582750],[-2099750,584750],[-2099250,584750],[-2099250,583750],[-2098750,583750],[-2099250,582250],[-2100750,582250],[-2100750,579750],[-2099750,579750],[-2099750,578750],[-2101750,578750],[-2101750,574750],[-2102250,574750],[-2102250,576250],[-2102750,576250],[-2102750,576750],[-2102250,576750],[-2102250,578250],[-2103250,578250],[-2103750,579750],[-2104750,579250],[-2105250,580250],[-2106750,580250],[-2106750,580750],[-2108250,580750],[-2108250,581250],[-2108750,581250],[-2109250,580250],[-2113750,580250],[-2114250,579250],[-2115750,579250],[-2115750,579750],[-2116250,579750],[-2116250,580750],[-2113750,580750],[-2113750,581250],[-2113250,581250],[-2112750,582250],[-2111750,582250],[-2111750,582750],[-2107250,582750],[-2107250,583750],[-2106250,583750],[-2106250,582250],[-2105750,582250],[-2105750,582750]],[[-2106750,582250],[-2106750,581250],[-2106250,581250],[-2106250,582250],[-2106750,582250]]],[[[-2022750,594750],[-2022750,593750],[-2023750,593750],[-2023750,595750],[-2023250,595750],[-2023250,594750],[-2022750,594750]]],[[[-2024250,597750],[-2024250,596750],[-2023750,596750],[-2023750,595750],[-2024750,595750],[-2024750,597750],[-2024250,597750]]],[[[-2040250,733250],[-2038750,736250],[-2037750,735750],[-2035750,736750],[-2034750,739250],[-2035250,741750],[-2033250,741250],[-2031750,741750],[-2032250,742750],[-2030250,742750],[-2026250,744250],[-2025750,745250],[-2022750,745750],[-2020750,748750],[-2018750,748750],[-2018250,749750],[-2016750,749750],[-2016750,748750],[-2015750,748750],[-2015750,747750],[-2014750,747250],[-2015250,745750],[-2016750,746750],[-2016250,743750],[-2018250,743250],[-2017750,742250],[-2019250,742250],[-2019250,741250],[-2020750,740750],[-2021250,741750],[-2022250,741750],[-2021750,740750],[-2022750,740750],[-2024750,737750],[-2028250,736250],[-2029750,734250],[-2030750,734750],[-2031250,733250],[-2029250,730750],[-2028250,730750],[-2028250,725750],[-2027250,723750],[-2027750,721750],[-2025250,720750],[-2027750,719750],[-2026750,716750],[-2027750,715750],[-2027250,712750],[-2028250,712750],[-2028750,710750],[-2028750,709750],[-2027250,708750],[-2028250,705750],[-2027750,703750],[-2026750,703250],[-2027250,701750],[-2026250,700750],[-2027250,700250],[-2027250,697750],[-2024250,696250],[-2024250,695250],[-2020750,695250],[-2019750,693750],[-2017750,692750],[-2017750,691750],[-2014750,690750],[-2015250,689250],[-2014250,688750],[-2014250,685750],[-2012750,685250],[-2011250,682750],[-2010250,683250],[-2008750,681250],[-2006750,680750],[-2006250,679750],[-2004750,681250],[-2003250,681250],[-2002250,680250],[-1996750,680750],[-1996250,683250],[-1993750,686750],[-1994750,687250],[-1994250,688750],[-1992250,688750],[-1991250,689750],[-1990250,689250],[-1989750,690250],[-1985750,689750],[-1984750,690750],[-1984750,692250],[-1982750,693750],[-1980750,697250],[-1980750,700250],[-1983250,700750],[-1983250,704250],[-1982750,705250],[-1981750,705250],[-1981750,707750],[-1979250,709250],[-1977250,708750],[-1977250,710750],[-1975750,712250],[-1975250,711250],[-1974250,711250],[-1975250,715250],[-1973250,717750],[-1971750,717250],[-1970250,717750],[-1970250,718750],[-1968250,718750],[-1968250,719750],[-1970250,721750],[-1973250,722750],[-1973750,725250],[-1970750,725750],[-1969750,724750],[-1967750,724750],[-1967250,723750],[-1964750,723250],[-1964250,721750],[-1962250,721250],[-1962750,714250],[-1961750,713250],[-1961250,714250],[-1958750,714250],[-1960750,715250],[-1961750,717250],[-1960250,716250],[-1958250,716250],[-1958250,715250],[-1956750,715750],[-1957250,716750],[-1953250,716750],[-1951750,715750],[-1950250,716250],[-1946750,714250],[-1948750,714250],[-1948250,712250],[-1944750,712750],[-1944250,709250],[-1942750,707750],[-1943750,706750],[-1950250,707750],[-1951750,706250],[-1953750,706250],[-1954750,707250],[-1961750,706250],[-1964750,705250],[-1967750,702250],[-1967750,699750],[-1966750,699750],[-1966250,697250],[-1967250,697250],[-1967750,694250],[-1969250,694750],[-1969250,692750],[-1968750,691750],[-1966750,692250],[-1967250,690750],[-1966250,690750],[-1965750,688750],[-1967250,687250],[-1966250,686750],[-1966250,684750],[-1967250,684250],[-1967250,679250],[-1969250,679250],[-1970750,677750],[-1972750,678250],[-1972750,675250],[-1970750,673750],[-1971750,673750],[-1971750,671250],[-1974250,671750],[-1973750,669250],[-1974750,669750],[-1974750,668250],[-1976250,668250],[-1976750,667250],[-1972750,666250],[-1973750,665750],[-1973750,664750],[-1968750,663750],[-1967250,661750],[-1966250,663250],[-1964250,660250],[-1963750,657750],[-1961750,657250],[-1961750,655250],[-1959750,654250],[-1959250,651250],[-1960750,650750],[-1960250,649250],[-1961250,647750],[-1960250,646750],[-1961250,646250],[-1961750,643750],[-1962750,644250],[-1964250,642750],[-1965250,643250],[-1965250,642250],[-1966250,642750],[-1968250,640250],[-1967750,639250],[-1970750,638750],[-1970750,636750],[-1973250,635750],[-1973250,632250],[-1975250,632750],[-1975750,631750],[-1975750,632750],[-1976750,632750],[-1976750,630750],[-1978250,630250],[-1979750,628250],[-1979250,624250],[-1980250,624250],[-1980250,623250],[-1981750,623250],[-1980750,625750],[-1983250,625250],[-1984250,624250],[-1982250,623250],[-1983250,621750],[-1982750,618250],[-1981750,618750],[-1982250,620750],[-1980750,621750],[-1977750,620250],[-1977750,619250],[-1978750,619750],[-1979750,619250],[-1979750,618250],[-1980750,618250],[-1981750,616250],[-1981250,615250],[-1982250,615250],[-1981750,611250],[-1980250,611250],[-1979250,607750],[-1981250,607750],[-1981750,609750],[-1982750,609750],[-1983250,610750],[-1982750,612250],[-1983750,612750],[-1984750,612250],[-1984250,610750],[-1992750,610750],[-1992750,609750],[-1993750,609750],[-1993750,608750],[-1995750,607750],[-1995750,601750],[-1997750,600750],[-2001250,601250],[-2001250,602250],[-2003250,602250],[-2004250,604750],[-2005750,604750],[-2006250,605750],[-2010750,605750],[-2013750,606750],[-2013250,605750],[-2015750,605750],[-2015750,604750],[-2016750,604750],[-2016750,603750],[-2017750,603750],[-2017750,602750],[-2018750,602750],[-2019750,600750],[-2021750,600750],[-2021750,599750],[-2023750,599750],[-2023750,598750],[-2024750,598250],[-2026250,598250],[-2027250,599250],[-2031750,599250],[-2035750,595250],[-2037750,595750],[-2045250,592750],[-2050750,586750],[-2051250,583250],[-2045250,581250],[-2044750,577750],[-2047750,574250],[-2051750,572250],[-2051250,569750],[-2049250,568750],[-2044250,568750],[-2039750,567250],[-2036750,565250],[-2035250,565250],[-2033250,562750],[-2034250,562750],[-2033750,560750],[-2036250,559750],[-2040250,559750],[-2040250,562250],[-2039250,563750],[-2039750,565750],[-2043750,567750],[-2049750,567750],[-2052250,569750],[-2052250,572750],[-2050750,574250],[-2049250,574250],[-2047750,575750],[-2047250,577750],[-2046250,577750],[-2046250,578750],[-2047250,578750],[-2047250,580750],[-2048750,580750],[-2049750,582250],[-2051250,582250],[-2052250,583250],[-2052250,585750],[-2048250,590250],[-2048250,591250],[-2047250,591250],[-2047250,592250],[-2045750,593750],[-2042750,595250],[-2042750,604750],[-2044750,611250],[-2045750,613250],[-2046750,613250],[-2047250,616750],[-2048250,617750],[-2049250,625250],[-2049250,633250],[-2050250,636250],[-2051250,636250],[-2051250,637750],[-2052250,637750],[-2052250,639750],[-2053750,639750],[-2055250,642750],[-2057250,642750],[-2057750,644750],[-2060750,644750],[-2060250,645750],[-2061250,645750],[-2061750,652250],[-2062750,652250],[-2062750,653250],[-2064250,654750],[-2072250,654250],[-2072750,653250],[-2073750,653750],[-2073750,652250],[-2074750,651250],[-2076750,650750],[-2078250,651750],[-2078250,653250],[-2079250,652750],[-2079250,655250],[-2080250,657250],[-2082250,656750],[-2082250,658750],[-2085750,658250],[-2087250,659250],[-2087750,660750],[-2088750,660750],[-2088250,658750],[-2091250,657750],[-2091750,658750],[-2092750,658750],[-2092750,659750],[-2094750,659750],[-2094250,666250],[-2097750,666750],[-2097750,668750],[-2098750,668750],[-2099750,670750],[-2103750,671750],[-2103750,672750],[-2108750,672750],[-2108750,673750],[-2113750,675750],[-2118250,675750],[-2118750,674750],[-2121250,674250],[-2123750,671750],[-2125750,671750],[-2125750,673750],[-2127250,674250],[-2126750,676250],[-2125750,676750],[-2126750,679750],[-2126250,681750],[-2123750,684250],[-2123250,682750],[-2119750,683750],[-2119750,686250],[-2118250,686750],[-2119250,690750],[-2118250,691250],[-2118750,692750],[-2117750,692750],[-2117250,695750],[-2118750,697250],[-2118750,699250],[-2121250,699250],[-2122250,700250],[-2125250,699750],[-2125250,700750],[-2131250,702250],[-2131250,703250],[-2130250,703250],[-2129250,702250],[-2128250,702750],[-2127750,701750],[-2124750,700750],[-2121250,700750],[-2120250,699750],[-2118750,699750],[-2117750,701250],[-2115250,701750],[-2114250,702750],[-2112750,702250],[-2112750,700750],[-2110250,702250],[-2108250,700750],[-2106750,701250],[-2106750,699750],[-2105250,699250],[-2105250,696750],[-2107250,696250],[-2106250,695750],[-2107250,692250],[-2106250,692250],[-2105250,690250],[-2104250,690750],[-2103250,688750],[-2101250,688750],[-2100750,687750],[-2098750,687250],[-2098250,685750],[-2094750,686250],[-2092750,683750],[-2090750,682750],[-2088250,683750],[-2087250,683250],[-2086250,684250],[-2085250,683250],[-2083250,683250],[-2082750,684250],[-2081250,684250],[-2080750,685250],[-2072250,688750],[-2069250,691750],[-2069250,693250],[-2068250,693250],[-2066250,695750],[-2063750,695250],[-2063750,696250],[-2061750,696250],[-2060750,695250],[-2060750,696250],[-2059750,696250],[-2059750,697250],[-2058250,698750],[-2058750,700750],[-2057750,701250],[-2057750,702250],[-2052250,702250],[-2052750,704250],[-2051250,703750],[-2053250,707250],[-2051750,707750],[-2050250,703750],[-2049250,704250],[-2050250,707750],[-2052750,710750],[-2051750,712250],[-2054750,712750],[-2056750,711250],[-2058250,714250],[-2057750,717750],[-2059250,718750],[-2055750,718750],[-2055250,721250],[-2052750,723750],[-2051750,723750],[-2051750,725750],[-2050250,726250],[-2050250,727250],[-2049750,725750],[-2047750,725250],[-2046250,726750],[-2046250,730250],[-2043750,729750],[-2043750,728250],[-2040750,728250],[-2040250,731750],[-2041250,732750],[-2039250,732250],[-2040250,733250]],[[-1958750,714250],[-1958250,713250],[-1957750,714250],[-1958750,714250]],[[-1958750,713250],[-1959750,712750],[-1958750,712750],[-1958750,713250]],[[-1973250,674750],[-1973250,673750],[-1972250,673250],[-1972250,674750],[-1973250,674750]],[[-1974250,675750],[-1975250,676250],[-1975250,678750],[-1977250,678750],[-1977250,677750],[-1978750,677250],[-1978750,676250],[-1976750,674750],[-1977250,673250],[-1976250,673250],[-1975250,671250],[-1974250,671750],[-1974250,675750]],[[-1982750,618250],[-1983250,617250],[-1982750,617250],[-1982750,618250]],[[-2074750,651750],[-2075250,652750],[-2075250,651750],[-2074750,651750]],[[-2046250,726750],[-2045750,725750],[-2045750,726750],[-2046250,726750]],[[-2039250,733750],[-2038250,732250],[-2038250,733250],[-2039250,733750]],[[-2042250,727250],[-2043250,727750],[-2043250,727250],[-2042250,727250]],[[-2045250,725250],[-2044250,723750],[-2044250,724750],[-2043250,724750],[-2042750,726250],[-2044250,726250],[-2045250,725250]],[[-2048750,716750],[-2047750,717250],[-2047750,718250],[-2048750,717750],[-2048750,716750]],[[-2043750,715250],[-2046250,715250],[-2045250,712250],[-2041750,711250],[-2041250,713250],[-2040750,711250],[-2039750,710750],[-2038250,711750],[-2038750,713750],[-2037750,713750],[-2037750,711750],[-2036250,710750],[-2035250,711250],[-2035750,713750],[-2037250,715250],[-2038250,715250],[-2038250,716250],[-2040250,715750],[-2041250,716750],[-2043250,716750],[-2043750,715250]],[[-2057250,713250],[-2056250,713250],[-2055750,714250],[-2056750,714250],[-2057250,713250]],[[-2048250,712750],[-2048750,713250],[-2049250,712750],[-2048250,712750]],[[-1972750,712250],[-1973750,710250],[-1972250,710250],[-1969750,713250],[-1972750,712250]],[[-1958750,711250],[-1958250,712250],[-1960250,712250],[-1960250,711750],[-1958750,711250]],[[-1950250,711750],[-1952250,712250],[-1952250,711750],[-1950250,711750]],[[-1963750,709250],[-1964250,709750],[-1964750,709250],[-1963750,709250]],[[-1959750,709250],[-1960250,710250],[-1960250,709250],[-1959750,709250]],[[-1945750,709250],[-1946750,709750],[-1946750,709250],[-1945750,709250]],[[-1949750,708250],[-1950250,709250],[-1950250,708250],[-1949750,708250]],[[-1963250,706750],[-1962250,706250],[-1962250,707750],[-1962750,707750],[-1963250,706750]],[[-2057250,697750],[-2055750,698250],[-2056250,699750],[-2057250,699250],[-2057250,697750]],[[-2045750,673750],[-2037250,673750],[-2035250,674750],[-2033750,676250],[-2033750,677250],[-2036750,680250],[-2037250,683250],[-2041750,687250],[-2041750,688250],[-2043250,689750],[-2046750,691750],[-2050250,691750],[-2051750,690750],[-2051250,689750],[-2052750,688250],[-2052250,683250],[-2051250,683250],[-2051750,681250],[-2050750,681250],[-2050750,680250],[-2051750,679250],[-2053250,680250],[-2055250,679750],[-2056250,678750],[-2056250,677250],[-2055250,675250],[-2054250,675750],[-2054250,674750],[-2053250,674250],[-2048250,675250],[-2045750,673750]],[[-1991750,676250],[-1990250,677250],[-1990250,678250],[-1991750,677750],[-1991750,676250]],[[-1987250,676750],[-1986750,672750],[-1985250,673750],[-1985250,675750],[-1986250,676250],[-1985750,677250],[-1987250,676750]],[[-2069750,668250],[-2069250,668750],[-2069750,669250],[-2069750,668250]],[[-2082750,659250],[-2083250,660250],[-2083250,659250],[-2082750,659250]],[[-2040750,653250],[-2040250,652250],[-2039750,653250],[-2040750,653250]],[[-2040750,651750],[-2039750,650250],[-2039750,651750],[-2040750,651750]],[[-2052750,641250],[-2053750,641750],[-2053750,641250],[-2052750,641250]]],[[[-1968250,664750],[-1966750,664750],[-1966750,664250],[-1967250,664250],[-1967250,663750],[-1968750,663750],[-1968750,664250],[-1968250,664250],[-1968250,664750]]],[[[-1969750,665250],[-1969750,664750],[-1970250,664750],[-1970250,664250],[-1970750,664250],[-1970750,665750],[-1970250,665750],[-1970250,665250],[-1969750,665250]]],[[[-2041250,733750],[-2041250,732750],[-2042250,732750],[-2042250,732250],[-2042750,732250],[-2042750,732750],[-2043750,732750],[-2043750,733250],[-2044250,733250],[-2044250,732750],[-2044750,732750],[-2044750,733750],[-2045250,733750],[-2045250,734250],[-2043750,734250],[-2043750,733750],[-2041250,733750]]]]}},{"type":"Feature","properties":{"key":"Lazarev","name":"Lazarev","area_km2":8371.9,"lon":14.4994,"lat":-69.9427},"geometry":{"type":"MultiPolygon","coordinates":[[[[508250,2098250],[507250,2101250],[503750,2100750],[499250,2104750],[498250,2106750],[498250,2112250],[497250,2114250],[497750,2115750],[496750,2116750],[496750,2118250],[494750,2120250],[494750,2121250],[495750,2121250],[496250,2122250],[496250,2126250],[495250,2127250],[494250,2131250],[493250,2131750],[493250,2132750],[491750,2133250],[492750,2133750],[492750,2134750],[491250,2136250],[490750,2138750],[490750,2140750],[491750,2140750],[491750,2142250],[493250,2143250],[492750,2144250],[489750,2143250],[489750,2144250],[490750,2145250],[491750,2150250],[496750,2154750],[496750,2155750],[497750,2155750],[497750,2156750],[498750,2156750],[498750,2157750],[499750,2157750],[499750,2158750],[501750,2158750],[501750,2159750],[504750,2160250],[507750,2158250],[509250,2159250],[509250,2160750],[508250,2161750],[510750,2161750],[510750,2169750],[512250,2171750],[514250,2171250],[515750,2169750],[515750,2168750],[517750,2167250],[518750,2163750],[519750,2163750],[520750,2161750],[523250,2161750],[523750,2159750],[525750,2159750],[527750,2161750],[527750,2165750],[529750,2166750],[529750,2168750],[532250,2169250],[531250,2170250],[531750,2171750],[530750,2172250],[530750,2173750],[531750,2173750],[531750,2172750],[532750,2172750],[533750,2170750],[535750,2170750],[534750,2171750],[535750,2172750],[534250,2172750],[534250,2174750],[533250,2174750],[533250,2177750],[532250,2177750],[532250,2178750],[533750,2178750],[534750,2176750],[538250,2176250],[536750,2178250],[537750,2178750],[537750,2179750],[542750,2179750],[542750,2180750],[544750,2179750],[544750,2180750],[547750,2180750],[547750,2181750],[555750,2182750],[555750,2181750],[558750,2181750],[558750,2180750],[575750,2180750],[575750,2179750],[577750,2179750],[577750,2178750],[581750,2177750],[581750,2175750],[584750,2175750],[584750,2174750],[586750,2174750],[586750,2173750],[589750,2173750],[590750,2171750],[593750,2171750],[593750,2170750],[595750,2170750],[595750,2169750],[597750,2168750],[597750,2167750],[597250,2168250],[595750,2167750],[596750,2167750],[598750,2165750],[598750,2164750],[599750,2164750],[599750,2163750],[597250,2163750],[597250,2164750],[593750,2164250],[590750,2166250],[586250,2166750],[585250,2167750],[583250,2167750],[577750,2170250],[578750,2168750],[579750,2168750],[579750,2167750],[581750,2167750],[581750,2166750],[584750,2166750],[584750,2165750],[586750,2165750],[586750,2164750],[587750,2164750],[588250,2163250],[589250,2164750],[590750,2164750],[591750,2162750],[593750,2162750],[593750,2158750],[595750,2157750],[595750,2154750],[596750,2154750],[596750,2153250],[598750,2152750],[598250,2150750],[596250,2150750],[596250,2151750],[594250,2151250],[593250,2151750],[593250,2152750],[591250,2152750],[591750,2151750],[589750,2151750],[589750,2150750],[591750,2150750],[591750,2149750],[592750,2149750],[592750,2148750],[593750,2148750],[594750,2146750],[596750,2146750],[596750,2145750],[594250,2145750],[594750,2144750],[596250,2144750],[594750,2144250],[596250,2142250],[593750,2141750],[595750,2140250],[593750,2140250],[594750,2138250],[592250,2137750],[592750,2134750],[594750,2133750],[594750,2130750],[592250,2128250],[592250,2126750],[591250,2125750],[591250,2122250],[593250,2116250],[599250,2113250],[599250,2112750],[602250,2109750],[603250,2109750],[604750,2107750],[607354,2097919],[607390,2090559],[603292,2088652],[597809,2088191],[595138,2086968],[591305,2080223],[589192,2074368],[583750,2074250],[581250,2078750],[582250,2080250],[580750,2080250],[578750,2078750],[575750,2078750],[574750,2079250],[574750,2080250],[573250,2080750],[569250,2080250],[568750,2082750],[565750,2083750],[563750,2085750],[561250,2086250],[561250,2087750],[559750,2090250],[558750,2090250],[555750,2087250],[552750,2087250],[550750,2090750],[550250,2096250],[546250,2098750],[542250,2098750],[538750,2097750],[536250,2095750],[527750,2092750],[525750,2090750],[520750,2090750],[520250,2092250],[519250,2092250],[518750,2091250],[517750,2092250],[517750,2093250],[518750,2092750],[518250,2094750],[513750,2093750],[513250,2095750],[512250,2095750],[512250,2096750],[513250,2096250],[512750,2097750],[510750,2097750],[510750,2098750],[509250,2098750],[509250,2097750],[508250,2098250]],[[492750,2133750],[493250,2133250],[493250,2133750],[492750,2133750]],[[493250,2143750],[494250,2143750],[495250,2144750],[493250,2143750]],[[531750,2168702],[531750,2167750],[532750,2167750],[532750,2168750],[531750,2168702]],[[539250,2176250],[538250,2175750],[539250,2175750],[539250,2176250]],[[577750,2170250],[577250,2170750],[577250,2170250],[577750,2170250]],[[577250,2170750],[576250,2171250],[576250,2170750],[577250,2170750]],[[589750,2152750],[587750,2152750],[587750,2151750],[589750,2151750],[589750,2152750]],[[603250,2109250],[602750,2108750],[603250,2108750],[603250,2109250]],[[529750,2099750],[531750,2100250],[531750,2101750],[530750,2101750],[530250,2102750],[528250,2102250],[528750,2097750],[529750,2098250],[529750,2099750]],[[525250,2104250],[528250,2102750],[528750,2104750],[526250,2107250],[526250,2109250],[524250,2109750],[525250,2104250]]]]}},{"type":"Feature","properties":{"key":"Stange","name":"Stange","area_km2":8001.6,"lon":-76.7025,"lat":-73.2388},"geometry":{"type":"MultiPolygon","coordinates":[[[[-1823250,372250],[-1824250,374250],[-1825250,374250],[-1825250,375250],[-1826750,374750],[-1827250,377250],[-1829250,377250],[-1830250,380750],[-1831750,383750],[-1832750,384250],[-1832750,396250],[-1832250,400250],[-1830750,402750],[-1831750,405750],[-1834750,406250],[-1836750,407750],[-1839250,407750],[-1839750,406750],[-1840750,406750],[-1841750,410250],[-1842750,409750],[-1843750,410750],[-1846750,411250],[-1848250,412750],[-1850750,412750],[-1852250,414750],[-1860250,416250],[-1863250,417750],[-1861250,418250],[-1860750,417250],[-1858750,416750],[-1858750,417750],[-1857750,417750],[-1857750,418750],[-1856750,418750],[-1856750,419750],[-1854750,420750],[-1854750,427750],[-1853750,427750],[-1853750,429750],[-1852750,429750],[-1852750,431750],[-1854750,431750],[-1854750,432750],[-1853750,432750],[-1853750,435750],[-1854750,435750],[-1855750,443250],[-1857750,443750],[-1857750,444750],[-1859750,444750],[-1859750,445750],[-1858750,445750],[-1858250,447250],[-1857250,446750],[-1856250,447750],[-1852750,447750],[-1852750,446750],[-1850750,446750],[-1849750,445250],[-1847750,445250],[-1847250,444250],[-1846250,444250],[-1845750,442750],[-1841750,442750],[-1841750,443750],[-1840750,443750],[-1840750,445750],[-1839750,445750],[-1838750,450750],[-1835750,450750],[-1834750,452750],[-1828750,452750],[-1828750,453750],[-1827750,453750],[-1826750,455750],[-1824250,456750],[-1824250,458250],[-1821750,458250],[-1821750,456750],[-1820750,456750],[-1819250,457250],[-1818750,458750],[-1816750,458750],[-1816750,459750],[-1815750,459750],[-1816250,464750],[-1815250,463750],[-1815750,461750],[-1814250,459750],[-1809250,461750],[-1808250,463750],[-1806250,463250],[-1805250,464250],[-1803250,464250],[-1801750,465750],[-1802250,468250],[-1800750,471250],[-1798250,472750],[-1798250,474250],[-1796250,475250],[-1795750,477250],[-1792750,478750],[-1792250,475750],[-1793750,473750],[-1793750,471750],[-1795250,469750],[-1795750,466750],[-1795250,465250],[-1793750,464750],[-1793750,463750],[-1789250,464250],[-1789250,465250],[-1788250,464250],[-1788750,463250],[-1790750,462750],[-1791250,461750],[-1793250,461250],[-1794750,459250],[-1795750,459250],[-1796250,457250],[-1797750,456750],[-1797250,455250],[-1798750,454750],[-1798750,452750],[-1797250,451750],[-1797750,448250],[-1796750,447750],[-1796750,445750],[-1789750,441250],[-1787750,442250],[-1784250,442250],[-1781250,441750],[-1781250,440750],[-1778250,440750],[-1777750,441750],[-1776250,440250],[-1775750,441250],[-1769250,442250],[-1766750,444250],[-1765250,444250],[-1760250,446750],[-1759750,449250],[-1756750,449750],[-1754750,452750],[-1752750,453250],[-1752750,454750],[-1751250,456250],[-1750250,455750],[-1749750,457750],[-1747750,458250],[-1747750,459750],[-1744750,460750],[-1742250,463250],[-1739750,463750],[-1739750,464750],[-1738250,465250],[-1736750,467750],[-1733750,468750],[-1732750,471250],[-1726750,475750],[-1727750,477527],[-1716250,476750],[-1715250,473250],[-1715750,470750],[-1719250,468250],[-1723250,468250],[-1723750,466750],[-1726250,466250],[-1726750,464250],[-1727750,464250],[-1728750,462250],[-1729750,458250],[-1731250,457750],[-1731750,455250],[-1730250,450750],[-1726250,449250],[-1726250,448250],[-1723750,446750],[-1723750,443750],[-1724750,443250],[-1724750,441750],[-1723750,441250],[-1723750,440250],[-1722750,440750],[-1722750,439750],[-1721750,439250],[-1721750,437750],[-1723250,438250],[-1724250,436750],[-1724250,435250],[-1723250,434250],[-1724250,433750],[-1723750,432750],[-1724750,432750],[-1724750,431750],[-1723250,432250],[-1723250,427250],[-1722250,426250],[-1722250,423250],[-1721250,421250],[-1719250,421250],[-1719250,419250],[-1720250,417750],[-1719750,415250],[-1720750,414750],[-1721750,415750],[-1721750,414750],[-1722750,414750],[-1722750,410250],[-1723750,409750],[-1723750,408750],[-1726250,408250],[-1726250,405750],[-1725250,403750],[-1723250,403250],[-1723750,401250],[-1721750,400750],[-1721250,399250],[-1721250,396250],[-1722750,391250],[-1725250,389250],[-1726750,389750],[-1727250,391250],[-1731250,394750],[-1731250,395750],[-1735250,399750],[-1737250,400250],[-1742250,404750],[-1743750,408250],[-1748250,412750],[-1755250,413250],[-1759250,412250],[-1762250,410250],[-1762750,403750],[-1760250,402250],[-1759250,399250],[-1759750,397250],[-1761250,396750],[-1761750,394750],[-1764250,393750],[-1764750,392250],[-1766250,391750],[-1766250,388750],[-1764250,384750],[-1764750,382250],[-1763250,377250],[-1764750,372250],[-1763250,370750],[-1762250,370750],[-1762250,369750],[-1760750,368750],[-1760750,365750],[-1762250,363750],[-1760250,361250],[-1761750,359750],[-1761750,358750],[-1758750,356750],[-1758750,351250],[-1760250,350250],[-1761250,348250],[-1761250,345250],[-1764250,345750],[-1766250,347750],[-1770250,345750],[-1770750,348250],[-1771750,348250],[-1771750,349250],[-1773750,351250],[-1780250,354250],[-1779250,355250],[-1780750,355250],[-1781250,358750],[-1782250,358750],[-1782250,359750],[-1780250,360750],[-1780250,363750],[-1779250,363750],[-1779250,365750],[-1778250,365750],[-1778250,367750],[-1779250,367750],[-1779250,369750],[-1780250,369750],[-1780250,373750],[-1784250,374250],[-1785250,370750],[-1789750,370750],[-1790750,371750],[-1793750,371750],[-1790250,372250],[-1786250,371250],[-1784750,373250],[-1784750,375750],[-1783250,378750],[-1782250,379250],[-1782750,385750],[-1784250,388750],[-1783250,389750],[-1783750,390750],[-1782250,391750],[-1782250,395750],[-1783250,395750],[-1783250,399250],[-1781250,401250],[-1784750,401250],[-1785750,400250],[-1786250,401750],[-1790250,401750],[-1790250,402750],[-1791250,402750],[-1791750,401750],[-1793250,403250],[-1793750,402250],[-1794750,402250],[-1794750,403250],[-1795750,403750],[-1795750,401250],[-1796250,400250],[-1797250,400250],[-1798250,400750],[-1798250,401750],[-1800250,401750],[-1800250,402750],[-1805250,402750],[-1805250,403750],[-1806250,403750],[-1806250,404750],[-1808250,404750],[-1808250,405750],[-1809250,405750],[-1809250,404750],[-1811250,404750],[-1811250,405750],[-1813250,405750],[-1813250,406750],[-1817250,407250],[-1818750,400750],[-1819750,400250],[-1818750,398250],[-1819250,394250],[-1820250,393750],[-1820250,391750],[-1821250,391750],[-1821250,386750],[-1822750,386250],[-1823750,381750],[-1822750,376750],[-1823250,374250],[-1821750,371750],[-1823250,372250]],[[-1852250,414750],[-1851750,415250],[-1852250,415250],[-1852250,414750]],[[-1806750,462750],[-1807250,463250],[-1807250,462750],[-1806750,462750]],[[-1791250,403750],[-1792250,403750],[-1792250,402750],[-1791250,402750],[-1791250,403750]],[[-1793750,403250],[-1794250,403750],[-1794250,403250],[-1793750,403250]],[[-1796750,403750],[-1796250,404250],[-1796750,405250],[-1796750,403750]],[[-1729750,439750],[-1728750,438750],[-1728250,439750],[-1729750,439750]],[[-1734750,432250],[-1736250,432250],[-1736750,430250],[-1735250,430250],[-1734750,432250]],[[-1823750,375250],[-1824250,374750],[-1823750,374750],[-1823750,375250]],[[-1779750,356250],[-1780250,355750],[-1779750,355750],[-1779750,356250]],[[-1738750,431750],[-1738250,431250],[-1738250,431750],[-1738750,431750]],[[-1734250,439750],[-1733750,439250],[-1733750,439750],[-1734250,439750]],[[-1727750,448750],[-1727250,448250],[-1727250,448750],[-1727750,448750]],[[-1723250,423750],[-1722750,423250],[-1722750,423750],[-1723250,423750]]]]}},{"type":"Feature","properties":{"key":"Nivl","name":"Nivlisen","area_km2":7323.6,"lon":11.1499,"lat":-70.305},"geometry":{"type":"MultiPolygon","coordinates":[[[[391250,2169750],[390250,2168750],[384250,2168250],[381750,2167250],[381250,2166250],[378750,2165750],[378750,2164750],[377750,2164750],[378250,2163250],[376250,2162750],[376250,2158750],[374750,2158750],[373750,2160750],[371750,2160750],[371750,2161750],[370750,2161750],[370250,2162750],[369750,2161750],[364750,2159750],[364750,2158750],[360750,2157750],[356250,2154750],[356250,2153250],[357250,2152750],[357250,2146750],[360750,2143250],[361250,2139250],[363250,2136750],[363250,2134750],[364250,2134250],[362250,2126250],[364750,2125750],[365750,2124750],[366750,2121750],[367750,2121250],[366750,2120750],[367750,2120250],[367250,2119250],[369750,2118250],[369250,2116750],[370750,2114250],[370750,2112250],[373750,2109750],[375250,2106250],[379750,2103750],[381750,2101750],[381750,2100750],[386750,2096250],[386750,2095250],[390750,2092250],[391250,2089250],[392750,2088750],[396250,2084250],[398250,2084250],[399750,2083250],[400250,2080750],[401750,2080250],[401750,2077750],[403750,2077750],[406250,2076250],[409250,2077250],[418750,2076250],[416750,2074250],[417250,2071750],[423250,2070250],[423250,2068250],[426250,2069250],[430250,2068750],[432750,2066250],[432750,2063750],[434750,2064250],[434750,2065250],[433250,2065250],[433250,2066250],[434750,2065750],[435750,2066750],[437250,2065750],[439750,2065750],[440250,2067250],[442250,2067750],[442250,2069750],[443250,2068750],[443750,2069750],[444750,2069750],[443750,2077750],[446250,2075750],[447250,2075750],[447250,2077250],[444250,2078750],[444250,2079750],[445750,2079750],[446750,2081250],[449250,2080750],[450250,2088250],[451250,2090750],[452750,2091250],[451750,2094250],[452750,2094250],[453750,2092750],[455750,2093750],[456750,2099750],[455250,2100750],[455250,2102250],[457250,2103750],[459250,2103750],[460250,2101750],[461250,2101750],[462250,2103250],[465250,2102750],[474750,2107750],[481250,2106750],[480750,2111250],[482750,2111750],[485750,2110250],[485250,2111250],[488250,2111250],[489750,2112750],[490250,2114750],[488750,2116750],[489250,2119250],[487750,2120750],[484750,2121750],[483250,2123750],[474250,2126750],[470750,2129250],[470750,2133750],[467250,2134250],[465750,2135750],[465750,2136750],[464250,2136250],[463750,2139250],[462750,2139750],[462750,2141750],[461750,2143750],[460750,2143750],[460750,2145750],[458750,2146750],[457750,2151750],[455750,2151750],[456250,2151250],[455750,2149250],[453750,2150750],[453250,2153250],[452250,2151750],[452750,2145750],[449750,2146250],[447750,2142250],[447250,2143250],[443750,2142750],[441750,2143750],[442250,2142250],[441250,2141250],[439750,2141250],[438250,2141750],[436250,2144250],[436750,2145750],[438250,2145750],[437250,2148750],[435250,2150250],[434750,2151750],[433250,2151750],[433750,2150250],[432750,2150250],[432750,2152250],[431750,2152250],[431250,2153250],[431750,2154250],[430250,2154750],[430750,2156750],[423750,2157750],[419250,2155750],[419250,2150250],[417250,2149750],[417250,2148750],[418250,2148250],[418250,2146250],[417250,2144250],[415250,2143250],[412750,2144250],[411750,2146250],[407250,2147750],[404250,2150750],[404250,2151750],[401250,2154750],[401750,2157250],[400750,2157250],[400750,2158250],[399750,2157750],[400250,2159750],[399250,2159250],[399750,2161250],[398750,2161250],[399250,2164250],[397750,2164250],[397750,2166250],[396250,2166250],[395250,2167750],[392750,2167750],[391250,2169750]],[[397250,2163750],[397750,2164250],[397750,2163750],[397250,2163750]],[[376750,2161250],[377250,2161750],[377250,2161250],[376750,2161250]],[[430250,2153250],[430750,2153750],[430750,2153250],[430250,2153250]],[[434750,2148750],[435250,2149750],[435250,2148750],[434750,2148750]],[[435750,2145750],[436250,2146750],[436250,2145750],[435750,2145750]],[[443750,2142250],[445250,2142250],[445250,2141250],[443250,2140250],[443750,2142250]],[[463750,2134750],[465250,2135750],[465750,2134250],[463750,2134750]],[[379750,2125250],[381250,2124750],[382750,2123250],[382750,2122250],[380250,2122750],[379250,2123750],[379750,2125250]],[[429250,2115250],[430750,2115250],[432750,2113250],[434250,2113250],[434250,2111250],[431250,2111250],[429250,2115250]],[[395750,2112250],[397750,2113250],[397750,2112250],[399750,2112750],[398250,2110250],[396750,2110250],[397750,2108250],[399250,2108750],[399250,2107250],[400250,2107250],[400250,2105250],[399250,2104250],[397250,2104250],[395250,2106750],[395250,2108250],[396250,2109250],[395750,2112250]]]]}},{"type":"Feature","properties":{"key":"Ekstrom","name":"Ekstr\u00f6m","area_km2":6885.6,"lon":-8.582,"lat":-71.0611},"geometry":{"type":"MultiPolygon","coordinates":[[[[-316750,2010250],[-320750,2010750],[-323250,2012750],[-322250,2015750],[-322750,2019750],[-321250,2020750],[-321750,2022750],[-320250,2022750],[-320250,2023750],[-318750,2024750],[-318750,2030250],[-319750,2030250],[-319750,2031250],[-321750,2032750],[-321750,2034250],[-323750,2036250],[-324750,2036250],[-326750,2038750],[-327750,2038250],[-327750,2039750],[-328750,2039750],[-330750,2041750],[-334250,2041750],[-335750,2044250],[-338250,2043250],[-338750,2044250],[-345250,2044750],[-349250,2042250],[-357250,2042750],[-358750,2044250],[-358750,2045750],[-360250,2047750],[-361250,2052750],[-360250,2052750],[-359750,2058250],[-360750,2059750],[-361750,2059750],[-361750,2060750],[-358250,2064250],[-355250,2065750],[-357250,2066250],[-355250,2067250],[-355250,2068250],[-354250,2068250],[-352750,2070250],[-353750,2070750],[-353750,2069750],[-354750,2069750],[-354750,2068750],[-355750,2068750],[-356250,2067750],[-356250,2072750],[-357250,2072750],[-357250,2073750],[-356250,2073750],[-356250,2079750],[-355250,2079750],[-355250,2081750],[-354250,2081750],[-354250,2082750],[-352250,2083750],[-352250,2085750],[-350250,2086750],[-350250,2088750],[-349250,2088750],[-348250,2090750],[-346250,2090750],[-346250,2091750],[-345250,2091750],[-345250,2092750],[-344250,2092750],[-344250,2093750],[-343250,2093750],[-343250,2094750],[-342250,2094750],[-342250,2095750],[-341250,2095750],[-340250,2097750],[-338250,2097750],[-337250,2099750],[-333250,2100750],[-333250,2101750],[-334250,2102250],[-332250,2103250],[-334250,2103750],[-332250,2103750],[-332250,2104750],[-329250,2105750],[-329250,2106750],[-328250,2107250],[-324750,2107250],[-323750,2110750],[-322750,2110750],[-322750,2109750],[-319750,2109750],[-318750,2108250],[-317750,2108250],[-319250,2107250],[-317250,2107250],[-317250,2110250],[-316250,2110250],[-316250,2111250],[-315750,2110250],[-314250,2110750],[-313750,2112250],[-314750,2112750],[-312250,2112750],[-312250,2114750],[-307750,2114250],[-306250,2114750],[-306250,2115750],[-304750,2115750],[-305250,2112750],[-304250,2112250],[-303750,2113750],[-302250,2113250],[-301250,2102250],[-299750,2101750],[-300250,2100250],[-298750,2099750],[-299250,2098750],[-297750,2097250],[-294250,2097750],[-291250,2096250],[-290750,2095250],[-287750,2094750],[-285250,2096750],[-285250,2097750],[-285115,2097750],[-279375,2087161],[-271041,2090295],[-263850,2089407],[-259919,2087922],[-259248,2086312],[-254070,2085476],[-246239,2080250],[-248250,2080250],[-254250,2084750],[-257750,2084750],[-259750,2085750],[-259750,2086750],[-263750,2088750],[-268750,2089750],[-272250,2089750],[-274750,2088250],[-277750,2087750],[-282250,2085250],[-282750,2084250],[-283750,2084250],[-284250,2083250],[-285250,2083250],[-285750,2082250],[-287750,2081750],[-288250,2080250],[-288750,2075750],[-287750,2074250],[-286750,2067750],[-285250,2064750],[-279750,2058250],[-276750,2056750],[-275750,2053750],[-272750,2050750],[-271250,2047750],[-269750,2036750],[-270750,2035750],[-270750,2032750],[-271750,2031750],[-272250,2028750],[-274250,2027750],[-273750,2026250],[-272250,2025250],[-272250,2023750],[-275250,2021750],[-275750,2017250],[-274250,2013750],[-274250,2007250],[-272250,2005250],[-271750,2003250],[-269750,2001750],[-269750,2000750],[-267750,1999250],[-267750,1995750],[-269750,1991750],[-270750,1991750],[-272750,1989750],[-282750,1988750],[-283750,1987750],[-281750,1992750],[-283250,1996250],[-284250,1997250],[-286250,1997250],[-289750,1990750],[-291250,1982250],[-296750,1978750],[-301750,1979750],[-303750,1981250],[-303750,1986250],[-302750,1987750],[-302750,1991250],[-303750,1991750],[-303250,1993250],[-304250,1994250],[-304250,1995750],[-305250,1996250],[-304750,1998250],[-305750,1998250],[-306250,2000750],[-307750,2000750],[-307250,2007750],[-308750,2008250],[-309750,2011250],[-313250,2011750],[-316750,2010250]],[[-355250,2066250],[-354750,2066750],[-355250,2066750],[-355250,2066250]],[[-354750,2066750],[-354250,2067250],[-354750,2067250],[-354750,2066750]],[[-301250,1994750],[-301750,1995750],[-302250,1994750],[-301250,1994750]],[[-331250,2103250],[-331750,2103750],[-331750,2103250],[-331250,2103250]],[[-321750,2108250],[-320750,2108750],[-321750,2108750],[-321750,2108250]],[[-352250,2073750],[-352750,2071750],[-352250,2071750],[-352250,2073750]],[[-281750,2005750],[-280750,2006250],[-280750,2007250],[-281750,2007250],[-281750,2005750]],[[-279750,2007250],[-279750,2008250],[-280750,2008250],[-280750,2007250],[-279750,2007250]],[[-299750,1999250],[-299250,2000750],[-300250,2000750],[-300750,1999250],[-299750,1999250]]]]}},{"type":"Feature","properties":{"key":"Nickerson","name":"Nickerson","area_km2":6305.9,"lon":-145.768,"lat":-75.8036},"geometry":{"type":"MultiPolygon","coordinates":[[[[-868250,-1312750],[-869750,-1312750],[-869750,-1311750],[-870250,-1311750],[-870250,-1311250],[-869250,-1311250],[-869250,-1312250],[-868250,-1312250],[-868250,-1312750]]],[[[-959250,-1275250],[-956750,-1274750],[-956250,-1276250],[-955250,-1276250],[-955250,-1274750],[-954750,-1273750],[-953750,-1274250],[-953750,-1272750],[-958250,-1269250],[-959750,-1269250],[-958250,-1270750],[-960250,-1273750],[-961750,-1269250],[-966250,-1270250],[-966250,-1269250],[-967250,-1269250],[-967750,-1268250],[-967750,-1266250],[-968750,-1264750],[-967750,-1262750],[-969250,-1262250],[-970750,-1260250],[-969750,-1260250],[-968250,-1261750],[-965250,-1261750],[-963750,-1259750],[-962250,-1259750],[-961250,-1258250],[-959250,-1257750],[-958250,-1255750],[-954750,-1255250],[-954750,-1256250],[-951250,-1257250],[-950250,-1261250],[-948750,-1263250],[-947750,-1263250],[-947250,-1262250],[-947250,-1263750],[-944250,-1264750],[-944250,-1266750],[-942750,-1266750],[-942250,-1267750],[-940750,-1267750],[-939750,-1268750],[-933250,-1268750],[-932250,-1270750],[-930250,-1269750],[-925250,-1272250],[-920750,-1272250],[-919250,-1274250],[-917250,-1275250],[-915250,-1275250],[-915750,-1270250],[-917250,-1268250],[-915250,-1268250],[-915250,-1266250],[-912250,-1265250],[-912750,-1264250],[-910750,-1262750],[-909750,-1259250],[-907250,-1257250],[-904250,-1258750],[-903250,-1262750],[-901250,-1262250],[-900250,-1263750],[-899750,-1260750],[-898250,-1259250],[-895250,-1259250],[-894750,-1260250],[-892750,-1260750],[-891750,-1262750],[-889250,-1263750],[-889250,-1265250],[-886250,-1263750],[-880250,-1263750],[-879750,-1265250],[-878750,-1265250],[-878250,-1263750],[-874250,-1264250],[-872750,-1268250],[-871250,-1268250],[-869250,-1270250],[-867750,-1270250],[-868750,-1271250],[-867750,-1271250],[-867250,-1272750],[-865250,-1272250],[-865250,-1273750],[-866250,-1274250],[-865750,-1276250],[-863250,-1276250],[-862750,-1277250],[-859250,-1276750],[-858750,-1277750],[-852750,-1277250],[-849750,-1274250],[-848750,-1274750],[-846750,-1273750],[-847750,-1272750],[-846250,-1272750],[-846250,-1271750],[-845250,-1271750],[-845750,-1270750],[-840250,-1268250],[-839250,-1266750],[-839250,-1247750],[-840250,-1247250],[-841250,-1238250],[-844250,-1234750],[-845250,-1229750],[-844750,-1227750],[-843750,-1227250],[-844250,-1224250],[-842750,-1222750],[-841750,-1223750],[-839750,-1221250],[-838250,-1221250],[-835750,-1222750],[-830750,-1222750],[-830250,-1225250],[-829250,-1226250],[-829250,-1229750],[-826750,-1232250],[-824250,-1232750],[-823250,-1233750],[-823250,-1236250],[-822250,-1236750],[-823750,-1244250],[-822250,-1244750],[-822250,-1243250],[-819750,-1243250],[-818750,-1244250],[-818750,-1247250],[-819750,-1249750],[-822250,-1250750],[-822750,-1251750],[-824250,-1251750],[-827750,-1259750],[-826750,-1261750],[-826750,-1265750],[-828250,-1270250],[-827750,-1274250],[-821250,-1279750],[-819250,-1279750],[-817750,-1281250],[-816250,-1281250],[-815750,-1275750],[-813750,-1276750],[-813750,-1273750],[-814750,-1273250],[-816250,-1269250],[-814250,-1269250],[-813750,-1270250],[-811750,-1270750],[-811750,-1272250],[-809750,-1272250],[-809250,-1271250],[-809250,-1272750],[-805750,-1274250],[-806250,-1275750],[-805250,-1276750],[-804250,-1281750],[-802750,-1282750],[-803250,-1283750],[-801250,-1285250],[-801250,-1288250],[-799750,-1291250],[-798250,-1292250],[-801250,-1292250],[-802250,-1294250],[-804250,-1294250],[-804250,-1295250],[-805250,-1295250],[-805250,-1297250],[-806250,-1297250],[-806250,-1299750],[-807750,-1300250],[-807750,-1301250],[-808750,-1301250],[-808250,-1305250],[-808750,-1307250],[-809750,-1307250],[-809750,-1310250],[-811750,-1311250],[-811750,-1314750],[-835750,-1314750],[-834750,-1314250],[-834750,-1310250],[-836750,-1310250],[-836750,-1309250],[-835750,-1309250],[-835750,-1307250],[-836750,-1307250],[-835750,-1303250],[-836750,-1303250],[-836750,-1302250],[-838750,-1302250],[-838750,-1303250],[-839750,-1303250],[-839750,-1302250],[-842750,-1302750],[-842750,-1305250],[-841750,-1305250],[-841750,-1306250],[-842750,-1306250],[-842750,-1307250],[-844750,-1308250],[-845250,-1310250],[-846250,-1310250],[-847250,-1312250],[-849250,-1312250],[-849250,-1313250],[-851250,-1313250],[-851250,-1314250],[-852250,-1314250],[-852250,-1313250],[-853250,-1313250],[-853250,-1314250],[-856250,-1314250],[-856250,-1313250],[-859250,-1313250],[-859250,-1312250],[-868250,-1312250],[-869250,-1310250],[-870250,-1310250],[-870250,-1311250],[-875250,-1310250],[-874750,-1309250],[-876750,-1309250],[-876750,-1308250],[-877250,-1310250],[-878250,-1310250],[-878750,-1309250],[-877250,-1306250],[-877250,-1301750],[-879750,-1298250],[-881750,-1291250],[-883250,-1290250],[-884250,-1287250],[-886750,-1285250],[-888250,-1281750],[-890750,-1281750],[-892750,-1283750],[-891750,-1289250],[-892750,-1292750],[-893750,-1293750],[-892750,-1303750],[-890750,-1308250],[-893250,-1308250],[-895250,-1309750],[-900750,-1309750],[-902750,-1308250],[-906250,-1307750],[-909250,-1309250],[-910250,-1307250],[-912250,-1307250],[-912250,-1304250],[-914250,-1304250],[-914250,-1303250],[-917750,-1303250],[-917750,-1302250],[-919750,-1302250],[-919750,-1301250],[-929250,-1301250],[-929250,-1300250],[-930250,-1300250],[-930250,-1298250],[-935250,-1295750],[-933250,-1295250],[-933250,-1294250],[-937250,-1293250],[-937250,-1292250],[-938250,-1292250],[-938250,-1291250],[-940250,-1291250],[-940250,-1290250],[-941250,-1290250],[-942250,-1288250],[-944250,-1288250],[-944250,-1286750],[-948750,-1282250],[-950250,-1282250],[-952250,-1279750],[-953750,-1279750],[-955750,-1277250],[-961250,-1276250],[-961250,-1274250],[-959250,-1275250]],[[-807250,-1273750],[-807750,-1274250],[-807250,-1274250],[-807250,-1273750]],[[-960250,-1275250],[-960750,-1275750],[-960250,-1275750],[-960250,-1275250]],[[-960750,-1268750],[-959750,-1268750],[-959750,-1267750],[-960750,-1267750],[-960750,-1268750]],[[-810250,-1277750],[-810750,-1280750],[-810250,-1281750],[-809250,-1281750],[-809250,-1279250],[-810250,-1277750]],[[-862250,-1278250],[-863750,-1279250],[-861750,-1279750],[-862250,-1278250]],[[-905250,-1279750],[-904250,-1279750],[-904250,-1279250],[-905250,-1278750],[-905250,-1279750]],[[-916250,-1281250],[-915750,-1282250],[-913750,-1281750],[-913750,-1280750],[-916250,-1281250]],[[-844750,-1299750],[-843250,-1301250],[-841750,-1301250],[-840250,-1298750],[-841250,-1298750],[-842750,-1297250],[-844750,-1297250],[-844750,-1299750]]]]}},{"type":"Feature","properties":{"key":"Totten","name":"Totten","area_km2":6256.4,"lon":115.7236,"lat":-67.0563},"geometry":{"type":"MultiPolygon","coordinates":[[[[2253250,-1164917],[2249750,-1161784],[2249750,-1161250],[2251250,-1161750],[2251250,-1160250],[2249250,-1157250],[2250250,-1156750],[2249725,-1153361],[2246041,-1157675],[2239250,-1154250],[2238750,-1148250],[2241250,-1147250],[2239250,-1143250],[2239750,-1141750],[2242750,-1139750],[2242250,-1136750],[2240250,-1135750],[2239750,-1133250],[2241250,-1130250],[2242250,-1130250],[2244250,-1127750],[2246250,-1127750],[2246250,-1124250],[2244250,-1122750],[2243750,-1120250],[2241750,-1119250],[2241750,-1109750],[2240250,-1107750],[2239750,-1103250],[2237250,-1098750],[2237750,-1096750],[2239250,-1096250],[2240750,-1094250],[2240750,-1085250],[2242750,-1085250],[2244250,-1089750],[2246250,-1091750],[2247750,-1095250],[2248750,-1095250],[2248250,-1096250],[2252250,-1098750],[2252750,-1097750],[2254250,-1097750],[2253250,-1100750],[2256250,-1102250],[2257750,-1104250],[2259250,-1103750],[2258250,-1101250],[2256250,-1100750],[2256750,-1099750],[2259750,-1099750],[2259750,-1097250],[2258750,-1096250],[2258750,-1092250],[2256750,-1091750],[2256750,-1083250],[2255250,-1079250],[2253750,-1078750],[2252750,-1075250],[2251750,-1074250],[2251750,-1070250],[2252750,-1068250],[2255250,-1068250],[2257250,-1069250],[2261750,-1077750],[2263750,-1078250],[2263750,-1073750],[2262250,-1070750],[2262750,-1065750],[2261750,-1064250],[2258250,-1064250],[2257750,-1063250],[2259750,-1057250],[2258750,-1048750],[2260750,-1046250],[2261250,-1042750],[2262750,-1042250],[2264750,-1039250],[2264250,-1028250],[2266250,-1025250],[2265250,-1018750],[2263250,-1015750],[2262750,-1013250],[2262750,-1006750],[2264250,-1005250],[2267250,-1004250],[2273250,-1004250],[2274750,-1006250],[2274750,-1011750],[2275750,-1012750],[2277250,-1012250],[2277750,-1009750],[2278750,-1008750],[2281750,-1007250],[2283750,-1007250],[2285250,-1012250],[2289250,-1014750],[2290250,-1019250],[2291750,-1020750],[2292750,-1023750],[2292750,-1030750],[2290750,-1043250],[2291750,-1061250],[2290250,-1065250],[2289250,-1065750],[2289250,-1073250],[2288250,-1074250],[2287750,-1080250],[2288250,-1083750],[2291750,-1089250],[2293250,-1088750],[2294750,-1090750],[2295750,-1090750],[2295250,-1096750],[2296750,-1098250],[2297750,-1098250],[2298750,-1100750],[2300250,-1100750],[2301250,-1103250],[2302250,-1103750],[2302250,-1110750],[2305750,-1110250],[2308750,-1111250],[2310750,-1113250],[2314250,-1112750],[2316750,-1113750],[2316750,-1114750],[2315250,-1115250],[2315250,-1116250],[2316750,-1117250],[2316250,-1118250],[2317750,-1118250],[2317250,-1120750],[2318750,-1120750],[2319250,-1124250],[2320250,-1124250],[2320750,-1125750],[2319750,-1127750],[2318250,-1128250],[2318250,-1130250],[2316250,-1131250],[2316250,-1133250],[2313250,-1133250],[2313250,-1140250],[2311750,-1140250],[2311750,-1144250],[2309750,-1144250],[2308750,-1145250],[2307750,-1143250],[2305750,-1143250],[2305750,-1144250],[2304750,-1144250],[2304750,-1145250],[2302750,-1145250],[2301750,-1147250],[2294250,-1147250],[2294250,-1146250],[2290250,-1146250],[2286750,-1144250],[2283750,-1144250],[2283750,-1145250],[2282750,-1145250],[2282750,-1146250],[2281750,-1146250],[2280750,-1148250],[2278750,-1148250],[2278750,-1149250],[2277750,-1149250],[2277750,-1151250],[2277250,-1150250],[2274250,-1150250],[2275250,-1151750],[2276750,-1152250],[2276250,-1153250],[2277250,-1153250],[2277750,-1151750],[2278250,-1153750],[2277750,-1155250],[2273750,-1157250],[2273750,-1158250],[2271750,-1158250],[2271750,-1159250],[2270250,-1160250],[2267750,-1160250],[2263750,-1161750],[2257250,-1161750],[2256250,-1164250],[2254750,-1164250],[2254750,-1165250],[2253250,-1164917]],[[2252750,-1142750],[2255750,-1142750],[2256250,-1145250],[2257250,-1145250],[2257250,-1146250],[2258250,-1145750],[2258250,-1147250],[2258750,-1146250],[2260750,-1146750],[2260250,-1148750],[2261750,-1148250],[2262250,-1144750],[2263250,-1144250],[2261750,-1143250],[2261750,-1142250],[2260750,-1142250],[2260750,-1141250],[2259750,-1141250],[2259750,-1139750],[2258250,-1138750],[2258750,-1137750],[2257750,-1135750],[2257750,-1133250],[2255750,-1131250],[2256250,-1128750],[2255250,-1128750],[2254250,-1124750],[2254250,-1121250],[2255750,-1120750],[2255750,-1119250],[2253250,-1119250],[2253250,-1117250],[2256250,-1114750],[2256250,-1113750],[2259250,-1113750],[2259250,-1112250],[2258250,-1111250],[2254250,-1111250],[2253250,-1111750],[2253750,-1112750],[2252250,-1113250],[2250250,-1119250],[2250750,-1125750],[2249250,-1126750],[2250250,-1129750],[2253250,-1130250],[2254250,-1131250],[2253750,-1132750],[2249750,-1133250],[2250750,-1140750],[2251750,-1140750],[2252750,-1142750]],[[2266750,-1150750],[2268750,-1149750],[2265750,-1149750],[2265750,-1151750],[2266750,-1151750],[2266750,-1150750]],[[2270750,-1144250],[2271750,-1141250],[2271250,-1140250],[2270250,-1140750],[2269750,-1142750],[2268250,-1142750],[2268750,-1144250],[2270750,-1144250]],[[2271250,-1140250],[2271750,-1139750],[2271250,-1139750],[2271250,-1140250]],[[2275750,-1138250],[2274750,-1137250],[2274750,-1138250],[2275750,-1138250]],[[2278750,-1133250],[2279250,-1133750],[2279250,-1133250],[2278750,-1133250]],[[2270250,-1097750],[2271250,-1097750],[2271750,-1095750],[2272750,-1095750],[2273250,-1094750],[2272750,-1081750],[2271750,-1081750],[2271250,-1082750],[2271250,-1090750],[2272250,-1090750],[2271750,-1094250],[2270750,-1093250],[2270250,-1089750],[2269250,-1090750],[2269250,-1092250],[2270250,-1092750],[2270250,-1097750]],[[2304250,-1111750],[2306250,-1111250],[2304250,-1111250],[2304250,-1111750]],[[2306250,-1111750],[2306750,-1112250],[2306750,-1111750],[2306250,-1111750]],[[2311750,-1113750],[2311250,-1114250],[2311750,-1114250],[2311750,-1113750]],[[2305250,-1142250],[2305750,-1142750],[2305750,-1142250],[2305250,-1142250]],[[2305250,-1142750],[2304750,-1143250],[2305250,-1143250],[2305250,-1142750]],[[2303750,-1143250],[2303250,-1143750],[2303750,-1143750],[2303750,-1143250]],[[2289750,-1144250],[2289250,-1144750],[2289750,-1144750],[2289750,-1144250]]]]}},{"type":"Feature","properties":{"key":"Pine_Island","name":"Pine Island","area_km2":6195.7,"lon":-100.7384,"lat":-74.9535},"geometry":{"type":"MultiPolygon","coordinates":[[[[-1657250,-361750],[-1657250,-362250],[-1655250,-362250],[-1655250,-361750],[-1654750,-361750],[-1654750,-362250],[-1654250,-362250],[-1654250,-362750],[-1654750,-362750],[-1654750,-364250],[-1654250,-364250],[-1654250,-364750],[-1654750,-364750],[-1654750,-365250],[-1655750,-365250],[-1655750,-364750],[-1656250,-364750],[-1656250,-363750],[-1657250,-363750],[-1657250,-362750],[-1657750,-362750],[-1657750,-361750],[-1657250,-361750]]],[[[-1606750,-263750],[-1605750,-260750],[-1604750,-261750],[-1604750,-260750],[-1602250,-258250],[-1600250,-258250],[-1599750,-260250],[-1598250,-260250],[-1595250,-259250],[-1591750,-256250],[-1587250,-255750],[-1583250,-256750],[-1579750,-262250],[-1579250,-267250],[-1578250,-268750],[-1578750,-272250],[-1576750,-273750],[-1576750,-274750],[-1575250,-275250],[-1573250,-279250],[-1571250,-279750],[-1571750,-283750],[-1574250,-286250],[-1573750,-289250],[-1571250,-291750],[-1569250,-292250],[-1568750,-293750],[-1567250,-293750],[-1566750,-296750],[-1564250,-295750],[-1564250,-297750],[-1562250,-299750],[-1562250,-304750],[-1561250,-305750],[-1561250,-308250],[-1562250,-309750],[-1565250,-310250],[-1565750,-311250],[-1564750,-312750],[-1564750,-315250],[-1563250,-317250],[-1565750,-325250],[-1564750,-324750],[-1564750,-326250],[-1563750,-326750],[-1566750,-326750],[-1567750,-329750],[-1567750,-336250],[-1570250,-342250],[-1571750,-343750],[-1575750,-343750],[-1578750,-341750],[-1579250,-337750],[-1581750,-337750],[-1583750,-339250],[-1583750,-338250],[-1585750,-337250],[-1587750,-338750],[-1588250,-340250],[-1588250,-339250],[-1590250,-338250],[-1591250,-334250],[-1592250,-334250],[-1591750,-330250],[-1594250,-329750],[-1594750,-330750],[-1595750,-330750],[-1594750,-329750],[-1594750,-328250],[-1597250,-328250],[-1600250,-329750],[-1603750,-327750],[-1608750,-327750],[-1616250,-326250],[-1627250,-326750],[-1632250,-324750],[-1631250,-321750],[-1636250,-321750],[-1638750,-322250],[-1639250,-326250],[-1640250,-326250],[-1640250,-327250],[-1639250,-327250],[-1639250,-329250],[-1641250,-330250],[-1641250,-333250],[-1642250,-333250],[-1642250,-334250],[-1643250,-334750],[-1644250,-334250],[-1644250,-336250],[-1645750,-336750],[-1645250,-338250],[-1646250,-339250],[-1645750,-340250],[-1646750,-341750],[-1646750,-344750],[-1647750,-346250],[-1648750,-346250],[-1647750,-349750],[-1653750,-352250],[-1654750,-357250],[-1655750,-357750],[-1655250,-360750],[-1658750,-360250],[-1660750,-358750],[-1660750,-357750],[-1663250,-357750],[-1663750,-356250],[-1664750,-356250],[-1664750,-353250],[-1666750,-352250],[-1667250,-350250],[-1674250,-350250],[-1674250,-349250],[-1676250,-348250],[-1675750,-347250],[-1678750,-347750],[-1679750,-346750],[-1679750,-345250],[-1680750,-345250],[-1681250,-342250],[-1683250,-341250],[-1683250,-340250],[-1686250,-340250],[-1685750,-339250],[-1684750,-339250],[-1684750,-337250],[-1682250,-336750],[-1680250,-339250],[-1674750,-338750],[-1672250,-338250],[-1672250,-337250],[-1671250,-337250],[-1670750,-336250],[-1668750,-336750],[-1668750,-335750],[-1662750,-336750],[-1660750,-335250],[-1660250,-333750],[-1661250,-329250],[-1660250,-328750],[-1659250,-325750],[-1658750,-320250],[-1659750,-318250],[-1661250,-317250],[-1661250,-316250],[-1665250,-314250],[-1668750,-310250],[-1669750,-305250],[-1669750,-303250],[-1668750,-303250],[-1668750,-301750],[-1669750,-301750],[-1669750,-300250],[-1671750,-297750],[-1671250,-296250],[-1668250,-294750],[-1669250,-292750],[-1668250,-292750],[-1667750,-287750],[-1666750,-287250],[-1666750,-285750],[-1667750,-284750],[-1665750,-284250],[-1665250,-281250],[-1663750,-281750],[-1662750,-279250],[-1659250,-279750],[-1657250,-281750],[-1654750,-286750],[-1654750,-289750],[-1653750,-290250],[-1653750,-292250],[-1653250,-291250],[-1650750,-291250],[-1650750,-289250],[-1648250,-289250],[-1647750,-288250],[-1646750,-288250],[-1646750,-289250],[-1644750,-288750],[-1643750,-287750],[-1643750,-286250],[-1643250,-287250],[-1638250,-286750],[-1637750,-287750],[-1635750,-288250],[-1635750,-289250],[-1634250,-290750],[-1632750,-290250],[-1630750,-287750],[-1630750,-288750],[-1629750,-288750],[-1628750,-292250],[-1627750,-292750],[-1627750,-294250],[-1629750,-296250],[-1629750,-299750],[-1628750,-299750],[-1627250,-301250],[-1627250,-302250],[-1625250,-303250],[-1622750,-301750],[-1622750,-299750],[-1620750,-297750],[-1619750,-288250],[-1621250,-287750],[-1622250,-285750],[-1622250,-282250],[-1621250,-281250],[-1621250,-273750],[-1619750,-272750],[-1619250,-267250],[-1618750,-266250],[-1617750,-266250],[-1618250,-267750],[-1616250,-268250],[-1615250,-267250],[-1615750,-266250],[-1613250,-266250],[-1613250,-267250],[-1614250,-267750],[-1612750,-267750],[-1610250,-265750],[-1610250,-264750],[-1606750,-263750]],[[-1590250,-337250],[-1586250,-337250],[-1586250,-336250],[-1590250,-336250],[-1590250,-337250]],[[-1680250,-339250],[-1680750,-339750],[-1680250,-339750],[-1680250,-339250]],[[-1606250,-262750],[-1605750,-263250],[-1605750,-262750],[-1606250,-262750]],[[-1602750,-261750],[-1601750,-261750],[-1601250,-260750],[-1602750,-260750],[-1602750,-261750]],[[-1601750,-262750],[-1603750,-264250],[-1601750,-264250],[-1601750,-262750]],[[-1580250,-265250],[-1579750,-265750],[-1579750,-265250],[-1580250,-265250]],[[-1594750,-277750],[-1594250,-275750],[-1595750,-275750],[-1594750,-277750]],[[-1595250,-277750],[-1595250,-279250],[-1594750,-279250],[-1594250,-278250],[-1595250,-277750]],[[-1664250,-288250],[-1663750,-286750],[-1662750,-286750],[-1662750,-285250],[-1664250,-285250],[-1664250,-288250]],[[-1647750,-289750],[-1647250,-289250],[-1647750,-289250],[-1647750,-289750]],[[-1649250,-289750],[-1649250,-290750],[-1647750,-290750],[-1647750,-289750],[-1649250,-289750]],[[-1645750,-292250],[-1644750,-291750],[-1644750,-290750],[-1645750,-290750],[-1645750,-292250]],[[-1644750,-300250],[-1642250,-300750],[-1641750,-297750],[-1644750,-297250],[-1644750,-300250]],[[-1659250,-298750],[-1660250,-299250],[-1660250,-301750],[-1658750,-301250],[-1659250,-298750]],[[-1638250,-318750],[-1640250,-319250],[-1640750,-321250],[-1638750,-321250],[-1638250,-318750]],[[-1566250,-325750],[-1565750,-326250],[-1565750,-325750],[-1566250,-325750]],[[-1641750,-326250],[-1641250,-326750],[-1641250,-326250],[-1641750,-326250]],[[-1594750,-327250],[-1594250,-327750],[-1594250,-327250],[-1594750,-327250]],[[-1664750,-337250],[-1667250,-337750],[-1666750,-338750],[-1667750,-338750],[-1667750,-339750],[-1664250,-340250],[-1663750,-338250],[-1664750,-337250]],[[-1661750,-338250],[-1661250,-338750],[-1661250,-338250],[-1661750,-338250]],[[-1670250,-339250],[-1672750,-339750],[-1674250,-340750],[-1671250,-341250],[-1670250,-339250]],[[-1677250,-339750],[-1676750,-340250],[-1676750,-339750],[-1677250,-339750]],[[-1676250,-339750],[-1674750,-340250],[-1674750,-339750],[-1676250,-339750]],[[-1668750,-339750],[-1668250,-340250],[-1668250,-339750],[-1668750,-339750]],[[-1667750,-340750],[-1666250,-341250],[-1666250,-340750],[-1667750,-340750]],[[-1650250,-346250],[-1649750,-347250],[-1649750,-346250],[-1650250,-346250]],[[-1660250,-356250],[-1659750,-356750],[-1659750,-356250],[-1660250,-356250]]]]}},{"type":"Feature","properties":{"key":"Moscow_University","name":"Moscow University","area_km2":5940.7,"lon":120.3025,"lat":-67.0002},"geometry":{"type":"MultiPolygon","coordinates":[[[[2151750,-1362250],[2154250,-1358250],[2155250,-1360250],[2156750,-1358750],[2156750,-1353750],[2155250,-1350750],[2155250,-1345250],[2156250,-1344750],[2156750,-1342250],[2154750,-1337750],[2153250,-1337250],[2152750,-1334750],[2153250,-1306750],[2153750,-1304250],[2157750,-1299250],[2160750,-1291750],[2161250,-1284750],[2159750,-1281250],[2159750,-1278750],[2162250,-1266750],[2163750,-1263250],[2164250,-1257750],[2166250,-1252250],[2166250,-1243250],[2166750,-1241250],[2168750,-1238750],[2169250,-1232250],[2170250,-1231250],[2170750,-1228250],[2174750,-1221250],[2174750,-1212250],[2182750,-1206250],[2186250,-1206250],[2188750,-1211250],[2188750,-1218250],[2187750,-1219250],[2187750,-1222750],[2184750,-1236250],[2184750,-1246750],[2186750,-1249750],[2186750,-1258250],[2185250,-1264250],[2185750,-1274250],[2184250,-1278750],[2184250,-1286250],[2183250,-1287250],[2181750,-1295250],[2181750,-1301250],[2182250,-1303750],[2183750,-1304250],[2185750,-1297750],[2185250,-1304250],[2187250,-1305250],[2187750,-1309250],[2185750,-1308750],[2184750,-1321750],[2185250,-1323750],[2186250,-1324250],[2187250,-1323250],[2187250,-1324750],[2188250,-1324750],[2188750,-1321250],[2188750,-1322750],[2190250,-1323750],[2191250,-1325750],[2194250,-1325250],[2195250,-1326250],[2194750,-1327750],[2196750,-1328750],[2196250,-1330750],[2197250,-1335250],[2195750,-1335750],[2195750,-1336750],[2194750,-1336250],[2194250,-1338250],[2193250,-1338250],[2192750,-1342250],[2191250,-1340250],[2190250,-1341250],[2189250,-1340750],[2189250,-1345250],[2187750,-1346750],[2187750,-1347750],[2189250,-1347250],[2189250,-1348250],[2187750,-1348750],[2188750,-1352250],[2187250,-1355750],[2187250,-1358750],[2189250,-1359250],[2191750,-1357250],[2191750,-1367250],[2181250,-1367250],[2181250,-1368250],[2176750,-1368250],[2176250,-1369250],[2173750,-1369750],[2172750,-1371250],[2170250,-1370750],[2169750,-1369750],[2168250,-1369750],[2167250,-1370750],[2164750,-1369750],[2157250,-1370250],[2154750,-1369750],[2154250,-1370750],[2152250,-1370750],[2152250,-1372250],[2150750,-1374250],[2150250,-1378750],[2150250,-1373750],[2151250,-1372750],[2150750,-1371750],[2151750,-1370750],[2151750,-1367250],[2152750,-1365750],[2151250,-1364250],[2151750,-1362250]],[[2153750,-1369750],[2154250,-1369250],[2153750,-1368750],[2153750,-1369750]],[[2151750,-1362750],[2152250,-1363750],[2152250,-1362750],[2151750,-1362750]],[[2190750,-1326250],[2191750,-1326750],[2191750,-1326250],[2190750,-1326250]],[[2192750,-1327750],[2193750,-1327750],[2194250,-1328250],[2194250,-1327250],[2192750,-1327750]],[[2192250,-1333750],[2191250,-1334250],[2191250,-1334750],[2192250,-1334750],[2192250,-1333750]],[[2190750,-1334750],[2188750,-1336250],[2188750,-1340250],[2190250,-1340250],[2189750,-1337250],[2190750,-1336250],[2190750,-1334750]]],[[[2192750,-1292343],[2191750,-1294250],[2190750,-1294250],[2190750,-1295250],[2189250,-1295250],[2190250,-1294250],[2190250,-1292750],[2189250,-1291750],[2188750,-1288750],[2190250,-1287250],[2190250,-1286250],[2189250,-1285750],[2190250,-1285250],[2190750,-1282750],[2191750,-1282250],[2192250,-1277250],[2191250,-1276250],[2192250,-1269250],[2193750,-1266750],[2193750,-1265750],[2192750,-1265750],[2192750,-1263750],[2193750,-1262750],[2193250,-1257250],[2194250,-1256250],[2193750,-1255250],[2194750,-1255250],[2194250,-1253250],[2197250,-1245750],[2197250,-1244750],[2195250,-1243750],[2195250,-1241750],[2196750,-1240750],[2196750,-1239250],[2196250,-1236750],[2194750,-1235750],[2194250,-1234250],[2194250,-1232750],[2195250,-1233250],[2195750,-1232250],[2194750,-1232250],[2195250,-1231250],[2194250,-1230750],[2196250,-1230250],[2195750,-1228750],[2197250,-1230250],[2200250,-1228750],[2199750,-1222750],[2200750,-1221750],[2200250,-1217250],[2201250,-1215750],[2201250,-1212250],[2205250,-1208250],[2204750,-1205750],[2206250,-1202750],[2207250,-1202250],[2207750,-1198250],[2211250,-1196250],[2212750,-1196750],[2214250,-1199250],[2218250,-1198750],[2219750,-1201250],[2219750,-1203750],[2221250,-1206750],[2222250,-1207250],[2222750,-1209250],[2224250,-1210750],[2226250,-1210750],[2226750,-1206250],[2224750,-1194750],[2226250,-1190250],[2226250,-1187250],[2229250,-1182750],[2229250,-1179250],[2231750,-1176750],[2229250,-1177250],[2227750,-1176250],[2227750,-1174750],[2225250,-1172750],[2224250,-1167750],[2227250,-1168250],[2227250,-1167250],[2232750,-1167750],[2233750,-1166250],[2235750,-1166750],[2235750,-1161250],[2236750,-1159250],[2238250,-1158250],[2239250,-1155250],[2246041,-1157675],[2248882,-1153782],[2249725,-1153361],[2246250,-1157750],[2246250,-1160750],[2243250,-1166750],[2244250,-1166750],[2244750,-1165250],[2246750,-1165250],[2246750,-1163750],[2249750,-1161784],[2252956,-1164750],[2250750,-1165250],[2250750,-1164250],[2248750,-1164250],[2248750,-1165250],[2247750,-1165250],[2247750,-1167250],[2246750,-1167250],[2245750,-1170250],[2244250,-1170750],[2243750,-1173250],[2242750,-1173250],[2242250,-1176250],[2241250,-1177250],[2241250,-1183250],[2239250,-1184250],[2239250,-1186750],[2237750,-1188250],[2236750,-1188250],[2236250,-1189750],[2235250,-1189750],[2234250,-1193250],[2233250,-1193250],[2233250,-1195250],[2232250,-1195250],[2232250,-1197250],[2230250,-1198250],[2230250,-1203250],[2231250,-1203250],[2230250,-1207750],[2231250,-1211250],[2230750,-1213250],[2229750,-1213250],[2228250,-1215250],[2228750,-1217250],[2227750,-1217250],[2227750,-1219250],[2225750,-1219250],[2224750,-1217750],[2223750,-1218250],[2223750,-1217250],[2221750,-1217750],[2222750,-1220750],[2224750,-1218750],[2224750,-1221750],[2223750,-1222250],[2223750,-1224250],[2221750,-1224250],[2221750,-1225250],[2218750,-1225250],[2219750,-1227250],[2217750,-1227250],[2217750,-1228250],[2216750,-1228250],[2216750,-1230250],[2215750,-1230250],[2215750,-1233250],[2213750,-1234250],[2213750,-1235750],[2212750,-1236250],[2212750,-1239250],[2210750,-1240250],[2210750,-1243250],[2208750,-1244750],[2208250,-1246250],[2206750,-1246250],[2206750,-1247250],[2204750,-1248250],[2204250,-1251750],[2205750,-1252250],[2205750,-1253250],[2204750,-1253250],[2204250,-1256250],[2204750,-1259750],[2201750,-1261250],[2201750,-1263750],[2200750,-1264250],[2200750,-1269250],[2201750,-1269250],[2201750,-1272250],[2198750,-1272250],[2198750,-1273250],[2197750,-1273250],[2197750,-1277750],[2196750,-1279250],[2196750,-1280250],[2198250,-1280250],[2199250,-1282250],[2198250,-1283750],[2198750,-1285750],[2196750,-1286250],[2196750,-1287750],[2195750,-1288250],[2195750,-1292250],[2192750,-1292343]],[[2194750,-1254250],[2196250,-1254250],[2197250,-1251750],[2195250,-1252250],[2194750,-1254250]],[[2195750,-1276250],[2196250,-1278750],[2196250,-1276250],[2195750,-1276250]],[[2202250,-1253250],[2203250,-1256750],[2203250,-1253250],[2202250,-1253250]],[[2209750,-1224750],[2208250,-1225250],[2208250,-1226250],[2209750,-1225750],[2209750,-1224750]],[[2234324,-1173250],[2235250,-1173750],[2236750,-1170250],[2235250,-1171250],[2234324,-1173250]],[[2229250,-1200750],[2229750,-1202250],[2229750,-1200750],[2229250,-1200750]],[[2210250,-1212750],[2210250,-1211750],[2208250,-1210250],[2208250,-1212250],[2210250,-1212750]],[[2241750,-1167250],[2242750,-1167750],[2242750,-1167250],[2241750,-1167250]]]]}},{"type":"Feature","properties":{"key":"Dotson","name":"Dotson","area_km2":5876.1,"lon":-112.8165,"lat":-74.6651},"geometry":{"type":"MultiPolygon","coordinates":[[[[-1581250,-692250],[-1585750,-688750],[-1588250,-688750],[-1586750,-677250],[-1589250,-672250],[-1588750,-668250],[-1589750,-665750],[-1589750,-662750],[-1591250,-662750],[-1593250,-660250],[-1594750,-651750],[-1597250,-649250],[-1597250,-646250],[-1598250,-646250],[-1598250,-644250],[-1599250,-644250],[-1599750,-643250],[-1597750,-642750],[-1596750,-641250],[-1591750,-640250],[-1589250,-637750],[-1586750,-636750],[-1586250,-635250],[-1583750,-633250],[-1583250,-630750],[-1582250,-629750],[-1582250,-624750],[-1581250,-623750],[-1581750,-617250],[-1578250,-619250],[-1577750,-620750],[-1575750,-620250],[-1573750,-630750],[-1569250,-631250],[-1566250,-630750],[-1565250,-629750],[-1563750,-630250],[-1562250,-628250],[-1561250,-628250],[-1561250,-627250],[-1558750,-626750],[-1557750,-623750],[-1555750,-622750],[-1555750,-621750],[-1554250,-620750],[-1553250,-616750],[-1550750,-615250],[-1551750,-611250],[-1550750,-611250],[-1550250,-612250],[-1545750,-611750],[-1541250,-607750],[-1540250,-607750],[-1539250,-609750],[-1537750,-609750],[-1534250,-606250],[-1535250,-604250],[-1534798,-603750],[-1523892,-607746],[-1511845,-614723],[-1491316,-622522],[-1485250,-625750],[-1485250,-630250],[-1484250,-632750],[-1485250,-637750],[-1487750,-638250],[-1489750,-637250],[-1492750,-633750],[-1495750,-632250],[-1495750,-631250],[-1498750,-627250],[-1502250,-626750],[-1502750,-629250],[-1501750,-630750],[-1501750,-633750],[-1507250,-634750],[-1508750,-634250],[-1511250,-635250],[-1512750,-639250],[-1514250,-640250],[-1514250,-641250],[-1512750,-641250],[-1514250,-647250],[-1513750,-649250],[-1512250,-650750],[-1511250,-650750],[-1511250,-651750],[-1509250,-652750],[-1508750,-654250],[-1505750,-656750],[-1506250,-657750],[-1503250,-661750],[-1495750,-664250],[-1490250,-663750],[-1485750,-666750],[-1485750,-669750],[-1489250,-673250],[-1492250,-674750],[-1492250,-678250],[-1493750,-679750],[-1499750,-679750],[-1500750,-678750],[-1502250,-678750],[-1503750,-676250],[-1506250,-675250],[-1507750,-673250],[-1510750,-672250],[-1513750,-672250],[-1518250,-673750],[-1519250,-673250],[-1520250,-674250],[-1526750,-673250],[-1526750,-674250],[-1527750,-674250],[-1528250,-675250],[-1528250,-676750],[-1528750,-675750],[-1529750,-675750],[-1529250,-676750],[-1530750,-677250],[-1530250,-678750],[-1528750,-680250],[-1527750,-680250],[-1524750,-684250],[-1524750,-686750],[-1525750,-686750],[-1525250,-687750],[-1527250,-687750],[-1527750,-686250],[-1529250,-686250],[-1531750,-684250],[-1534250,-685250],[-1535750,-683250],[-1536750,-683250],[-1534750,-682250],[-1538250,-681250],[-1540250,-678250],[-1544250,-676250],[-1543750,-675250],[-1546250,-675750],[-1549250,-674250],[-1552750,-673750],[-1554750,-672250],[-1556750,-672250],[-1557750,-673250],[-1562750,-673250],[-1565750,-672250],[-1565750,-673750],[-1564750,-673750],[-1561750,-677250],[-1560750,-677250],[-1560750,-678250],[-1553750,-681250],[-1555750,-681750],[-1555250,-683250],[-1553250,-684250],[-1554750,-686250],[-1559750,-686250],[-1560750,-688750],[-1561750,-688750],[-1561750,-690250],[-1564250,-691750],[-1571750,-689750],[-1571750,-690750],[-1573750,-692250],[-1573250,-693250],[-1575750,-695250],[-1574750,-697250],[-1577250,-696250],[-1580250,-692250],[-1581250,-692250]],[[-1515250,-647750],[-1514750,-648250],[-1514750,-647750],[-1515250,-647750]],[[-1541250,-676250],[-1542250,-676750],[-1541250,-676750],[-1541250,-676250]],[[-1518250,-616250],[-1517250,-617750],[-1516250,-617750],[-1515750,-620750],[-1514750,-621750],[-1510750,-621250],[-1511250,-617750],[-1512250,-617750],[-1514250,-615750],[-1515750,-615750],[-1516750,-612750],[-1517750,-612750],[-1518250,-616250]],[[-1529750,-630750],[-1528750,-631250],[-1527250,-631250],[-1527250,-630250],[-1529250,-628250],[-1529750,-630750]],[[-1529250,-633750],[-1527750,-635250],[-1527750,-631750],[-1528750,-631750],[-1529250,-633750]],[[-1520750,-641750],[-1517250,-637750],[-1517250,-635750],[-1518250,-635750],[-1520250,-637750],[-1521250,-639750],[-1520750,-641750]],[[-1518250,-646250],[-1515750,-644750],[-1516750,-643250],[-1519750,-643750],[-1519750,-644750],[-1518250,-646250]],[[-1534250,-658250],[-1536750,-657250],[-1537250,-658250],[-1534250,-658250]]]]}},{"type":"Feature","properties":{"key":"Prince_Harald","name":"Prince Harald","area_km2":4952.7,"lon":35.6109,"lat":-69.3316},"geometry":{"type":"MultiPolygon","coordinates":[[[[1366750,1753750],[1365750,1753750],[1365750,1754250],[1362750,1754250],[1362750,1754750],[1366750,1754750],[1366750,1753750]]],[[[1357250,1762250],[1357250,1761750],[1356250,1761750],[1356250,1762250],[1354250,1762250],[1354250,1762750],[1357750,1762750],[1357750,1762250],[1357250,1762250]]],[[[1352750,1763750],[1352750,1762250],[1351750,1762250],[1351750,1762750],[1351250,1762750],[1351250,1763750],[1350750,1763750],[1350750,1764250],[1351250,1764250],[1351250,1764750],[1351750,1764750],[1351750,1763750],[1352750,1763750]]],[[[1359750,1766750],[1359750,1767250],[1359250,1767250],[1359250,1767750],[1360750,1767750],[1360750,1766750],[1359750,1766750]]],[[[1364750,1768750],[1364750,1768250],[1365750,1768250],[1365750,1767750],[1366750,1767750],[1366750,1767250],[1365250,1767250],[1365250,1767750],[1364250,1767750],[1364250,1768250],[1363750,1768250],[1363750,1771250],[1364250,1771250],[1364250,1768750],[1364750,1768750]]],[[[1333750,1786750],[1334250,1787750],[1335250,1787750],[1334750,1790250],[1335750,1792250],[1334750,1793250],[1341750,1793750],[1341750,1791750],[1340750,1791750],[1340750,1790750],[1342750,1790750],[1342750,1787250],[1341250,1786250],[1341250,1785250],[1344750,1784750],[1344750,1782750],[1343750,1782250],[1343750,1780750],[1342750,1779750],[1345750,1779750],[1345750,1780750],[1346750,1780750],[1347250,1782250],[1348250,1782250],[1348750,1783250],[1349750,1782250],[1352750,1785750],[1354250,1785750],[1359250,1788250],[1366750,1789750],[1369250,1791250],[1373750,1791750],[1374250,1792750],[1377250,1792250],[1382250,1794750],[1385250,1794750],[1385250,1795750],[1392250,1795750],[1393750,1794750],[1400750,1794250],[1401750,1793750],[1401750,1791750],[1402750,1791750],[1401750,1789750],[1398750,1789750],[1398750,1788750],[1397750,1788750],[1397750,1789750],[1393750,1789750],[1393750,1790750],[1392750,1790750],[1392750,1788750],[1391750,1788750],[1391750,1789750],[1389750,1789750],[1389750,1788750],[1383750,1787750],[1383750,1786750],[1381750,1786750],[1381750,1785750],[1372750,1785750],[1372750,1783750],[1368750,1783750],[1368750,1782750],[1366750,1782750],[1366750,1781750],[1363750,1781750],[1363750,1780750],[1361750,1780750],[1361750,1779750],[1357750,1779750],[1357750,1777750],[1353750,1776750],[1352750,1774750],[1350750,1775750],[1350750,1773750],[1348750,1772750],[1349750,1770750],[1348750,1770750],[1348250,1769750],[1345250,1770750],[1345250,1769750],[1341750,1768250],[1340750,1766250],[1340750,1762250],[1339250,1762250],[1338750,1761250],[1336250,1761750],[1334250,1763250],[1334250,1764250],[1331750,1764250],[1331750,1768250],[1333750,1770250],[1334250,1775250],[1335750,1776250],[1334250,1779250],[1334750,1782250],[1332750,1785750],[1332750,1786750],[1333750,1786750]],[[1346250,1770750],[1346750,1771250],[1346250,1771250],[1346250,1770750]],[[1333250,1785750],[1333750,1786250],[1333250,1786250],[1333250,1785750]]],[[[1281250,1915250],[1285750,1917250],[1285750,1916250],[1286750,1915750],[1287750,1916250],[1287750,1917250],[1286750,1917250],[1287250,1918250],[1291750,1917750],[1297250,1920750],[1300250,1920750],[1300750,1919750],[1302750,1920750],[1312750,1920250],[1314250,1920750],[1315250,1922750],[1316750,1920750],[1321750,1919750],[1321750,1916750],[1322750,1916750],[1322750,1915750],[1323750,1915750],[1323750,1913750],[1324750,1913750],[1324750,1912750],[1323750,1912750],[1323750,1905750],[1322250,1905750],[1321750,1906750],[1321750,1902750],[1323250,1903250],[1323750,1900750],[1321750,1899750],[1321750,1896750],[1319750,1896750],[1319750,1890750],[1318750,1890750],[1318750,1888750],[1316750,1888750],[1316250,1889750],[1315750,1884750],[1316750,1883750],[1317250,1881250],[1319750,1880750],[1319750,1879750],[1321250,1881250],[1324250,1880750],[1324250,1881750],[1325250,1881750],[1325750,1876750],[1326750,1874750],[1328250,1874750],[1330250,1871250],[1330250,1869750],[1331250,1869750],[1331750,1868750],[1331750,1865250],[1330750,1864750],[1331250,1863750],[1330250,1860250],[1330750,1858750],[1329750,1858750],[1330750,1855750],[1332750,1854750],[1332750,1856750],[1334250,1856750],[1335250,1858750],[1336750,1858750],[1337750,1856750],[1338750,1856750],[1338750,1857750],[1340750,1856750],[1340750,1854750],[1341750,1854750],[1341750,1852750],[1342750,1852750],[1342750,1845750],[1343750,1845750],[1343750,1843750],[1344750,1843750],[1344750,1841750],[1345750,1841750],[1346750,1833750],[1348750,1833750],[1348750,1831750],[1350750,1830750],[1350750,1828750],[1352750,1828750],[1352750,1820750],[1353750,1820750],[1353750,1818750],[1352750,1818750],[1352750,1812750],[1351750,1812750],[1350750,1810750],[1348750,1811750],[1348750,1814750],[1347250,1816750],[1346750,1821250],[1344750,1825750],[1342750,1826250],[1342250,1827750],[1341750,1824750],[1341750,1826750],[1339750,1827750],[1339750,1824750],[1340750,1824750],[1340750,1818750],[1339750,1818750],[1339250,1814250],[1340750,1812750],[1340750,1811750],[1339750,1811750],[1339750,1809750],[1337750,1808750],[1337750,1806750],[1336250,1806750],[1335750,1808750],[1334750,1808750],[1334750,1807250],[1333250,1806750],[1333750,1812750],[1332250,1814250],[1332750,1808250],[1331750,1806250],[1329750,1804750],[1329750,1803250],[1330750,1802250],[1330750,1801250],[1329750,1801250],[1330250,1799750],[1326750,1801750],[1326750,1803750],[1328750,1804250],[1328750,1805250],[1327250,1805750],[1324750,1800750],[1324750,1797750],[1322750,1796750],[1320750,1797250],[1319750,1799250],[1318250,1799250],[1317250,1800250],[1316750,1802250],[1315750,1802750],[1315250,1806750],[1314250,1805750],[1308750,1806250],[1305250,1810750],[1302250,1811750],[1296250,1816250],[1287750,1816250],[1285750,1817250],[1286250,1816250],[1287250,1816250],[1285750,1815250],[1284250,1817250],[1284250,1816250],[1282750,1815750],[1282250,1819750],[1283750,1820250],[1283750,1821250],[1284750,1821250],[1284750,1822750],[1285750,1823750],[1284250,1825250],[1284250,1828750],[1287250,1830750],[1292750,1831750],[1293750,1833250],[1295750,1833750],[1294750,1834250],[1295250,1840750],[1296250,1840750],[1296750,1841750],[1299250,1841750],[1298750,1842750],[1299750,1842750],[1299750,1844250],[1298250,1845750],[1300250,1846750],[1299750,1848250],[1300750,1848250],[1301250,1847250],[1301750,1848250],[1303750,1848750],[1303750,1849750],[1303250,1849250],[1302250,1849750],[1304250,1850250],[1305250,1854250],[1309250,1856250],[1311250,1859250],[1310750,1861750],[1308750,1864250],[1308750,1870750],[1307750,1870250],[1307250,1871750],[1307750,1872750],[1308750,1871750],[1308750,1877750],[1307250,1878250],[1308750,1878250],[1308750,1879750],[1307750,1880750],[1307250,1884250],[1306250,1885250],[1304250,1884750],[1305250,1885750],[1304750,1889750],[1306250,1889750],[1306250,1893250],[1305250,1893750],[1303750,1892750],[1301250,1892750],[1301250,1893750],[1298250,1893750],[1299250,1893250],[1299250,1892250],[1297750,1892250],[1296250,1893250],[1291750,1892750],[1291250,1893750],[1288750,1893750],[1288250,1894750],[1286750,1894750],[1285750,1895750],[1284750,1895250],[1284750,1897750],[1282250,1899250],[1282250,1900750],[1281250,1900750],[1280750,1902250],[1279750,1902250],[1279750,1906750],[1280250,1906250],[1281250,1906750],[1278750,1907750],[1278750,1911750],[1277750,1911750],[1277750,1912750],[1275750,1914250],[1278250,1913750],[1278250,1914750],[1277250,1915250],[1281250,1915250]],[[1342250,1828750],[1341250,1828750],[1341250,1828250],[1342250,1827750],[1342250,1828750]],[[1341250,1828750],[1340250,1829250],[1340250,1828750],[1341250,1828750]],[[1329750,1804750],[1329250,1805750],[1329250,1804750],[1329750,1804750]],[[1283750,1818750],[1284750,1818750],[1284750,1820750],[1283750,1820250],[1283750,1818750]],[[1282750,1915750],[1283250,1915250],[1283250,1915750],[1282750,1915750]],[[1290750,1896750],[1292250,1896750],[1292250,1898250],[1290250,1898250],[1290750,1896750]],[[1312750,1878750],[1313250,1880250],[1312250,1881250],[1312250,1879750],[1312750,1878750]],[[1316750,1880750],[1315250,1881250],[1315250,1880750],[1316750,1880750]],[[1320250,1872250],[1319750,1873250],[1319750,1872250],[1320250,1872250]],[[1326250,1864250],[1326750,1864750],[1326250,1865250],[1326250,1864250]],[[1323750,1860250],[1322250,1860750],[1322250,1858750],[1323750,1858750],[1323750,1860250]],[[1329250,1857250],[1328750,1856250],[1329250,1856250],[1329250,1857250]],[[1328750,1856250],[1328250,1855250],[1328750,1855250],[1328750,1856250]],[[1345750,1825750],[1345250,1826250],[1345250,1825750],[1345750,1825750]],[[1346250,1823750],[1346750,1823250],[1346750,1823750],[1346250,1823750]],[[1346750,1823250],[1347250,1822750],[1347250,1823250],[1346750,1823250]],[[1348250,1820250],[1347750,1820750],[1347750,1820250],[1348250,1820250]],[[1285250,1817750],[1284750,1818250],[1284750,1817750],[1285250,1817750]],[[1336750,1808250],[1336250,1808750],[1336250,1808250],[1336750,1808250]]]]}},{"type":"Feature","properties":{"key":"Bach","name":"Bach","area_km2":4504.5,"lon":-72.0183,"lat":-72.0544},"geometry":{"type":"MultiPolygon","coordinates":[[[[-1886750,555250],[-1886250,555250],[-1886250,554750],[-1885750,554750],[-1885750,553750],[-1885250,553750],[-1885250,551750],[-1884750,551750],[-1884750,550250],[-1885250,550250],[-1885250,551250],[-1885750,551250],[-1885750,553250],[-1886750,553250],[-1886750,554750],[-1887250,554750],[-1887250,555250],[-1887750,555250],[-1887750,555750],[-1887250,555750],[-1887250,556250],[-1886750,556250],[-1886750,555250]]],[[[-1887750,556750],[-1888250,556750],[-1888250,557250],[-1887750,557250],[-1887750,558250],[-1887250,558250],[-1887250,556250],[-1887750,556250],[-1887750,556750]]],[[[-1853250,574750],[-1853750,574750],[-1853750,577250],[-1853250,577250],[-1853250,574750]]],[[[-1838750,656250],[-1837250,658250],[-1835250,657750],[-1834750,656750],[-1832750,656750],[-1831250,658750],[-1829250,659750],[-1828250,659250],[-1828750,658250],[-1827250,658750],[-1825250,656250],[-1824250,648250],[-1823250,647750],[-1823250,645750],[-1822250,645250],[-1822750,641250],[-1820250,641750],[-1819750,639750],[-1818750,639750],[-1819250,637750],[-1820250,637250],[-1820750,631250],[-1823250,627250],[-1823750,623750],[-1825250,622750],[-1826250,617750],[-1827750,616750],[-1827250,615250],[-1830750,609750],[-1830750,606750],[-1832750,606750],[-1832750,605750],[-1834250,606250],[-1834750,603250],[-1835750,602750],[-1836250,600750],[-1838250,600250],[-1840750,597750],[-1840750,593750],[-1836750,592750],[-1836750,590750],[-1838750,590750],[-1840250,589250],[-1843250,588750],[-1844250,588750],[-1844750,589750],[-1846250,588250],[-1846250,586750],[-1847250,586750],[-1847750,585250],[-1849250,585250],[-1850750,583250],[-1852250,580250],[-1852250,578250],[-1854250,578750],[-1855750,573750],[-1857250,574250],[-1865250,572250],[-1864750,570750],[-1867750,570750],[-1867750,571750],[-1870750,571750],[-1870750,570750],[-1874250,570750],[-1874750,569750],[-1875750,569750],[-1875750,568750],[-1876750,568750],[-1876750,567750],[-1880750,567250],[-1882750,565250],[-1882750,564250],[-1884250,563750],[-1884250,562250],[-1887250,560250],[-1886750,558750],[-1887750,558250],[-1888750,559250],[-1891250,559250],[-1896250,556750],[-1898250,556750],[-1898250,555750],[-1899250,555250],[-1902750,554750],[-1903250,553750],[-1905750,553250],[-1907750,551250],[-1908750,551250],[-1908750,552250],[-1910250,552250],[-1910250,553250],[-1911750,553250],[-1911250,557750],[-1908750,558750],[-1907750,561750],[-1906250,562250],[-1907750,563250],[-1907750,566250],[-1906250,567250],[-1902750,567750],[-1902250,568750],[-1900250,568750],[-1896750,572250],[-1894750,572750],[-1894750,574750],[-1892750,575250],[-1892250,576250],[-1891750,581250],[-1893250,586750],[-1894750,587750],[-1895750,589750],[-1898250,590250],[-1900750,592250],[-1902750,592250],[-1903750,593750],[-1906750,593750],[-1907250,594750],[-1908750,594750],[-1909750,595750],[-1909750,598250],[-1907750,598750],[-1909750,599750],[-1908750,602250],[-1910250,602750],[-1911250,604750],[-1915250,605250],[-1914250,607250],[-1916250,607750],[-1916250,609250],[-1920250,611250],[-1919250,613250],[-1914750,613750],[-1915250,612750],[-1913750,612750],[-1912750,614250],[-1910750,613250],[-1908250,613250],[-1907750,614250],[-1909250,615750],[-1905750,615750],[-1904750,617750],[-1901750,617250],[-1901250,618750],[-1899750,619250],[-1897750,618250],[-1897750,621250],[-1896250,622250],[-1892750,621250],[-1890750,619750],[-1888750,619750],[-1889250,618750],[-1884250,619250],[-1883750,620250],[-1885250,621250],[-1884250,621750],[-1883750,625250],[-1885750,627250],[-1885750,635250],[-1882750,637750],[-1882750,638750],[-1879750,639750],[-1877750,642250],[-1875750,641750],[-1876750,642750],[-1876750,644250],[-1878250,645250],[-1877250,646250],[-1877250,648250],[-1878750,650250],[-1877750,650250],[-1877750,654250],[-1875750,655250],[-1874250,655250],[-1873250,654250],[-1872750,655750],[-1872750,654250],[-1871250,654250],[-1869250,652250],[-1868250,653250],[-1867750,652250],[-1865750,651750],[-1863750,652250],[-1863250,650750],[-1861750,650750],[-1861750,649250],[-1860750,648750],[-1861250,644250],[-1859750,642250],[-1860750,641750],[-1860250,640250],[-1861750,639250],[-1859250,638250],[-1859750,636750],[-1860750,637750],[-1860750,634750],[-1859250,634250],[-1860250,633750],[-1860250,632750],[-1859250,633250],[-1859250,632250],[-1860250,632250],[-1860750,631250],[-1860750,626250],[-1862750,624750],[-1861250,618750],[-1861250,617250],[-1862250,617250],[-1862250,613250],[-1861250,612750],[-1861250,611750],[-1862250,610750],[-1861750,608750],[-1862750,608250],[-1863250,603750],[-1862250,603750],[-1861250,602250],[-1859250,602750],[-1859250,601750],[-1858250,601250],[-1858250,602750],[-1854250,603750],[-1853250,605750],[-1850750,606750],[-1850250,610750],[-1848250,612750],[-1847250,612750],[-1847250,611750],[-1845250,612250],[-1841250,616250],[-1840250,616250],[-1839750,618250],[-1838750,618250],[-1840250,621750],[-1839250,622750],[-1839250,624750],[-1837750,625250],[-1836750,628250],[-1838250,632750],[-1838250,636250],[-1839250,636250],[-1839750,640750],[-1843250,645250],[-1842750,648250],[-1839750,649750],[-1840250,651250],[-1842250,650750],[-1843250,655750],[-1842250,655750],[-1842250,656750],[-1839750,657250],[-1838750,656250]],[[-1877750,649250],[-1876250,649750],[-1876250,650250],[-1877750,650250],[-1877750,649250]],[[-1838750,656250],[-1838250,655250],[-1838250,656250],[-1838750,656250]],[[-1837750,655750],[-1837250,656250],[-1837750,656250],[-1837750,655750]],[[-1832750,651250],[-1834750,648250],[-1836250,647750],[-1836250,646250],[-1834750,646250],[-1834750,644250],[-1833750,643250],[-1831250,643750],[-1831250,642750],[-1829250,642750],[-1829750,644250],[-1830750,644250],[-1830250,647750],[-1831750,650750],[-1832750,651250]],[[-1838750,650250],[-1838250,649750],[-1837750,650250],[-1838750,650250]],[[-1837250,649250],[-1836750,649750],[-1837250,649750],[-1837250,649250]],[[-1878250,639750],[-1877250,640250],[-1878250,640250],[-1878250,639750]],[[-1834750,638250],[-1834250,638750],[-1834750,638750],[-1834750,638250]],[[-1862250,637250],[-1861750,637750],[-1862250,637750],[-1862250,637250]],[[-1907250,598750],[-1906750,599250],[-1907250,599250],[-1907250,598750]],[[-1877750,574250],[-1877250,574750],[-1877750,574750],[-1877750,574250]],[[-1903750,560750],[-1903250,561250],[-1903750,561250],[-1903750,560750]],[[-1909250,552750],[-1908750,553250],[-1909250,553250],[-1909250,552750]]]]}},{"type":"Feature","properties":{"key":"Thwaites","name":"Thwaites","area_km2":3435.6,"lon":-106.14,"lat":-75.1151},"geometry":{"type":"MultiPolygon","coordinates":[[[[-1525250,-492250],[-1521250,-494250],[-1518250,-497250],[-1517750,-501750],[-1515750,-502250],[-1515250,-504250],[-1516250,-503750],[-1516250,-505750],[-1517750,-506750],[-1518750,-510750],[-1521750,-511750],[-1523750,-509750],[-1525250,-509750],[-1524250,-512250],[-1526250,-512250],[-1527750,-513750],[-1528750,-511750],[-1528250,-505750],[-1527250,-505250],[-1526750,-503750],[-1530250,-499750],[-1530250,-497750],[-1525750,-494250],[-1525750,-489250],[-1525250,-489250],[-1525250,-492250]]],[[[-1530250,-473250],[-1529750,-473250],[-1529750,-473750],[-1529250,-473750],[-1529250,-476250],[-1529750,-476250],[-1529750,-475250],[-1530250,-475250],[-1530250,-473750],[-1530750,-473750],[-1530750,-472750],[-1530250,-472750],[-1530250,-473250]]],[[[-1576750,-464750],[-1576750,-465250],[-1579250,-465250],[-1579250,-464250],[-1578750,-464250],[-1578750,-464750],[-1577750,-464750],[-1577750,-464250],[-1577250,-464250],[-1577250,-464750],[-1576750,-464750]]],[[[-1598250,-448750],[-1598250,-446250],[-1597750,-446250],[-1597750,-448750],[-1598250,-448750]]],[[[-1589750,-434250],[-1588750,-434250],[-1588750,-433250],[-1586750,-432250],[-1586750,-427250],[-1586250,-426250],[-1585250,-426250],[-1585250,-425250],[-1584250,-425250],[-1584250,-424250],[-1583250,-424250],[-1583250,-422250],[-1582250,-422250],[-1582250,-420250],[-1581250,-420250],[-1581250,-418250],[-1580250,-418250],[-1580250,-416250],[-1579250,-416250],[-1579250,-414250],[-1578250,-414250],[-1578250,-412250],[-1577250,-412250],[-1577250,-410250],[-1576250,-410250],[-1576250,-399250],[-1577250,-399250],[-1577750,-397250],[-1578750,-397250],[-1578750,-396250],[-1577750,-396250],[-1577750,-394250],[-1578750,-394250],[-1578750,-388250],[-1580750,-387250],[-1580750,-382750],[-1580250,-381750],[-1579250,-381750],[-1577750,-382750],[-1577750,-383750],[-1576750,-383750],[-1576750,-384750],[-1575250,-385250],[-1574750,-388750],[-1572750,-389750],[-1572750,-391250],[-1574750,-392750],[-1574750,-393750],[-1573250,-394750],[-1573250,-396750],[-1574750,-397750],[-1575250,-400250],[-1573750,-400750],[-1572750,-403250],[-1569250,-405250],[-1569750,-408750],[-1568750,-410750],[-1565750,-410250],[-1561750,-413250],[-1561750,-416750],[-1564250,-417250],[-1566250,-416250],[-1566250,-418250],[-1562750,-420750],[-1562750,-422750],[-1559250,-422250],[-1558750,-423250],[-1556750,-423250],[-1555250,-424750],[-1555250,-427250],[-1557750,-427250],[-1559250,-428250],[-1559250,-429750],[-1558250,-430250],[-1555250,-435750],[-1553750,-436250],[-1551250,-432750],[-1548250,-433250],[-1545750,-437250],[-1546250,-440250],[-1547250,-441250],[-1545250,-442250],[-1545250,-443750],[-1543250,-443750],[-1544250,-441250],[-1542250,-439750],[-1539250,-440250],[-1538250,-441250],[-1538750,-443750],[-1534250,-444250],[-1533250,-445250],[-1532750,-448250],[-1531250,-449250],[-1530750,-450750],[-1526250,-450750],[-1524750,-452250],[-1524750,-453750],[-1522250,-456250],[-1521750,-458250],[-1519750,-459750],[-1519250,-462750],[-1520250,-463750],[-1527250,-463750],[-1531250,-461750],[-1531250,-464750],[-1532250,-465250],[-1533750,-468250],[-1533250,-471750],[-1531250,-473250],[-1533750,-473250],[-1537750,-471750],[-1538250,-470750],[-1539250,-470750],[-1539750,-467250],[-1542250,-466750],[-1544750,-471750],[-1546750,-471250],[-1549750,-472750],[-1552750,-472750],[-1551750,-475250],[-1551750,-478250],[-1553750,-479250],[-1553750,-481250],[-1556750,-481750],[-1558750,-483250],[-1562250,-483750],[-1563750,-484750],[-1565750,-484750],[-1566750,-483250],[-1567750,-483250],[-1566750,-485250],[-1567750,-486750],[-1569750,-485250],[-1574250,-486750],[-1575250,-486250],[-1575250,-485250],[-1576250,-485250],[-1576250,-484250],[-1578250,-484250],[-1578250,-482250],[-1582250,-482250],[-1582250,-483250],[-1584250,-483250],[-1584250,-482250],[-1586250,-481250],[-1586250,-479250],[-1588250,-479250],[-1588250,-477750],[-1586750,-476750],[-1587750,-475250],[-1588750,-475250],[-1588250,-474250],[-1589250,-473750],[-1589250,-472750],[-1590750,-472750],[-1591250,-471750],[-1589750,-470750],[-1583250,-469750],[-1582250,-468750],[-1583250,-467750],[-1581750,-467750],[-1581250,-466750],[-1572750,-466750],[-1572750,-465250],[-1575750,-465250],[-1577250,-463750],[-1572250,-463750],[-1572250,-462750],[-1579250,-460750],[-1576250,-460250],[-1577250,-459250],[-1580750,-459750],[-1580750,-460750],[-1581250,-459250],[-1582250,-459250],[-1581750,-459750],[-1582250,-460750],[-1583250,-459750],[-1583250,-458250],[-1584750,-458250],[-1583750,-457250],[-1581750,-457250],[-1581250,-458250],[-1580250,-458250],[-1580250,-459250],[-1576750,-458750],[-1579750,-457750],[-1579750,-454750],[-1581750,-454750],[-1581750,-455750],[-1583250,-455250],[-1583750,-456750],[-1583750,-454750],[-1586250,-454750],[-1587250,-459750],[-1589750,-458750],[-1589250,-457250],[-1593750,-457750],[-1593750,-456750],[-1594750,-457250],[-1595750,-456250],[-1595750,-454750],[-1596750,-453750],[-1596250,-452250],[-1597250,-451750],[-1597250,-448750],[-1594750,-449750],[-1594750,-451250],[-1593750,-451250],[-1594250,-452250],[-1593250,-452250],[-1593250,-453750],[-1591750,-453750],[-1592250,-450250],[-1593250,-450250],[-1595250,-447750],[-1596750,-447750],[-1597250,-444750],[-1598250,-445250],[-1598250,-446250],[-1600250,-446250],[-1600250,-445250],[-1599750,-444250],[-1598750,-444250],[-1598750,-443250],[-1596750,-442250],[-1597750,-441250],[-1595750,-440750],[-1592750,-437750],[-1590750,-437250],[-1590750,-436250],[-1591750,-435750],[-1590750,-435750],[-1589750,-434250]],[[-1575750,-464750],[-1574750,-464250],[-1575750,-464250],[-1575750,-464750]],[[-1581250,-459250],[-1580750,-458750],[-1581250,-458750],[-1581250,-459250]],[[-1579250,-455750],[-1578750,-456250],[-1578250,-455750],[-1579250,-455750]],[[-1578750,-456750],[-1577750,-457250],[-1577750,-456750],[-1578750,-456750]],[[-1577750,-454250],[-1576750,-457750],[-1576750,-455750],[-1577750,-454250]],[[-1577250,-454250],[-1576750,-453250],[-1577250,-453250],[-1577250,-454250]],[[-1595250,-452250],[-1595250,-451250],[-1596250,-451250],[-1596250,-452250],[-1595250,-452250]],[[-1598750,-444250],[-1598250,-444750],[-1598250,-444250],[-1598750,-444250]],[[-1590250,-435250],[-1589750,-436250],[-1589750,-435250],[-1590250,-435250]],[[-1568250,-418250],[-1568750,-417250],[-1568750,-418250],[-1568250,-418250]],[[-1570750,-420250],[-1569750,-421250],[-1569750,-423250],[-1568750,-423250],[-1570250,-417750],[-1571250,-417750],[-1570750,-420250]],[[-1576750,-452250],[-1577250,-451750],[-1577250,-452250],[-1576750,-452250]],[[-1566750,-452750],[-1565750,-453750],[-1565750,-452750],[-1566750,-452750]],[[-1561750,-453750],[-1561250,-453250],[-1561750,-452750],[-1561750,-453750]],[[-1578250,-453750],[-1578750,-453250],[-1578750,-453750],[-1578250,-453750]],[[-1562250,-453250],[-1563750,-453250],[-1563750,-454250],[-1562250,-454250],[-1562250,-453250]],[[-1559250,-453750],[-1560250,-453250],[-1560250,-453750],[-1559250,-453750]],[[-1568250,-454250],[-1569250,-453750],[-1569250,-454250],[-1568250,-454250]],[[-1578750,-455250],[-1579250,-454250],[-1579250,-455250],[-1578750,-455250]],[[-1564750,-454750],[-1565250,-454250],[-1565250,-454750],[-1564750,-454750]],[[-1561250,-454750],[-1561750,-454250],[-1561750,-454750],[-1561250,-454750]],[[-1591750,-456250],[-1588250,-456750],[-1588250,-455250],[-1592250,-454750],[-1591750,-456250]],[[-1570250,-455250],[-1570750,-454750],[-1570750,-455250],[-1570250,-455250]],[[-1562250,-455250],[-1562750,-454750],[-1562750,-455250],[-1562250,-455250]],[[-1560250,-455250],[-1560750,-454750],[-1560750,-455250],[-1560250,-455250]],[[-1558250,-454750],[-1557250,-455750],[-1557250,-454750],[-1558250,-454750]],[[-1568750,-457250],[-1567250,-456750],[-1569250,-455250],[-1569250,-456250],[-1568750,-457250]],[[-1564750,-455750],[-1565250,-455250],[-1565250,-455750],[-1564750,-455750]],[[-1570750,-456250],[-1571250,-455750],[-1571250,-456250],[-1570750,-456250]],[[-1558750,-455750],[-1559750,-456250],[-1558750,-456750],[-1558750,-455750]],[[-1559250,-456750],[-1559750,-457250],[-1559250,-457250],[-1559250,-456750]],[[-1562250,-456750],[-1563250,-456250],[-1563250,-456750],[-1562250,-456750]],[[-1588750,-458250],[-1587250,-458250],[-1587250,-457750],[-1588250,-457250],[-1588750,-458250]],[[-1570750,-458250],[-1569750,-458750],[-1569750,-457250],[-1570750,-457250],[-1570750,-458250]],[[-1569750,-458750],[-1569250,-459250],[-1569250,-458750],[-1569750,-458750]],[[-1561750,-457750],[-1562250,-457250],[-1562250,-457750],[-1561750,-457750]],[[-1571250,-458750],[-1572250,-457750],[-1572250,-459250],[-1571250,-458750]],[[-1571250,-458750],[-1570750,-459250],[-1570750,-458750],[-1571250,-458750]],[[-1566750,-458250],[-1567250,-457750],[-1567250,-458250],[-1566750,-458250]],[[-1581750,-458750],[-1582250,-458250],[-1582250,-458750],[-1581750,-458750]],[[-1565250,-459250],[-1564750,-458750],[-1565250,-458250],[-1565250,-459250]],[[-1587750,-473250],[-1587250,-473750],[-1587250,-473250],[-1587750,-473250]],[[-1587250,-474250],[-1586250,-475250],[-1584750,-475250],[-1586250,-473750],[-1587250,-474250]]]]}},{"type":"Feature","properties":{"key":"Rennick","name":"Rennick","area_km2":3252.2,"lon":161.7653,"lat":-70.726},"geometry":{"type":"MultiPolygon","coordinates":[[[[701750,-2039750],[701750,-2040250],[702250,-2040250],[702250,-2040750],[702750,-2040750],[702750,-2041250],[703250,-2041250],[703250,-2041750],[703750,-2041750],[703750,-2043250],[704250,-2043250],[704250,-2044750],[704750,-2044750],[704750,-2045750],[704250,-2045750],[704250,-2046750],[703750,-2046750],[703750,-2044250],[701750,-2044250],[701750,-2043250],[700750,-2043250],[700750,-2041750],[701250,-2041750],[701250,-2039750],[701750,-2039750]]],[[[667750,-2046250],[666750,-2046750],[666250,-2045750],[665750,-2042250],[664750,-2042250],[664250,-2040750],[664250,-2038750],[662250,-2038750],[661750,-2036750],[660750,-2036250],[660750,-2035250],[659750,-2034750],[659750,-2033750],[656750,-2029750],[658250,-2026750],[657750,-2025250],[654750,-2022250],[654750,-2020750],[653750,-2020750],[653250,-2019750],[653250,-2017750],[651250,-2012750],[651250,-2010250],[649250,-2005750],[646250,-2002750],[645250,-2002750],[644750,-2001750],[643750,-2001750],[639750,-1998750],[637750,-1992750],[634250,-1991750],[633750,-1989750],[631750,-1988250],[631750,-1987250],[630250,-1986250],[628750,-1983250],[629250,-1980750],[631750,-1982250],[632250,-1981250],[630250,-1979250],[628250,-1979750],[626750,-1978750],[626250,-1973750],[628250,-1974250],[628750,-1972250],[630250,-1975250],[631250,-1975250],[631250,-1973250],[626750,-1967250],[626750,-1966250],[625250,-1965250],[623250,-1961250],[622250,-1960750],[621750,-1958750],[620750,-1958250],[617750,-1952750],[616750,-1952750],[613750,-1949250],[613750,-1943750],[614750,-1943250],[614750,-1941250],[615750,-1941750],[616750,-1940250],[619250,-1940250],[620250,-1941250],[621750,-1940750],[621250,-1942750],[622750,-1944250],[624250,-1948250],[625250,-1948750],[627250,-1953750],[629250,-1956250],[631750,-1956250],[631250,-1954750],[632250,-1954250],[632250,-1953250],[633750,-1952750],[635250,-1954750],[637750,-1955250],[638250,-1956250],[640750,-1956250],[642250,-1960250],[645250,-1962750],[645250,-1964250],[646250,-1965250],[649250,-1965250],[651250,-1966250],[652750,-1971250],[654250,-1973250],[654250,-1976750],[655750,-1980750],[657750,-1981750],[658750,-1983250],[659750,-1983250],[661750,-1986750],[664250,-1984250],[665750,-1984750],[665750,-1985750],[667250,-1986750],[671250,-1987250],[670750,-1988250],[671750,-1988250],[672250,-1991250],[673250,-1991250],[674250,-1993250],[676250,-1994750],[676250,-1997250],[675250,-1999250],[676750,-1999750],[677750,-2001750],[677250,-2003250],[675750,-2003250],[674750,-2005250],[673750,-2005250],[673250,-2007750],[675750,-2008250],[677250,-2010250],[680250,-2009750],[682250,-2011750],[683250,-2013750],[683250,-2017750],[681750,-2018250],[681750,-2019250],[683750,-2019250],[685750,-2021750],[685750,-2023250],[688750,-2022250],[687750,-2024750],[688250,-2028750],[690250,-2030750],[691250,-2030750],[691250,-2031750],[693250,-2033750],[696750,-2035250],[697750,-2039750],[699750,-2042750],[699750,-2043750],[698750,-2043750],[697750,-2042250],[696750,-2043250],[697250,-2045250],[699250,-2046250],[698750,-2049250],[697750,-2049250],[697750,-2050250],[698750,-2050250],[697750,-2052250],[700250,-2052250],[699750,-2054250],[700750,-2054250],[700250,-2055250],[702250,-2055250],[702750,-2058250],[701750,-2058250],[700750,-2060250],[696750,-2061250],[695750,-2063250],[693750,-2063250],[693750,-2064250],[691750,-2064250],[691750,-2065250],[689750,-2065250],[689750,-2066250],[688250,-2066250],[683750,-2057250],[682250,-2057750],[681250,-2055250],[679250,-2055250],[678750,-2053750],[676750,-2052750],[676250,-2049750],[675250,-2049750],[675250,-2051250],[676250,-2052250],[675750,-2053250],[674750,-2053250],[674750,-2052250],[673750,-2052250],[673750,-2053250],[670250,-2053250],[667750,-2046250]],[[662250,-1988250],[663750,-1988750],[664250,-1986750],[662250,-1986750],[662250,-1988250]],[[698750,-2046250],[698250,-2046750],[698750,-2046750],[698750,-2046250]],[[702250,-2057250],[701750,-2057750],[702250,-2057750],[702250,-2057250]],[[682250,-2056750],[682750,-2056250],[682250,-2056250],[682250,-2056750]],[[675250,-2049750],[674750,-2049250],[674750,-2049750],[675250,-2049750]],[[668250,-2046250],[668750,-2045750],[668250,-2045750],[668250,-2046250]]]]}},{"type":"Feature","properties":{"key":"Crosson","name":"Crosson","area_km2":3227.6,"lon":-110.6148,"lat":-75.0429},"geometry":{"type":"MultiPolygon","coordinates":[[[[-1536250,-589750],[-1536750,-587250],[-1538250,-586250],[-1544250,-586250],[-1545250,-585250],[-1550250,-585750],[-1550250,-584750],[-1551250,-584750],[-1550750,-583750],[-1553250,-581250],[-1553250,-580250],[-1555750,-578750],[-1551250,-577750],[-1551750,-576750],[-1553750,-576750],[-1553750,-575250],[-1558250,-576250],[-1568250,-575250],[-1571250,-575750],[-1571250,-569750],[-1572750,-570250],[-1573250,-569250],[-1572250,-569250],[-1572250,-568250],[-1571250,-568250],[-1571250,-566250],[-1570250,-566250],[-1570250,-565250],[-1569250,-565250],[-1569250,-564250],[-1567250,-563250],[-1567250,-559250],[-1566250,-559250],[-1566250,-557250],[-1565250,-557250],[-1564250,-553250],[-1562250,-553250],[-1562250,-552250],[-1561250,-551750],[-1558750,-552250],[-1558250,-553250],[-1550250,-553250],[-1550250,-551250],[-1549250,-551250],[-1549250,-549250],[-1548250,-549250],[-1548250,-546250],[-1547250,-546250],[-1547250,-542250],[-1546250,-542250],[-1545250,-540250],[-1543250,-540250],[-1543250,-539250],[-1542250,-539250],[-1542250,-537750],[-1541250,-537750],[-1540750,-539250],[-1538750,-539250],[-1538750,-540750],[-1535250,-539750],[-1535250,-541250],[-1533250,-541250],[-1533250,-540250],[-1531250,-540250],[-1530250,-541250],[-1530250,-538750],[-1529250,-538250],[-1529250,-536750],[-1527750,-535250],[-1528250,-534250],[-1526250,-533750],[-1524750,-535750],[-1523750,-535750],[-1523750,-536750],[-1518750,-538750],[-1515250,-543250],[-1515250,-546250],[-1516250,-547250],[-1518250,-547250],[-1518250,-548250],[-1517250,-548750],[-1517250,-547750],[-1515250,-547750],[-1515750,-554250],[-1512250,-555750],[-1511250,-559250],[-1511750,-560750],[-1515250,-561750],[-1515250,-563250],[-1514250,-566250],[-1511750,-566750],[-1510250,-568250],[-1510250,-569250],[-1511250,-568750],[-1510750,-572250],[-1512250,-571750],[-1512250,-572750],[-1509750,-575250],[-1509250,-578250],[-1507250,-580750],[-1507250,-582250],[-1505750,-583750],[-1504750,-583750],[-1504750,-584750],[-1502750,-586250],[-1502250,-590750],[-1497750,-589750],[-1494250,-590250],[-1493750,-594750],[-1497250,-595750],[-1499250,-597750],[-1498750,-602250],[-1501250,-606750],[-1501250,-611250],[-1498750,-614250],[-1492750,-616750],[-1489250,-620250],[-1488250,-620250],[-1486750,-621750],[-1485750,-625634],[-1491316,-622522],[-1511845,-614723],[-1523892,-607746],[-1534798,-603750],[-1534750,-599250],[-1532750,-595750],[-1532250,-592750],[-1532750,-591750],[-1535250,-590750],[-1535250,-589750],[-1536250,-589750]],[[-1551250,-577250],[-1550750,-576750],[-1551250,-576750],[-1551250,-577250]],[[-1535250,-541250],[-1535750,-541750],[-1535250,-541750],[-1535250,-541250]],[[-1533750,-588750],[-1533250,-589750],[-1533250,-588750],[-1533750,-588750]],[[-1545250,-569250],[-1544250,-569250],[-1543250,-569750],[-1543750,-568250],[-1545250,-568250],[-1545250,-569250]],[[-1523750,-600750],[-1521750,-599250],[-1522250,-597750],[-1523250,-598250],[-1523750,-600750]],[[-1524750,-602250],[-1525750,-604250],[-1523250,-605250],[-1523250,-603250],[-1524750,-602250]],[[-1535750,-540750],[-1536250,-540250],[-1536250,-540750],[-1535750,-540750]],[[-1534750,-542750],[-1535250,-542250],[-1535250,-542750],[-1534750,-542750]],[[-1532750,-543250],[-1533250,-542750],[-1533250,-543250],[-1532750,-543250]],[[-1507250,-597250],[-1507750,-597750],[-1507250,-598250],[-1507250,-597250]]]]}},{"type":"Feature","properties":{"key":"Mertz","name":"Mertz","area_km2":3204.1,"lon":144.8661,"lat":-67.4481},"geometry":{"type":"MultiPolygon","coordinates":[[[[1421750,-1972250],[1421750,-1975750],[1420750,-1976750],[1421750,-1977750],[1420750,-1978250],[1420750,-1979750],[1418750,-1979250],[1418750,-1981750],[1420250,-1982750],[1420250,-1987250],[1419250,-1986250],[1418750,-1990250],[1417750,-1991750],[1418250,-1993250],[1419750,-1992750],[1419750,-1993750],[1418750,-1993750],[1418750,-1996750],[1417750,-1996750],[1417750,-1993750],[1416750,-1993250],[1414250,-1996750],[1414250,-1998750],[1412750,-1998750],[1412750,-2000250],[1409250,-2003250],[1409250,-2004750],[1408250,-2005750],[1409250,-2010250],[1408750,-2016750],[1410250,-2030250],[1408750,-2032250],[1408750,-2033250],[1409750,-2033250],[1408750,-2035750],[1408750,-2039250],[1407750,-2039750],[1407750,-2042250],[1404750,-2048750],[1404750,-2051250],[1405750,-2051250],[1406250,-2052750],[1405250,-2053250],[1403750,-2058250],[1402750,-2058750],[1402750,-2069250],[1401750,-2069250],[1401750,-2071250],[1400750,-2071250],[1401250,-2073250],[1411250,-2069250],[1415250,-2065250],[1416250,-2065250],[1415750,-2066750],[1418750,-2066750],[1419250,-2065250],[1419750,-2066250],[1420750,-2066250],[1420750,-2067250],[1423250,-2067750],[1423250,-2070250],[1427750,-2070250],[1429250,-2071750],[1439750,-2072250],[1439750,-2071250],[1441250,-2070250],[1440750,-2062250],[1442750,-2062250],[1442750,-2060250],[1440750,-2060250],[1439250,-2058750],[1441750,-2058250],[1441750,-2059250],[1442750,-2059250],[1442750,-2056250],[1444750,-2055250],[1444750,-2053750],[1443250,-2053250],[1442750,-2047750],[1445250,-2047250],[1445250,-2045250],[1446750,-2045250],[1447250,-2044250],[1450750,-2045250],[1451750,-2047250],[1454250,-2047250],[1455250,-2044250],[1458750,-2042250],[1458750,-2040250],[1454750,-2040750],[1454250,-2038250],[1452750,-2037250],[1452250,-2033250],[1450250,-2030250],[1450250,-2023750],[1449250,-2022750],[1449250,-2017750],[1451250,-2015250],[1454250,-2014750],[1453750,-2013750],[1451750,-2013750],[1451750,-2011750],[1454250,-2012250],[1454250,-2010750],[1450750,-2010750],[1450750,-2009250],[1449250,-2008250],[1449250,-2006750],[1448250,-2006250],[1447250,-2003750],[1442250,-2000250],[1440750,-2000750],[1441250,-2004250],[1440250,-2004250],[1440250,-2002750],[1438750,-2001250],[1437750,-2001250],[1438250,-2000250],[1437250,-2000250],[1437750,-1998250],[1440250,-1996750],[1440250,-1992750],[1439250,-1991750],[1439250,-1989750],[1437250,-1985750],[1437250,-1982250],[1435750,-1982250],[1436750,-1985250],[1433250,-1985750],[1433750,-1982750],[1431750,-1981750],[1431250,-1977750],[1430250,-1976750],[1423750,-1976750],[1422750,-1973250],[1421750,-1972250]],[[1421750,-1977250],[1422250,-1976250],[1422250,-1977250],[1421750,-1977250]],[[1437750,-2006250],[1438250,-2005750],[1438250,-2006250],[1437750,-2006250]],[[1428750,-2070750],[1429750,-2070250],[1429750,-2070750],[1428750,-2070750]],[[1430250,-2070750],[1430750,-2070250],[1430750,-2070750],[1430250,-2070750]],[[1431750,-2070750],[1432750,-2070250],[1432750,-2070750],[1431750,-2070750]],[[1433250,-2071250],[1433750,-2070750],[1433750,-2071250],[1433250,-2071250]],[[1435250,-2070750],[1436250,-2070750],[1436250,-2071250],[1435250,-2071750],[1435250,-2070750]],[[1437250,-2071250],[1437750,-2070750],[1437750,-2071250],[1437250,-2071250]],[[1433750,-2071750],[1434250,-2071250],[1434250,-2071750],[1433750,-2071750]]]]}},{"type":"Feature","properties":{"key":"Cook","name":"Cook","area_km2":3196.1,"lon":152.8794,"lat":-68.5467},"geometry":{"type":"MultiPolygon","coordinates":[[[[1110750,-2066250],[1111750,-2067750],[1112750,-2067250],[1112750,-2068250],[1111750,-2068250],[1111750,-2069250],[1109750,-2070250],[1109750,-2073250],[1108750,-2073250],[1109750,-2077250],[1108750,-2078250],[1109750,-2079250],[1109750,-2081750],[1111250,-2081750],[1111250,-2082750],[1112250,-2082750],[1110250,-2084750],[1110750,-2087250],[1111750,-2087750],[1111750,-2090250],[1113750,-2090750],[1112750,-2091250],[1112750,-2093250],[1114750,-2093250],[1114750,-2095250],[1115750,-2095250],[1115250,-2096250],[1116250,-2096250],[1116750,-2097250],[1115750,-2097250],[1114750,-2099250],[1112750,-2099250],[1112750,-2100250],[1111750,-2100250],[1111750,-2101250],[1110750,-2101250],[1109750,-2103250],[1107750,-2103250],[1107750,-2104250],[1106750,-2104250],[1106750,-2105250],[1105750,-2105250],[1104750,-2107250],[1102750,-2107250],[1101750,-2109250],[1099750,-2109250],[1098750,-2111250],[1096750,-2111250],[1096750,-2112250],[1095750,-2112250],[1095750,-2113250],[1094750,-2113250],[1093750,-2115250],[1089750,-2116250],[1089750,-2117250],[1088750,-2117250],[1088750,-2118250],[1087750,-2118250],[1086750,-2120250],[1084750,-2120250],[1084750,-2121250],[1083750,-2121250],[1083750,-2123250],[1082750,-2123250],[1082750,-2124250],[1080750,-2125250],[1080750,-2127250],[1079750,-2127250],[1079750,-2128250],[1075750,-2128250],[1075750,-2127250],[1073750,-2127250],[1073750,-2126250],[1072750,-2126250],[1072750,-2127250],[1070750,-2127250],[1070750,-2126250],[1068750,-2126250],[1068750,-2125250],[1067750,-2125250],[1067750,-2126250],[1065750,-2126250],[1065750,-2124250],[1062750,-2124250],[1061750,-2122750],[1060750,-2122750],[1059750,-2123250],[1059750,-2124250],[1058750,-2124250],[1058750,-2125750],[1055250,-2123750],[1055250,-2124750],[1057750,-2127250],[1057750,-2129250],[1058750,-2129750],[1057750,-2130250],[1057750,-2131250],[1055750,-2131250],[1055750,-2130250],[1052750,-2129750],[1051250,-2125750],[1049750,-2124250],[1044250,-2124250],[1041250,-2122750],[1040750,-2118750],[1042750,-2116250],[1043750,-2116250],[1043250,-2115250],[1044750,-2114250],[1043250,-2112750],[1043250,-2111750],[1042250,-2111750],[1042250,-2110750],[1040750,-2109250],[1039750,-2109250],[1033250,-2102250],[1033250,-2101250],[1031250,-2099250],[1030250,-2094750],[1030750,-2093250],[1034750,-2093250],[1038250,-2094250],[1040750,-2091750],[1039750,-2087750],[1040750,-2086750],[1043250,-2086250],[1044750,-2088750],[1046750,-2088750],[1047250,-2085750],[1046250,-2084750],[1047250,-2084750],[1048250,-2086250],[1050750,-2086750],[1051250,-2087750],[1052750,-2087750],[1054250,-2089750],[1055250,-2089750],[1055750,-2088250],[1054250,-2086750],[1055250,-2082250],[1054250,-2082250],[1052250,-2080250],[1052250,-2075250],[1053250,-2075250],[1053750,-2074250],[1060750,-2073750],[1063750,-2074750],[1065250,-2076750],[1067250,-2076750],[1069250,-2074750],[1072250,-2074750],[1076250,-2078250],[1076250,-2079750],[1077750,-2080250],[1077250,-2079250],[1078250,-2077250],[1079750,-2077250],[1080750,-2078250],[1085250,-2073750],[1087250,-2073750],[1088750,-2072750],[1102750,-2072750],[1103250,-2071250],[1106250,-2070750],[1107750,-2066750],[1110750,-2066250]]],[[[1131250,-2056750],[1129250,-2057750],[1133250,-2057750],[1133250,-2058250],[1135250,-2057750],[1136750,-2058250],[1136250,-2059250],[1137750,-2059250],[1138250,-2060250],[1135750,-2060250],[1135750,-2059250],[1131250,-2059250],[1130750,-2058250],[1129750,-2058750],[1127750,-2058250],[1127750,-2059250],[1121750,-2061250],[1121750,-2062250],[1120750,-2062250],[1119750,-2064250],[1116750,-2064250],[1115750,-2066250],[1113750,-2066250],[1115750,-2062250],[1117750,-2061250],[1120750,-2061250],[1123750,-2059250],[1125750,-2059250],[1128750,-2056750],[1131250,-2056750]]]]}},{"type":"Feature","properties":{"key":"Venable","name":"Venable","area_km2":3155.9,"lon":-87.2243,"lat":-73.1076},"geometry":{"type":"MultiPolygon","coordinates":[[[[-1845250,136250],[-1846750,134750],[-1848250,135250],[-1848250,134250],[-1849750,134250],[-1849750,132750],[-1850750,132750],[-1850750,128250],[-1851750,127750],[-1851750,126750],[-1852750,126750],[-1852750,125750],[-1853750,125750],[-1853750,124750],[-1854750,124750],[-1854750,122750],[-1855750,122750],[-1858250,119750],[-1859250,119750],[-1859250,118250],[-1861250,117250],[-1860750,115750],[-1862250,114750],[-1863250,112250],[-1864250,112250],[-1864250,109750],[-1863250,109750],[-1863250,106750],[-1864250,105250],[-1863750,102750],[-1864750,102250],[-1864750,98750],[-1863750,98250],[-1864750,98250],[-1864750,95250],[-1866250,92250],[-1866250,88750],[-1865250,86750],[-1865750,85750],[-1867250,85750],[-1866250,76250],[-1870250,71750],[-1870250,70750],[-1873250,68750],[-1873250,65750],[-1874250,65750],[-1874250,64750],[-1875250,64750],[-1875250,63750],[-1876250,63750],[-1876750,62750],[-1875250,60750],[-1874250,60750],[-1873750,59250],[-1872750,59250],[-1871250,57750],[-1870250,54250],[-1867750,51250],[-1867750,50250],[-1866750,50750],[-1866750,53750],[-1862750,53250],[-1861750,52250],[-1861750,50750],[-1860250,51250],[-1859750,49750],[-1858750,49750],[-1859250,51750],[-1856750,51750],[-1854750,50750],[-1853750,48750],[-1854250,47250],[-1851250,46750],[-1850250,44750],[-1848750,43750],[-1848750,42750],[-1845750,40750],[-1844750,40750],[-1844750,41750],[-1843750,42250],[-1844250,44250],[-1841250,43250],[-1840250,44250],[-1840250,46750],[-1838250,47750],[-1834250,47750],[-1832250,49750],[-1832750,51750],[-1835750,53250],[-1836250,58250],[-1833750,61750],[-1830750,62250],[-1831250,65250],[-1830250,67250],[-1831750,68750],[-1834250,68250],[-1835750,70750],[-1837750,70750],[-1838250,68250],[-1837250,67750],[-1837250,66750],[-1841750,66750],[-1840750,68250],[-1839250,68750],[-1836750,74750],[-1836750,76250],[-1838750,78250],[-1839250,86250],[-1838250,86250],[-1838250,85250],[-1835250,85750],[-1832250,82750],[-1829750,82750],[-1827750,85750],[-1827750,88750],[-1826250,91750],[-1819250,92750],[-1818750,93750],[-1817750,93750],[-1817250,96750],[-1815750,96250],[-1814750,97250],[-1815250,98750],[-1813750,100250],[-1814250,105250],[-1817250,106250],[-1818250,109250],[-1820750,109750],[-1821750,110750],[-1821250,113750],[-1824250,115250],[-1826750,115250],[-1827250,117750],[-1825250,119750],[-1826250,122250],[-1825750,123750],[-1827250,124250],[-1827250,125250],[-1828250,125250],[-1829250,126750],[-1833250,128250],[-1835250,130250],[-1835250,133750],[-1833750,134750],[-1833750,135750],[-1836250,135750],[-1836750,133250],[-1838750,134750],[-1841750,133750],[-1844250,136250],[-1845250,136250]],[[-1840250,91750],[-1839750,92250],[-1839750,91750],[-1840250,91750]],[[-1864250,90250],[-1861750,91250],[-1861250,90250],[-1864250,90250]],[[-1854750,86750],[-1854250,87250],[-1854250,86750],[-1854750,86750]],[[-1854250,86250],[-1853750,86750],[-1853750,86250],[-1854250,86250]],[[-1859250,86250],[-1854250,85250],[-1853250,83250],[-1858250,84250],[-1859250,86250]],[[-1860250,85750],[-1859750,84250],[-1858750,84750],[-1859250,83250],[-1860750,83750],[-1860250,85750]],[[-1859750,51750],[-1859250,52250],[-1859250,51750],[-1859750,51750]]]]}},{"type":"Feature","properties":{"key":"Cosgrove","name":"Cosgrove","area_km2":3076.2,"lon":-100.4825,"lat":-73.5398},"geometry":{"type":"MultiPolygon","coordinates":[[[[-1771750,-276250],[-1771750,-277750],[-1773250,-278250],[-1774250,-279750],[-1774250,-281750],[-1775750,-284750],[-1776250,-289750],[-1774750,-289750],[-1774250,-290750],[-1775750,-299250],[-1777250,-299750],[-1776750,-296750],[-1777750,-297250],[-1778250,-299250],[-1779250,-298750],[-1779250,-297250],[-1777750,-295750],[-1777750,-294750],[-1775750,-294250],[-1776250,-292250],[-1777750,-292250],[-1777750,-293750],[-1778750,-294250],[-1781750,-293250],[-1783250,-294250],[-1784250,-298250],[-1785750,-300250],[-1786250,-304250],[-1788250,-304750],[-1787750,-306250],[-1790250,-306250],[-1790750,-308250],[-1791750,-308250],[-1792250,-306250],[-1793250,-306250],[-1794250,-308250],[-1794250,-310250],[-1792750,-312250],[-1792250,-315250],[-1793750,-317250],[-1792750,-320250],[-1793750,-324250],[-1795250,-324250],[-1795750,-330250],[-1794750,-331250],[-1794250,-334750],[-1792250,-337250],[-1791750,-345750],[-1789750,-349750],[-1789750,-354250],[-1790750,-354250],[-1790750,-357750],[-1786750,-363750],[-1787250,-367250],[-1786250,-367750],[-1785750,-370250],[-1783250,-367250],[-1781750,-367250],[-1778250,-364750],[-1776750,-364750],[-1776250,-366250],[-1770750,-366250],[-1770750,-365250],[-1766750,-364250],[-1766750,-362250],[-1765750,-362250],[-1765750,-361250],[-1764750,-361250],[-1762750,-359250],[-1760750,-355250],[-1756250,-354750],[-1757750,-353750],[-1755750,-353250],[-1755750,-352250],[-1754750,-352250],[-1754250,-351250],[-1750750,-351750],[-1748250,-348250],[-1745750,-348250],[-1742250,-346750],[-1740750,-344250],[-1740750,-342750],[-1741750,-341750],[-1742250,-334750],[-1741750,-329250],[-1743750,-326250],[-1746250,-326750],[-1745750,-324750],[-1747250,-323250],[-1749750,-323250],[-1749750,-321750],[-1750750,-320750],[-1750750,-314250],[-1749750,-312250],[-1749750,-309250],[-1751250,-307750],[-1752250,-301750],[-1753750,-301250],[-1753750,-298750],[-1755250,-298250],[-1755750,-299250],[-1755750,-295750],[-1758750,-294750],[-1759750,-293250],[-1762750,-293250],[-1763750,-296250],[-1765750,-294750],[-1766250,-293250],[-1764250,-290250],[-1764250,-287250],[-1766250,-284750],[-1767250,-278750],[-1771750,-276250]],[[-1764250,-297250],[-1763750,-296750],[-1763750,-297250],[-1764250,-297250]],[[-1755250,-299750],[-1754750,-299250],[-1754750,-299750],[-1755250,-299750]],[[-1787750,-304750],[-1786250,-304750],[-1785750,-305750],[-1787250,-305750],[-1787750,-304750]],[[-1784750,-305250],[-1783750,-305250],[-1783250,-306250],[-1784250,-306250],[-1784750,-305250]],[[-1755750,-320250],[-1752750,-320750],[-1752250,-322750],[-1753750,-323250],[-1753750,-321250],[-1755750,-320250]],[[-1751750,-321750],[-1751250,-321250],[-1751250,-321750],[-1751750,-321750]],[[-1753750,-324250],[-1752250,-325250],[-1752250,-326250],[-1753250,-326750],[-1753750,-324250]],[[-1790250,-332250],[-1788750,-332250],[-1788750,-333750],[-1790250,-333250],[-1790250,-332250]],[[-1745250,-335250],[-1744250,-334750],[-1744250,-335250],[-1745250,-335250]],[[-1746750,-337750],[-1746250,-337250],[-1746250,-337750],[-1746750,-337750]]]]}},{"type":"Feature","properties":{"key":"Tracy_Tremenchus","name":"Tracy-Tremenchus","area_km2":2647.7,"lon":101.1829,"lat":-65.8581},"geometry":{"type":"MultiPolygon","coordinates":[[[[2615250,-535750],[2614750,-535750],[2614750,-535250],[2614250,-535250],[2614250,-533750],[2614750,-533750],[2614750,-533250],[2615250,-533250],[2615250,-535750]]],[[[2644250,-526250],[2644750,-526250],[2644750,-526750],[2643750,-526750],[2643750,-526250],[2642750,-526250],[2642750,-525750],[2644250,-525750],[2644250,-526250]]],[[[2597250,-518750],[2595750,-518250],[2596250,-516750],[2594250,-517250],[2594250,-518750],[2597750,-521750],[2597250,-522250],[2597750,-525750],[2595750,-526250],[2595750,-527750],[2595250,-527750],[2595750,-531250],[2594750,-531750],[2595250,-532250],[2594750,-533750],[2593250,-534250],[2593250,-533750],[2592250,-533750],[2592250,-532750],[2591750,-533250],[2587250,-532750],[2586750,-529250],[2587750,-528250],[2587750,-526250],[2586250,-525750],[2585750,-523750],[2584750,-524250],[2584250,-522250],[2585750,-522250],[2585750,-523250],[2587250,-523750],[2587250,-521750],[2588250,-520750],[2589250,-520750],[2588750,-521750],[2591750,-521250],[2591250,-519750],[2588750,-518250],[2589750,-518250],[2589750,-517250],[2590750,-516750],[2590750,-515750],[2592750,-512750],[2595250,-513250],[2594750,-515750],[2597750,-515250],[2597250,-517250],[2597750,-517250],[2598750,-520250],[2597250,-520250],[2597250,-518750]],[[2591750,-523250],[2591750,-524250],[2592250,-524250],[2592250,-523250],[2591750,-523250]],[[2592250,-525250],[2592750,-525250],[2593250,-524250],[2592250,-524250],[2592250,-525250]]],[[[2599750,-520750],[2599750,-522250],[2599250,-522250],[2599250,-521750],[2598750,-521750],[2598750,-521250],[2598250,-521250],[2598250,-520750],[2598750,-520750],[2598750,-520250],[2599250,-520250],[2599250,-520750],[2599750,-520750]]],[[[2593039,-572750],[2592250,-572750],[2592750,-571750],[2590750,-569750],[2591750,-568750],[2591250,-565250],[2589250,-564750],[2589250,-563750],[2590250,-564250],[2590250,-561250],[2589750,-561750],[2588750,-561250],[2589750,-560250],[2589250,-554750],[2589750,-553250],[2590750,-553750],[2590250,-547750],[2590750,-546750],[2591750,-546750],[2591750,-540750],[2593250,-539250],[2593250,-536750],[2594250,-535750],[2595250,-536250],[2595250,-537250],[2598750,-536750],[2599750,-535750],[2603250,-535750],[2608250,-537250],[2608750,-534750],[2606250,-534750],[2606250,-533750],[2605250,-534250],[2605250,-530750],[2604250,-530250],[2603250,-524750],[2602250,-524250],[2602750,-519750],[2601250,-517750],[2601750,-514250],[2600250,-513750],[2600750,-512750],[2599250,-512750],[2599250,-513750],[2598250,-513750],[2598250,-512750],[2599750,-512250],[2599750,-511250],[2600750,-512250],[2601750,-510750],[2601750,-507750],[2600750,-505750],[2599750,-505750],[2600750,-509250],[2599250,-509250],[2599750,-507250],[2598750,-506750],[2599750,-499750],[2599250,-498750],[2602250,-497750],[2602750,-496250],[2602750,-492250],[2600250,-486750],[2600250,-484750],[2599250,-484250],[2598750,-485750],[2597250,-486750],[2597250,-488750],[2599250,-489750],[2599750,-492750],[2599250,-491750],[2598250,-492750],[2596250,-491750],[2595750,-492750],[2594750,-492250],[2594750,-485750],[2592250,-485250],[2590250,-486250],[2590250,-484750],[2591750,-483250],[2590750,-482250],[2588750,-482750],[2587750,-481750],[2587250,-483750],[2586250,-484750],[2585750,-484250],[2584750,-484750],[2586750,-485750],[2586250,-487250],[2587750,-487250],[2587750,-488250],[2589750,-487750],[2590250,-488750],[2589250,-488750],[2589250,-490250],[2588250,-490250],[2588250,-491250],[2585750,-491750],[2585250,-492750],[2581250,-492750],[2583483,-492053],[2585134,-489459],[2583773,-482750],[2585750,-482750],[2585750,-481314],[2587250,-480750],[2587250,-478750],[2586250,-478250],[2586250,-480462],[2585998,-479320],[2586437,-474169],[2579904,-469250],[2581750,-469250],[2582250,-470750],[2583750,-470250],[2584250,-471750],[2587250,-472250],[2587750,-469250],[2588250,-469750],[2589250,-469250],[2587250,-468250],[2586750,-465250],[2588250,-468250],[2589750,-467750],[2588750,-463250],[2586250,-463250],[2586250,-462250],[2584250,-460914],[2589678,-463281],[2590750,-465750],[2591250,-465391],[2594791,-467417],[2596592,-466370],[2597250,-468750],[2597750,-468377],[2607958,-474661],[2612996,-479870],[2616100,-480603],[2617322,-481250],[2616250,-481750],[2616250,-480750],[2615250,-480750],[2615250,-492250],[2613250,-493750],[2611750,-498750],[2612250,-504750],[2614750,-509750],[2619750,-508750],[2619750,-507750],[2620750,-507750],[2621750,-505750],[2621750,-503250],[2623250,-501250],[2622250,-498250],[2622750,-495750],[2623750,-495250],[2624750,-491750],[2625750,-491750],[2625750,-493250],[2626750,-492250],[2626750,-490250],[2623750,-487250],[2623750,-486250],[2622250,-484750],[2620250,-484250],[2618250,-481835],[2626634,-482463],[2632371,-480420],[2633665,-479250],[2636250,-480250],[2636750,-479250],[2637750,-480250],[2639250,-479750],[2639250,-482250],[2637250,-483250],[2636250,-487250],[2634250,-487750],[2632750,-492250],[2633250,-493750],[2632250,-494250],[2631750,-496750],[2630750,-497250],[2630750,-509750],[2631750,-512750],[2635250,-516250],[2635250,-518250],[2637250,-520250],[2638750,-520250],[2639750,-524250],[2641250,-524750],[2640750,-526250],[2639250,-526750],[2639750,-529250],[2638750,-529250],[2637750,-533250],[2636250,-532750],[2636250,-534250],[2633750,-536750],[2632750,-539750],[2630750,-540750],[2630750,-541750],[2628750,-543750],[2622750,-545250],[2622750,-544250],[2619750,-544250],[2619750,-543250],[2617750,-543250],[2616750,-541250],[2615750,-541250],[2615750,-542250],[2613750,-542250],[2613750,-545750],[2610250,-545750],[2610250,-547750],[2609250,-548250],[2609750,-553750],[2607750,-560250],[2605750,-560250],[2605750,-559250],[2601750,-560250],[2602750,-558250],[2603750,-558250],[2603750,-557250],[2601750,-556250],[2601750,-557250],[2600750,-557250],[2600750,-560250],[2599750,-560250],[2599750,-566250],[2598750,-566250],[2598750,-567750],[2597250,-567750],[2597250,-571750],[2595250,-571750],[2593750,-574750],[2593039,-572750]],[[2593750,-536750],[2594250,-537250],[2594250,-536750],[2593750,-536750]],[[2588250,-481250],[2588750,-481750],[2588750,-481250],[2588250,-481250]],[[2590750,-465750],[2590250,-466250],[2590750,-466250],[2590750,-465750]],[[2597250,-468750],[2596750,-469250],[2597250,-469250],[2597250,-468750]],[[2637750,-531250],[2637250,-530750],[2637250,-531250],[2637750,-531250]],[[2603750,-559250],[2603250,-558750],[2603250,-559250],[2603750,-559250]],[[2595250,-568831],[2596250,-569250],[2596250,-566250],[2595250,-567250],[2595250,-568831]],[[2593069,-482750],[2592250,-483250],[2592250,-483750],[2593750,-483750],[2593069,-482750]],[[2594250,-472250],[2594750,-471750],[2594250,-471750],[2594250,-472250]],[[2595750,-469750],[2596250,-470250],[2596750,-469750],[2595750,-469750]],[[2596250,-467250],[2595750,-468750],[2596250,-468750],[2596250,-467250]],[[2598533,-562250],[2598750,-558750],[2597750,-554750],[2597250,-557750],[2595750,-558250],[2595750,-560250],[2596250,-561250],[2597250,-560750],[2597250,-561750],[2598533,-562250]],[[2603250,-489250],[2602750,-486750],[2601750,-486750],[2602250,-489250],[2603250,-489250]],[[2601750,-485750],[2602750,-486250],[2602750,-484750],[2602250,-484750],[2601750,-485750]],[[2609250,-521250],[2608750,-520750],[2608750,-521250],[2609250,-521250]],[[2604250,-489750],[2604750,-489250],[2604250,-489250],[2604250,-489750]],[[2599750,-502250],[2600250,-504250],[2600750,-504250],[2600750,-501250],[2599750,-502250]],[[2600250,-504250],[2599750,-504750],[2600250,-504750],[2600250,-504250]],[[2619250,-525250],[2618750,-526250],[2619250,-526250],[2619250,-525250]],[[2617750,-526250],[2617750,-527250],[2619250,-527250],[2618750,-526250],[2617750,-526250]],[[2617750,-526250],[2617250,-525750],[2617250,-526250],[2617750,-526250]],[[2617250,-526250],[2616750,-527250],[2617250,-527250],[2617250,-526250]],[[2615250,-528250],[2614750,-527750],[2614750,-528250],[2615250,-528250]],[[2620250,-528250],[2619750,-527750],[2619750,-528250],[2620250,-528250]],[[2616250,-528750],[2615750,-528250],[2615750,-528750],[2616250,-528750]],[[2639250,-528750],[2638750,-528250],[2638750,-528750],[2639250,-528750]],[[2614750,-540250],[2618750,-532750],[2615750,-533750],[2615750,-529250],[2614750,-529250],[2612750,-534750],[2611250,-534750],[2611250,-538250],[2612750,-538250],[2613250,-539750],[2614750,-540250]],[[2614250,-540250],[2613750,-540750],[2614250,-540750],[2614250,-540250]],[[2610250,-531250],[2609750,-530750],[2609750,-531250],[2610250,-531250]],[[2600750,-554250],[2600250,-553750],[2600250,-554250],[2600750,-554250]],[[2605250,-555250],[2604750,-554750],[2604750,-555250],[2605250,-555250]],[[2606750,-556250],[2606250,-556750],[2606750,-556750],[2606750,-556250]],[[2606250,-556750],[2605750,-557250],[2606250,-557250],[2606250,-556750]],[[2604750,-558250],[2604250,-557750],[2604250,-558250],[2604750,-558250]]]]}},{"type":"Feature","properties":{"key":"Mariner","name":"Mariner","area_km2":2374.8,"lon":168.0648,"lat":-73.2889},"geometry":{"type":"MultiPolygon","coordinates":[[[[359750,-1784250],[361750,-1784750],[360250,-1783750],[360750,-1782250],[358750,-1781250],[358750,-1777250],[357750,-1777250],[357750,-1774250],[358750,-1774250],[358750,-1773250],[356750,-1773250],[356250,-1772250],[356250,-1771250],[357750,-1771250],[357750,-1770250],[356750,-1770250],[356750,-1768250],[357750,-1768250],[357250,-1760250],[358750,-1760250],[359750,-1757750],[364750,-1756250],[365750,-1757250],[368250,-1757250],[368750,-1758250],[370750,-1758250],[370750,-1759250],[372250,-1759250],[371750,-1760750],[372750,-1760750],[372250,-1764250],[373250,-1765750],[373250,-1767750],[371750,-1769250],[369250,-1769750],[368250,-1770750],[371750,-1771250],[373750,-1770250],[373750,-1775750],[374750,-1776250],[374750,-1777250],[376250,-1776750],[375750,-1775250],[378750,-1774250],[380750,-1778250],[380250,-1779250],[381750,-1779250],[381750,-1778250],[383750,-1779250],[381750,-1780750],[389750,-1782250],[391750,-1781750],[393250,-1782750],[396750,-1783250],[401250,-1782750],[401250,-1784250],[402250,-1785250],[407250,-1786750],[411750,-1786250],[415250,-1782250],[417750,-1782750],[418250,-1785250],[417250,-1786250],[417250,-1787750],[422250,-1791250],[424250,-1795750],[424750,-1807750],[425750,-1807750],[425750,-1809250],[424250,-1808750],[423750,-1809750],[422750,-1809750],[419250,-1808750],[416750,-1805750],[414750,-1799750],[412750,-1797750],[410750,-1797250],[406750,-1797250],[400250,-1800750],[398250,-1800750],[396750,-1804750],[395750,-1805250],[393750,-1804750],[393250,-1801750],[389750,-1801750],[389250,-1804750],[388250,-1805250],[385750,-1802750],[384250,-1804250],[384250,-1807250],[382250,-1806750],[382250,-1807750],[381250,-1807750],[380750,-1805250],[378750,-1803750],[376750,-1805250],[375750,-1805250],[374750,-1803750],[372250,-1803750],[370250,-1805250],[370250,-1806750],[371250,-1807250],[372250,-1813250],[373250,-1813750],[373250,-1815750],[374250,-1816750],[374250,-1819750],[372750,-1820750],[370750,-1820750],[367750,-1817750],[366750,-1817750],[362750,-1814750],[362750,-1810750],[361750,-1810750],[361750,-1811750],[358750,-1811250],[357750,-1812750],[354750,-1813250],[354750,-1807250],[355750,-1807250],[355750,-1805250],[354250,-1803750],[354250,-1801250],[353250,-1800750],[353250,-1799750],[350750,-1797250],[348750,-1796750],[348750,-1795250],[347750,-1795250],[347750,-1794250],[346750,-1794250],[347250,-1792250],[346250,-1792250],[345750,-1793250],[345750,-1788750],[348250,-1786250],[346750,-1786250],[347250,-1784750],[345750,-1784250],[341750,-1784250],[341750,-1781250],[340750,-1781250],[340750,-1775250],[341750,-1775250],[342250,-1773250],[343750,-1773250],[343750,-1771250],[345250,-1771250],[346750,-1772250],[346750,-1773250],[348250,-1773250],[348250,-1774250],[349250,-1774250],[348250,-1776250],[350750,-1775250],[352250,-1776750],[352250,-1777750],[354250,-1778250],[354750,-1780250],[357250,-1781750],[357250,-1783250],[355750,-1784250],[355750,-1785750],[357750,-1783750],[358750,-1783750],[358250,-1785250],[359750,-1785250],[359750,-1784250]],[[368250,-1770750],[367750,-1771250],[368250,-1771250],[368250,-1770750]],[[373750,-1775750],[373250,-1776750],[373750,-1776750],[373750,-1775750]],[[376250,-1776750],[376750,-1777250],[376750,-1776750],[376250,-1776750]],[[381750,-1780250],[380750,-1779750],[380750,-1780250],[381750,-1780250]],[[351250,-1776250],[350750,-1776750],[351250,-1776750],[351250,-1776250]],[[350750,-1776750],[350250,-1777250],[350750,-1777250],[350750,-1776750]],[[355750,-1785750],[355250,-1786250],[355750,-1786250],[355750,-1785750]],[[358250,-1785250],[357750,-1785750],[358250,-1785750],[358250,-1785250]],[[367250,-1773250],[367750,-1772750],[367250,-1772750],[367250,-1773250]],[[375250,-1777750],[376250,-1779750],[377750,-1780250],[377250,-1777750],[375250,-1777750]]],[[[386250,-1777750],[383750,-1777750],[383750,-1777250],[386250,-1777250],[386250,-1777750]]],[[[384750,-1769250],[384250,-1769250],[384250,-1771250],[383750,-1771250],[383750,-1770750],[383250,-1770750],[383250,-1770250],[383750,-1770250],[383750,-1769750],[383250,-1769750],[383250,-1769250],[383750,-1769250],[383750,-1768750],[384250,-1768750],[384250,-1768250],[384750,-1768250],[384750,-1769250]]],[[[386250,-1765250],[384750,-1765750],[384750,-1765250],[386250,-1764250],[386250,-1763750],[385250,-1763250],[385250,-1762250],[386250,-1762250],[386250,-1760250],[390750,-1760250],[390750,-1761250],[391750,-1761250],[391750,-1762250],[393750,-1761750],[393750,-1762250],[395750,-1762250],[395750,-1763250],[399250,-1763750],[399250,-1766250],[399750,-1766250],[400250,-1768250],[401250,-1768750],[401250,-1769750],[400750,-1769750],[400750,-1770750],[399250,-1771250],[399250,-1771750],[398750,-1771750],[398750,-1771250],[397250,-1771250],[396750,-1772750],[396250,-1772750],[395750,-1771750],[394750,-1771750],[394750,-1772750],[393250,-1772750],[393250,-1771750],[391750,-1771250],[391750,-1770750],[390750,-1770750],[390250,-1769750],[389250,-1769750],[388750,-1768250],[388250,-1768250],[388250,-1768750],[387250,-1768250],[387250,-1769250],[386250,-1769250],[386250,-1768250],[385750,-1768250],[385750,-1767750],[386750,-1767250],[386750,-1765750],[386250,-1765750],[386250,-1765250]],[[388250,-1765750],[388250,-1765250],[386750,-1765250],[386750,-1765750],[388250,-1765750]]]]}},{"type":"Feature","properties":{"key":"Drygalski","name":"Drygalski","area_km2":2213.4,"lon":163.3039,"lat":-75.3857},"geometry":{"type":"MultiPolygon","coordinates":[[[[521750,-1507750],[519750,-1508750],[519250,-1511250],[518250,-1511250],[517250,-1512750],[511750,-1513750],[511250,-1514750],[508750,-1515250],[502250,-1518750],[498250,-1518250],[497250,-1519250],[491750,-1519250],[489750,-1520250],[486750,-1520250],[486250,-1516250],[484250,-1514750],[483750,-1512750],[481750,-1512250],[480250,-1514750],[480750,-1517250],[479250,-1517750],[479250,-1518750],[477250,-1520750],[473750,-1519750],[470250,-1519750],[470250,-1520750],[458750,-1520250],[456250,-1521250],[452250,-1520750],[452250,-1521750],[451750,-1520750],[433250,-1521750],[433250,-1522750],[432750,-1521750],[425250,-1521750],[425250,-1522750],[418750,-1522250],[417250,-1523250],[411250,-1523250],[407750,-1524250],[399750,-1524750],[399750,-1531250],[401750,-1537250],[404250,-1539750],[404250,-1542750],[409250,-1542750],[409250,-1541250],[411250,-1541250],[411250,-1540250],[412750,-1541750],[413750,-1539750],[414750,-1542250],[414750,-1541250],[415750,-1541250],[415750,-1539250],[417750,-1539250],[417750,-1540250],[416750,-1540250],[416750,-1542250],[418250,-1541250],[420750,-1541250],[420250,-1542250],[427250,-1542250],[428750,-1541750],[429250,-1540250],[429750,-1542250],[432750,-1542250],[433750,-1540250],[434750,-1540250],[434750,-1542250],[449750,-1542250],[449750,-1541250],[452750,-1541250],[452750,-1537250],[453750,-1537250],[453750,-1542250],[455750,-1542250],[455750,-1541250],[463750,-1540250],[463750,-1539250],[464750,-1539250],[464750,-1541250],[466750,-1541250],[466750,-1540250],[469750,-1540250],[470250,-1538750],[472250,-1539250],[473250,-1534750],[473250,-1539250],[473750,-1538250],[476250,-1538750],[476750,-1537750],[480250,-1537250],[480750,-1536250],[482750,-1536250],[483250,-1538750],[485750,-1536250],[486250,-1534250],[487750,-1534250],[487250,-1533250],[488250,-1533250],[488250,-1531750],[491750,-1531250],[498250,-1531750],[499750,-1532750],[501750,-1532750],[504250,-1535250],[507250,-1535250],[510750,-1531250],[510750,-1529750],[509250,-1528750],[508750,-1526750],[510250,-1526250],[510250,-1524750],[511750,-1523250],[522250,-1520250],[525250,-1517750],[526750,-1511750],[525750,-1511750],[525250,-1510250],[524250,-1510250],[523750,-1508250],[521750,-1507750]],[[471250,-1534250],[471750,-1535250],[470250,-1537250],[470250,-1534750],[471250,-1534250]],[[473750,-1534750],[474250,-1534250],[474250,-1534750],[473750,-1534750]],[[474750,-1536250],[475750,-1536250],[475750,-1537250],[474750,-1537250],[474750,-1536250]],[[469750,-1538750],[470250,-1538250],[470250,-1538750],[469750,-1538750]]]]}},{"type":"Feature","properties":{"key":"Quar","name":"Quar","area_km2":2141.0,"lon":-10.8873,"lat":-71.244},"geometry":{"type":"MultiPolygon","coordinates":[[[[-391750,2050250],[-390750,2048750],[-389750,2048750],[-389750,2047750],[-385750,2047250],[-386250,2045750],[-393750,2045250],[-395250,2041250],[-397250,2041750],[-397250,2042750],[-398750,2042750],[-402250,2038750],[-402750,2036750],[-404750,2035250],[-405250,2032750],[-406750,2031750],[-407250,2029750],[-409250,2028750],[-409250,2027750],[-410250,2027250],[-409250,2026750],[-409250,2024750],[-408250,2024750],[-408250,2019750],[-409250,2019750],[-409250,2016750],[-410250,2016750],[-411250,2012750],[-413250,2011750],[-413250,2008750],[-415250,2007750],[-415250,2006750],[-414250,2006250],[-414250,1998750],[-412750,1998250],[-412750,1996750],[-410750,1996750],[-409750,1995750],[-399250,1997250],[-396750,1994750],[-395750,1994750],[-394750,1992750],[-391250,1990750],[-391250,1987750],[-389250,1987250],[-387250,1983750],[-386250,1983750],[-385250,1982250],[-379750,1981250],[-376750,1982750],[-376250,1985250],[-372750,1988750],[-372750,1991750],[-374250,1992750],[-374250,1994250],[-376250,1995750],[-377250,1998250],[-379250,1999750],[-379250,2008750],[-377750,2013250],[-375750,2017250],[-374250,2018750],[-373250,2018750],[-371750,2020750],[-370750,2020750],[-369750,2022250],[-368750,2022250],[-366250,2024750],[-366250,2026250],[-364250,2027250],[-364250,2028250],[-361750,2030750],[-359250,2035250],[-359250,2038750],[-361250,2041750],[-365750,2043750],[-366250,2044750],[-375750,2045250],[-379750,2049750],[-381250,2049750],[-381250,2048750],[-387750,2048750],[-389750,2050250],[-391750,2050250]]]]}},{"type":"Feature","properties":{"key":"Vigrid","name":"Vigrid","area_km2":2079.9,"lon":8.4113,"lat":-70.2505},"geometry":{"type":"MultiPolygon","coordinates":[[[[311250,2180250],[311250,2179250],[312250,2179250],[312750,2177750],[311750,2177750],[311750,2178750],[309750,2178750],[309750,2176750],[308750,2176250],[310250,2175250],[307750,2174750],[307750,2175750],[306750,2175750],[306750,2173750],[307750,2173750],[307750,2172750],[305750,2171750],[305750,2168750],[303750,2166250],[303750,2162750],[302750,2162250],[302750,2160750],[301750,2160750],[301750,2158750],[300750,2158750],[300750,2157750],[298250,2155750],[299750,2151750],[299750,2147750],[298750,2145750],[298250,2141250],[297250,2140250],[296250,2136750],[294750,2135250],[295250,2133750],[294250,2131250],[295250,2130250],[290750,2126750],[291250,2125750],[293250,2125750],[292250,2124750],[290750,2124750],[292750,2123250],[292750,2122250],[290750,2120750],[290750,2118750],[293250,2118250],[294250,2117250],[296250,2117750],[296750,2118750],[302250,2118750],[303250,2116750],[307250,2116250],[308750,2116250],[310250,2117750],[313250,2117250],[314250,2116250],[319750,2116750],[320250,2117750],[323750,2118250],[325250,2121750],[328250,2122250],[329250,2123750],[331250,2124250],[332250,2126250],[337250,2126250],[338250,2127250],[342750,2124750],[343750,2129750],[344750,2130250],[344750,2133750],[343750,2135750],[338750,2137250],[336250,2142250],[336250,2147250],[337250,2149750],[340250,2152750],[342750,2153750],[344250,2156750],[343250,2156250],[342250,2157250],[339250,2157250],[339250,2158250],[337750,2158750],[336750,2160250],[333750,2159750],[328750,2162250],[328250,2163750],[323750,2165250],[323750,2168750],[322750,2168750],[322750,2169750],[321750,2169750],[321750,2170750],[320750,2170750],[320750,2171750],[318750,2172750],[317250,2178750],[317750,2179750],[311250,2180250]],[[322750,2165250],[323250,2165750],[323250,2165250],[322750,2165250]]]]}},{"type":"Feature","properties":{"key":"Holmes","name":"Holmes","area_km2":2046.7,"lon":127.0268,"lat":-66.6977},"geometry":{"type":"MultiPolygon","coordinates":[[[[2086750,-1545750],[2087250,-1546750],[2088250,-1546750],[2088250,-1547250],[2088750,-1547250],[2088750,-1548250],[2091750,-1548250],[2091750,-1549250],[2090750,-1549250],[2090750,-1550750],[2090250,-1550750],[2089750,-1549750],[2087250,-1549750],[2087250,-1550250],[2086250,-1550250],[2086250,-1550750],[2085750,-1550750],[2085750,-1551250],[2086250,-1551250],[2086250,-1552250],[2084750,-1552250],[2084750,-1552750],[2083750,-1552250],[2083750,-1553250],[2083250,-1553250],[2083250,-1553750],[2082250,-1553750],[2082250,-1555250],[2081250,-1555250],[2081250,-1554750],[2080750,-1554750],[2080750,-1555750],[2081250,-1555750],[2081250,-1556250],[2079750,-1556250],[2079750,-1555250],[2078750,-1555250],[2078250,-1554250],[2078750,-1554250],[2078750,-1553750],[2079750,-1553750],[2079750,-1553250],[2080750,-1552750],[2080750,-1550750],[2082250,-1550750],[2082250,-1551250],[2083750,-1551250],[2083750,-1551750],[2084250,-1551750],[2084250,-1551250],[2085250,-1550750],[2085250,-1549750],[2084750,-1549750],[2084750,-1546250],[2085250,-1546250],[2085250,-1545750],[2086750,-1545750]]],[[[2007750,-1556250],[2004750,-1554750],[2002250,-1554750],[2001750,-1553750],[1999750,-1553250],[1997750,-1553750],[1997750,-1551250],[1998750,-1549250],[1996250,-1546750],[1997250,-1543750],[2001250,-1543750],[2002750,-1539250],[2004750,-1538250],[2004750,-1535750],[2004250,-1537250],[2003250,-1537250],[2004750,-1534250],[2008250,-1534250],[2009250,-1534750],[2009250,-1536250],[2010750,-1536250],[2012750,-1537750],[2016250,-1538750],[2018250,-1541250],[2019250,-1544250],[2021750,-1546250],[2024750,-1547250],[2023750,-1543750],[2020750,-1540250],[2019250,-1539750],[2018250,-1537250],[2018250,-1535750],[2020750,-1532250],[2020250,-1530250],[2018750,-1529250],[2018250,-1526750],[2019250,-1526250],[2022250,-1527750],[2025250,-1527250],[2028250,-1528250],[2030250,-1532750],[2033250,-1535750],[2038250,-1535250],[2041250,-1536250],[2041250,-1528750],[2044250,-1524750],[2047750,-1524750],[2050250,-1527250],[2052250,-1530750],[2052250,-1535750],[2054250,-1538750],[2060250,-1538750],[2063250,-1537250],[2063750,-1535750],[2066750,-1536250],[2067250,-1539250],[2066250,-1540250],[2066250,-1541750],[2068250,-1543250],[2069750,-1546250],[2072750,-1547750],[2072250,-1551750],[2073250,-1552250],[2073250,-1553250],[2071250,-1553250],[2072250,-1554250],[2070750,-1554250],[2070750,-1555250],[2068750,-1555250],[2068750,-1554250],[2067750,-1554250],[2067750,-1555250],[2066750,-1555250],[2066750,-1556250],[2065750,-1556250],[2065750,-1557250],[2064750,-1557250],[2064750,-1558250],[2063750,-1558250],[2062750,-1560250],[2061750,-1560250],[2061750,-1559250],[2058750,-1559250],[2058750,-1560250],[2054750,-1561250],[2054750,-1562250],[2053750,-1562250],[2053750,-1563250],[2052750,-1563250],[2051750,-1565250],[2049750,-1565250],[2049750,-1564250],[2046750,-1563750],[2045750,-1563250],[2045750,-1562250],[2043750,-1562250],[2043750,-1561250],[2041750,-1561250],[2041750,-1560250],[2040750,-1560250],[2039750,-1558250],[2038750,-1558250],[2038750,-1559250],[2037750,-1559250],[2037750,-1558250],[2032750,-1558250],[2032750,-1559250],[2030750,-1559250],[2030750,-1560250],[2028250,-1559750],[2028250,-1560750],[2025750,-1560250],[2025750,-1559250],[2020750,-1559250],[2020750,-1558250],[2018750,-1559250],[2018750,-1558250],[2017750,-1558250],[2017750,-1556250],[2016750,-1556250],[2016750,-1555250],[2015750,-1555250],[2014750,-1553250],[2012750,-1554250],[2012750,-1551250],[2010750,-1551250],[2010750,-1552250],[2009750,-1552250],[2009750,-1553250],[2010750,-1553250],[2009750,-1553750],[2009750,-1555250],[2007750,-1555250],[2007750,-1556250]],[[2004750,-1554750],[2006750,-1554250],[2004750,-1554250],[2004750,-1554750]],[[2004750,-1554250],[2003750,-1553750],[2003750,-1554250],[2004750,-1554250]],[[2004750,-1535750],[2005250,-1535250],[2004750,-1535250],[2004750,-1535750]],[[2071250,-1552250],[2069250,-1552250],[2069250,-1553750],[2070750,-1553750],[2071250,-1552250]],[[2007750,-1534750],[2006250,-1535250],[2007750,-1535250],[2007750,-1534750]],[[2027750,-1555250],[2029250,-1555250],[2029250,-1554250],[2027750,-1553750],[2027750,-1555250]],[[2030250,-1555250],[2029750,-1555750],[2030250,-1555750],[2030250,-1555250]],[[2003750,-1539750],[2004250,-1539250],[2003750,-1539250],[2003750,-1539750]],[[2007250,-1549750],[2007750,-1549250],[2007250,-1549250],[2007250,-1549750]],[[2007750,-1551750],[2008250,-1551250],[2007750,-1551250],[2007750,-1551750]],[[2008750,-1552250],[2009250,-1551750],[2008750,-1551750],[2008750,-1552250]],[[2007750,-1553250],[2008250,-1552750],[2007750,-1552750],[2007750,-1553250]],[[2006250,-1553750],[2006750,-1553250],[2006250,-1553250],[2006250,-1553750]],[[2008250,-1554750],[2009250,-1553750],[2008250,-1553750],[2008250,-1554750]]],[[[2092750,-1529750],[2097750,-1530250],[2098750,-1531750],[2100750,-1531750],[2101250,-1532750],[2105750,-1534250],[2107250,-1532750],[2108250,-1533250],[2108750,-1532250],[2110750,-1532250],[2112250,-1531250],[2113250,-1535250],[2112750,-1537250],[2111750,-1537250],[2111750,-1539750],[2110750,-1539750],[2111750,-1540750],[2110250,-1540750],[2110250,-1541750],[2111750,-1541250],[2113250,-1544250],[2112750,-1545250],[2111750,-1545250],[2111750,-1546250],[2110750,-1546250],[2110250,-1548250],[2109250,-1548250],[2108750,-1549750],[2104750,-1551750],[2101750,-1551750],[2100750,-1551250],[2100750,-1549250],[2098750,-1549250],[2097750,-1547250],[2095250,-1547250],[2095250,-1544750],[2093750,-1543250],[2090250,-1542250],[2086750,-1539250],[2086250,-1537250],[2089250,-1536250],[2088750,-1533750],[2091250,-1534750],[2091250,-1531750],[2092750,-1531750],[2092750,-1529750]],[[2109750,-1542750],[2110750,-1542250],[2109750,-1542250],[2109750,-1542750]],[[2109250,-1543750],[2108750,-1544250],[2109250,-1544250],[2109250,-1543750]],[[2109250,-1544750],[2110750,-1545250],[2111250,-1544250],[2110250,-1543750],[2109250,-1544750]],[[2100750,-1548250],[2101250,-1547750],[2100750,-1547750],[2100750,-1548250]],[[2102750,-1549750],[2103250,-1549250],[2102750,-1549250],[2102750,-1549750]],[[2101750,-1550750],[2102250,-1550250],[2101750,-1550250],[2101750,-1550750]],[[2103750,-1550750],[2104250,-1550250],[2103750,-1550250],[2103750,-1550750]]]]}},{"type":"Feature","properties":{"key":"LarsenB","name":"Larsen B","area_km2":1946.7,"lon":-61.8566,"lat":-65.885},"geometry":{"type":"MultiPolygon","coordinates":[[[[-2337250,1274250],[-2329250,1273750],[-2328750,1271250],[-2326750,1269750],[-2319750,1269750],[-2313750,1265750],[-2313750,1263750],[-2315250,1261750],[-2318250,1260250],[-2320750,1260250],[-2321250,1258250],[-2324250,1257750],[-2325750,1255750],[-2324250,1253750],[-2319750,1251750],[-2320250,1250750],[-2319250,1249750],[-2319250,1247750],[-2320250,1246750],[-2320750,1244250],[-2319250,1244250],[-2317750,1242250],[-2316750,1242250],[-2316750,1241250],[-2317250,1240250],[-2319250,1240250],[-2320250,1237250],[-2322250,1237250],[-2323250,1234750],[-2326250,1233250],[-2328750,1233250],[-2331250,1231750],[-2333250,1232250],[-2333750,1231250],[-2335750,1231250],[-2338250,1232250],[-2337750,1230750],[-2338750,1230250],[-2342250,1231250],[-2344750,1230750],[-2345250,1232750],[-2346750,1233750],[-2348750,1227250],[-2350250,1225250],[-2351750,1225250],[-2353250,1229750],[-2354750,1231250],[-2357250,1231250],[-2358750,1232750],[-2358750,1234250],[-2359750,1234250],[-2359750,1235750],[-2365250,1236250],[-2365250,1238250],[-2366250,1238750],[-2364250,1242750],[-2364250,1244750],[-2365250,1245250],[-2365250,1249250],[-2364250,1250750],[-2364750,1251750],[-2365750,1251750],[-2366750,1255250],[-2367750,1255250],[-2368750,1257250],[-2376750,1258750],[-2377250,1267750],[-2373750,1268250],[-2373750,1271750],[-2372750,1272250],[-2372750,1273750],[-2370750,1269750],[-2369750,1268750],[-2368250,1268750],[-2368750,1270250],[-2360750,1270250],[-2358250,1269250],[-2354250,1269750],[-2348250,1271750],[-2346250,1272750],[-2345250,1274250],[-2343750,1274250],[-2343250,1275250],[-2339250,1274250],[-2338250,1272750],[-2337250,1272750],[-2337250,1274250]],[[-2341250,1273750],[-2341750,1271750],[-2338750,1272250],[-2339250,1273750],[-2341250,1273750]],[[-2358750,1239250],[-2360250,1239750],[-2360250,1239250],[-2358750,1239250]],[[-2360250,1239250],[-2360750,1238750],[-2360250,1238750],[-2360250,1239250]]],[[[-2339250,1274750],[-2339250,1275750],[-2338750,1275750],[-2338750,1275250],[-2338250,1275250],[-2338250,1274750],[-2337750,1274750],[-2337750,1273750],[-2338750,1273750],[-2338750,1274750],[-2339250,1274750]]],[[[-2339750,1275750],[-2340250,1275750],[-2340250,1275250],[-2340750,1275250],[-2340750,1274750],[-2341250,1274750],[-2341250,1275250],[-2342750,1275250],[-2342750,1275750],[-2342250,1275750],[-2342250,1276250],[-2339750,1276250],[-2339750,1275750]]],[[[-2323750,1279750],[-2323750,1280250],[-2324750,1280250],[-2324750,1280750],[-2324250,1280750],[-2324250,1281750],[-2323250,1281750],[-2323250,1282250],[-2322750,1282250],[-2322750,1282750],[-2322250,1282750],[-2322250,1283750],[-2322750,1283750],[-2322750,1284750],[-2322250,1284750],[-2322250,1286750],[-2321750,1286750],[-2321750,1285250],[-2321250,1285250],[-2321250,1284750],[-2320250,1284750],[-2320250,1284250],[-2319250,1284250],[-2319250,1283750],[-2317750,1283750],[-2317750,1283250],[-2316750,1283250],[-2316750,1282750],[-2316250,1282750],[-2316250,1282250],[-2315750,1282250],[-2315750,1281750],[-2315250,1281750],[-2315250,1279750],[-2315750,1279750],[-2315750,1279250],[-2316750,1279250],[-2316750,1278750],[-2319250,1278750],[-2319250,1278250],[-2320250,1278250],[-2320250,1277250],[-2320750,1277250],[-2320750,1276750],[-2321750,1276750],[-2321750,1276250],[-2322250,1276250],[-2322250,1276750],[-2324750,1276750],[-2324750,1277250],[-2325250,1277250],[-2325250,1279250],[-2324250,1279250],[-2324250,1279750],[-2323750,1279750]],[[-2324250,1278750],[-2323750,1278750],[-2323750,1279250],[-2324250,1279250],[-2324250,1278750]]]]}},{"type":"Feature","properties":{"key":"Nansen","name":"Nansen","area_km2":1883.9,"lon":163.2232,"lat":-74.831},"geometry":{"type":"MultiPolygon","coordinates":[[[[480250,-1546750],[475750,-1547250],[475750,-1549250],[477750,-1549250],[477750,-1550250],[478750,-1550250],[478750,-1551250],[479750,-1551250],[480750,-1553250],[482750,-1553250],[482750,-1554250],[482250,-1555250],[480750,-1555250],[479750,-1557250],[478750,-1557250],[478750,-1560250],[477750,-1560250],[477750,-1559250],[475750,-1560250],[475750,-1562250],[474750,-1562750],[474750,-1564250],[475750,-1564250],[475250,-1565750],[474250,-1565750],[472250,-1563750],[472750,-1560750],[471750,-1559750],[471750,-1558250],[472750,-1555750],[472750,-1552750],[471250,-1550750],[469250,-1550750],[468750,-1547250],[467750,-1547250],[467750,-1548250],[466750,-1548250],[466750,-1550250],[465750,-1550250],[465750,-1556250],[464750,-1556250],[464750,-1558250],[459750,-1558250],[459750,-1559250],[458750,-1559250],[458750,-1560250],[459750,-1560250],[459750,-1563250],[460750,-1563250],[460750,-1566250],[459750,-1566250],[459750,-1571250],[460750,-1571250],[460750,-1576750],[465250,-1580250],[467750,-1585250],[467750,-1589250],[465750,-1588750],[465750,-1587750],[464250,-1587250],[463250,-1585750],[460750,-1587750],[458750,-1587750],[458750,-1592750],[460750,-1593750],[460750,-1591750],[461750,-1591250],[465250,-1594250],[465250,-1595250],[466750,-1596750],[467750,-1596750],[467750,-1593750],[468750,-1593750],[468750,-1597250],[467750,-1597750],[468750,-1603250],[467750,-1603750],[468250,-1605250],[466750,-1607750],[464750,-1615750],[466250,-1616250],[469250,-1612750],[471250,-1613750],[473250,-1613250],[476250,-1619250],[476250,-1621250],[477750,-1624250],[477750,-1628250],[480250,-1628750],[481250,-1626750],[482750,-1626750],[483750,-1634250],[485750,-1632250],[486250,-1633750],[487250,-1633750],[487250,-1634750],[488750,-1634750],[489750,-1632250],[491250,-1631250],[491750,-1626250],[490750,-1625750],[489750,-1622250],[485750,-1618250],[485250,-1615250],[486750,-1610250],[485250,-1608250],[482750,-1607250],[481250,-1600750],[482250,-1602750],[485750,-1603750],[485750,-1602250],[487250,-1600250],[486750,-1598250],[488750,-1598250],[490250,-1598750],[492250,-1605250],[495250,-1605250],[495250,-1603750],[494250,-1602750],[495250,-1599250],[495250,-1592750],[497250,-1592250],[497250,-1589750],[496750,-1587250],[495750,-1586250],[496250,-1581750],[494750,-1581250],[494750,-1578750],[495750,-1578750],[494750,-1574250],[496750,-1574250],[496750,-1573250],[495750,-1573250],[496750,-1569750],[495250,-1568250],[493250,-1568250],[491750,-1570250],[489750,-1570250],[486250,-1567750],[486250,-1566750],[485250,-1566250],[484750,-1562750],[485750,-1561250],[485250,-1553750],[487250,-1553750],[487750,-1551250],[487250,-1550250],[485750,-1550250],[484750,-1548250],[482750,-1548750],[482250,-1547750],[480750,-1548250],[480250,-1546750]],[[482750,-1556250],[483250,-1555750],[483250,-1556250],[482750,-1556250]],[[464750,-1558250],[465750,-1558250],[465750,-1559250],[464750,-1559250],[464750,-1558250]],[[465750,-1559250],[466750,-1559250],[466750,-1560250],[465750,-1560250],[465750,-1559250]],[[475250,-1566250],[475750,-1565750],[475750,-1566250],[475250,-1566250]],[[475750,-1566750],[476250,-1566250],[476250,-1566750],[475750,-1566750]],[[485250,-1597750],[485750,-1597250],[485750,-1597750],[485250,-1597750]]]]}},{"type":"Feature","properties":{"key":"Atka","name":"Atka","area_km2":1825.8,"lon":-6.8438,"lat":-70.656},"geometry":{"type":"MultiPolygon","coordinates":[[[[-240250,2083750],[-242250,2081250],[-245750,2079750],[-254070,2085476],[-259248,2086312],[-259919,2087922],[-263850,2089407],[-271041,2090295],[-279375,2087161],[-285156,2097547],[-284250,2097750],[-284250,2098750],[-282750,2100250],[-281250,2100250],[-280250,2101250],[-279750,2104250],[-278250,2104250],[-278250,2105250],[-275750,2105750],[-274250,2107250],[-274750,2109750],[-276250,2111250],[-276250,2113250],[-274750,2114750],[-269250,2117750],[-269250,2118750],[-267750,2119750],[-266750,2121750],[-262750,2123750],[-253750,2124250],[-254250,2126250],[-253250,2129250],[-252250,2129250],[-252750,2128250],[-251750,2128250],[-250250,2128750],[-250250,2129750],[-247750,2129750],[-247750,2130750],[-245750,2131750],[-245750,2133750],[-244250,2133750],[-244250,2132750],[-242750,2132250],[-240750,2132750],[-240750,2129750],[-239750,2129250],[-239250,2126750],[-238250,2127250],[-238250,2126250],[-236750,2126250],[-236750,2125250],[-233750,2124750],[-232750,2123750],[-227750,2112750],[-225750,2112750],[-224750,2113750],[-224250,2116750],[-222822,2117750],[-220565,2106536],[-229092,2104021],[-236956,2098588],[-238298,2092619],[-240024,2090318],[-239250,2088750],[-240250,2083750]]]]}},{"type":"Feature","properties":{"key":"Ninnis","name":"Ninnis","area_km2":1576.9,"lon":147.5008,"lat":-68.2594},"geometry":{"type":"MultiPolygon","coordinates":[[[[1303250,-2021250],[1304250,-2021250],[1304250,-2021750],[1303750,-2021750],[1303750,-2022250],[1304750,-2022250],[1304750,-2021750],[1305750,-2021750],[1305750,-2022250],[1305250,-2022250],[1305250,-2022750],[1302750,-2022750],[1302750,-2022250],[1302250,-2022250],[1302250,-2022750],[1301750,-2022750],[1301750,-2022250],[1301250,-2022250],[1301250,-2021250],[1301750,-2021250],[1301750,-2020750],[1303250,-2020750],[1303250,-2021250]],[[1302750,-2021750],[1302750,-2021250],[1302250,-2021250],[1302250,-2021750],[1302750,-2021750]]],[[[1303750,-2019750],[1305750,-2019750],[1305750,-2020250],[1306250,-2020250],[1306250,-2020750],[1303750,-2020750],[1303750,-2020250],[1301750,-2020250],[1301750,-2019750],[1303250,-2019750],[1303250,-2019250],[1303750,-2019250],[1303750,-2019750]]],[[[1318750,-2004250],[1323250,-2004750],[1325250,-2007250],[1325250,-2017750],[1324250,-2027750],[1324750,-2029750],[1327750,-2032250],[1323750,-2031250],[1322750,-2030250],[1320750,-2030250],[1318750,-2027750],[1313250,-2027750],[1312750,-2026250],[1314750,-2025250],[1315250,-2014750],[1316750,-2006750],[1318750,-2004250]],[[1324250,-2030750],[1324750,-2030250],[1324250,-2030250],[1324250,-2030750]]],[[[1299750,-2021750],[1300750,-2021750],[1301250,-2023250],[1299750,-2023250],[1299750,-2022250],[1296750,-2022250],[1296750,-2024250],[1294750,-2025250],[1294750,-2026250],[1295750,-2026750],[1294750,-2027250],[1294750,-2028250],[1293750,-2028250],[1293750,-2029750],[1291750,-2030250],[1291750,-2031250],[1288750,-2031250],[1288750,-2030250],[1287750,-2030250],[1287750,-2028250],[1286750,-2028250],[1286750,-2029250],[1282750,-2029250],[1282750,-2028250],[1280750,-2028250],[1280750,-2027250],[1278750,-2027250],[1278750,-2028250],[1273750,-2028250],[1273750,-2029250],[1266750,-2029250],[1266750,-2028250],[1265750,-2028250],[1265750,-2026250],[1264750,-2025750],[1266750,-2025250],[1266750,-2023250],[1269250,-2022750],[1269250,-2019750],[1271250,-2019250],[1271250,-2017250],[1272250,-2017250],[1272750,-2016250],[1272250,-2011250],[1269250,-2011250],[1268250,-2013750],[1268750,-2016250],[1267750,-2016250],[1266750,-2018250],[1264750,-2018250],[1264750,-2019250],[1262750,-2018250],[1262750,-2019250],[1261750,-2019250],[1261750,-2020250],[1259750,-2020250],[1258750,-2022250],[1255750,-2022250],[1255750,-2023250],[1253250,-2023250],[1253250,-2021250],[1252250,-2021250],[1252250,-2018250],[1253750,-2017750],[1251750,-2017250],[1246250,-2019250],[1246250,-2020250],[1245250,-2020250],[1245250,-2022250],[1246250,-2022250],[1246250,-2023250],[1248250,-2024250],[1248750,-2026250],[1246750,-2026250],[1246750,-2027250],[1245750,-2027250],[1245750,-2030250],[1243750,-2030250],[1243750,-2031250],[1240750,-2031250],[1240750,-2032250],[1238750,-2032250],[1238750,-2033250],[1235750,-2033250],[1235750,-2032250],[1234250,-2032250],[1234250,-2026250],[1232250,-2025250],[1234250,-2021250],[1237750,-2018750],[1238250,-2016250],[1240250,-2015750],[1242250,-2013750],[1243750,-2013750],[1244750,-2014750],[1246250,-2018750],[1246750,-2017250],[1249750,-2016750],[1250750,-2015750],[1251250,-2013250],[1253750,-2010750],[1258250,-2011250],[1258750,-2010250],[1260750,-2009750],[1262750,-2007250],[1264750,-2007750],[1265250,-2010250],[1269250,-2009750],[1271250,-2008250],[1274250,-2008250],[1276750,-2004250],[1277250,-2001750],[1281250,-2000750],[1282250,-1995250],[1284250,-1993250],[1288250,-1993250],[1290250,-1996750],[1291250,-1996750],[1293750,-1999750],[1294250,-2003250],[1295750,-2002750],[1296250,-2000250],[1299750,-2001250],[1301250,-2000250],[1301250,-1999250],[1306250,-1998750],[1307250,-2000750],[1307250,-2003250],[1309250,-2005250],[1308750,-2008250],[1308250,-2009250],[1307250,-2009250],[1307750,-2013750],[1306750,-2015750],[1308250,-2020750],[1306250,-2020250],[1306750,-2018750],[1300750,-2019250],[1298750,-2018250],[1297750,-2018750],[1297750,-2019750],[1299250,-2019250],[1299750,-2021750]],[[1299250,-2020250],[1298750,-2020750],[1299250,-2020750],[1299250,-2020250]],[[1265250,-2016250],[1265750,-2015750],[1265250,-2015750],[1265250,-2016250]],[[1296250,-2017750],[1296750,-2018750],[1297250,-2018750],[1297250,-2017750],[1296250,-2017750]],[[1270750,-2021250],[1270750,-2020250],[1269750,-2020250],[1269750,-2021250],[1270750,-2021250]],[[1297750,-2021250],[1298250,-2020750],[1297750,-2020750],[1297750,-2021250]]]]}},{"type":"Feature","properties":{"key":"Dibble","name":"Dibble","area_km2":1462.3,"lon":134.727,"lat":-66.2303},"geometry":{"type":"MultiPolygon","coordinates":[[[[1855250,-1811250],[1852750,-1813750],[1852250,-1815750],[1848750,-1818750],[1848750,-1826750],[1849750,-1829750],[1849750,-1834250],[1847250,-1833750],[1846250,-1834750],[1844750,-1837750],[1844250,-1841250],[1841750,-1843750],[1840750,-1846750],[1841250,-1852750],[1842750,-1854750],[1842750,-1861750],[1844250,-1862750],[1844750,-1864750],[1846250,-1865750],[1847750,-1869250],[1849750,-1871250],[1849750,-1874250],[1850750,-1874250],[1850750,-1873250],[1853750,-1873250],[1853750,-1872250],[1854750,-1872250],[1854750,-1871250],[1855750,-1871250],[1855750,-1870250],[1856750,-1870250],[1856750,-1869250],[1858750,-1868250],[1858750,-1866250],[1859750,-1866250],[1859750,-1865250],[1861750,-1865250],[1861750,-1864250],[1863750,-1863250],[1863750,-1860250],[1864750,-1860250],[1864750,-1859250],[1866750,-1859250],[1866750,-1857250],[1870750,-1856250],[1870750,-1857250],[1873750,-1857250],[1874750,-1859250],[1875750,-1859250],[1875750,-1858250],[1877750,-1858250],[1878250,-1859250],[1879750,-1859250],[1879750,-1860250],[1880750,-1859250],[1882750,-1859250],[1883250,-1857250],[1881750,-1854250],[1879250,-1852750],[1879750,-1850250],[1881750,-1850250],[1881750,-1849250],[1880750,-1848250],[1879250,-1848250],[1878750,-1845750],[1876750,-1845250],[1876750,-1842250],[1875750,-1840250],[1878250,-1837750],[1880750,-1837750],[1879750,-1831750],[1878250,-1830750],[1878250,-1829750],[1879250,-1829750],[1878750,-1824250],[1880750,-1824250],[1881750,-1822250],[1885250,-1821750],[1882750,-1820750],[1882250,-1819750],[1880750,-1820250],[1880250,-1819250],[1878250,-1819250],[1877750,-1822750],[1874250,-1822750],[1873250,-1822250],[1873750,-1820750],[1872750,-1820750],[1871750,-1822750],[1867750,-1823750],[1867750,-1822750],[1869250,-1822250],[1869250,-1821250],[1867250,-1821250],[1866250,-1822750],[1866750,-1824750],[1863750,-1826250],[1863250,-1825250],[1861250,-1824750],[1861250,-1819250],[1859750,-1818750],[1858250,-1816750],[1857750,-1811250],[1855250,-1811250]],[[1866750,-1824250],[1867250,-1823750],[1867250,-1824250],[1866750,-1824250]],[[1864750,-1827750],[1865750,-1827250],[1865750,-1827750],[1864750,-1827750]],[[1860250,-1845750],[1861250,-1846250],[1860750,-1847250],[1861750,-1847250],[1863250,-1848750],[1863250,-1850250],[1865250,-1851750],[1865250,-1852750],[1863250,-1853250],[1863250,-1851250],[1861250,-1849250],[1860250,-1852250],[1860250,-1855750],[1859250,-1856250],[1858750,-1851250],[1860250,-1849250],[1860250,-1845750]],[[1865750,-1856250],[1866750,-1855250],[1866750,-1856250],[1865750,-1856250]],[[1863250,-1855750],[1863750,-1858750],[1862750,-1858750],[1862250,-1859750],[1863250,-1855750]]]]}},{"type":"Feature","properties":{"key":"Conger_Glenzer","name":"Conger-Glenzer","area_km2":1398.9,"lon":103.4428,"lat":-65.772},"geometry":{"type":"MultiPolygon","coordinates":[[[[2603250,-625250],[2600250,-624750],[2598750,-626750],[2596750,-627250],[2592250,-627250],[2592250,-626250],[2590750,-626250],[2589750,-627250],[2591250,-627250],[2592750,-628750],[2596250,-630250],[2599250,-630250],[2599250,-629250],[2601250,-629250],[2601250,-628250],[2606250,-628250],[2609250,-629250],[2611250,-631250],[2613250,-631250],[2613250,-632250],[2607750,-632750],[2605750,-631250],[2598750,-631250],[2598750,-632250],[2600250,-632750],[2599750,-635750],[2595750,-636750],[2595750,-637750],[2593250,-639750],[2580750,-638750],[2578750,-636750],[2578250,-637750],[2579250,-638250],[2579250,-639250],[2580250,-638750],[2580250,-639750],[2578750,-639750],[2577750,-639250],[2577750,-637750],[2576750,-638750],[2575250,-637250],[2574750,-638750],[2573750,-638750],[2572750,-637250],[2574250,-636750],[2572750,-636750],[2572750,-635250],[2570750,-635250],[2569250,-633250],[2569250,-630750],[2571250,-629750],[2570250,-625250],[2570750,-624250],[2569250,-623750],[2570250,-621250],[2572250,-620250],[2572750,-618250],[2576750,-616750],[2576750,-615750],[2577750,-615250],[2577750,-613250],[2579250,-611250],[2581250,-611250],[2583250,-607750],[2582750,-606750],[2583750,-604750],[2585250,-604250],[2584750,-601250],[2588750,-600750],[2590250,-598250],[2590250,-596750],[2591250,-597250],[2592250,-600750],[2595250,-602250],[2595250,-603250],[2596750,-603250],[2597250,-604250],[2598250,-604250],[2598250,-605250],[2600250,-605250],[2600250,-606250],[2601250,-606250],[2602250,-608250],[2607750,-609250],[2608250,-610250],[2612750,-610250],[2614750,-611750],[2620250,-612250],[2620250,-608750],[2616250,-608250],[2617250,-608250],[2617250,-607250],[2619250,-606250],[2622250,-606250],[2622250,-611250],[2623250,-611250],[2623250,-612250],[2624750,-612250],[2626250,-614250],[2627250,-614250],[2627250,-615250],[2631250,-616250],[2631250,-617250],[2634250,-617250],[2632750,-620750],[2632750,-622750],[2631750,-623750],[2631750,-627250],[2633250,-628750],[2636250,-629250],[2632250,-629250],[2631750,-627750],[2630250,-626750],[2621750,-626750],[2620750,-627750],[2618250,-627750],[2617250,-628750],[2612750,-628750],[2608750,-627750],[2608750,-626750],[2607250,-626750],[2605750,-625250],[2604750,-625250],[2604750,-626250],[2604250,-624750],[2603250,-625250]],[[2603250,-624750],[2602750,-624250],[2602750,-624750],[2603250,-624750]],[[2613250,-620250],[2613750,-620750],[2613750,-620250],[2613250,-620250]],[[2624250,-621250],[2625250,-621750],[2625250,-621250],[2624250,-621250]],[[2589750,-625750],[2590250,-626250],[2590250,-625750],[2589750,-625750]]],[[[2623750,-604250],[2624250,-604250],[2624250,-605250],[2623750,-605250],[2623750,-604750],[2623250,-604750],[2623250,-603250],[2623750,-603250],[2623750,-604250]]],[[[2592750,-591750],[2592250,-591750],[2592250,-592750],[2591750,-592750],[2591750,-593250],[2591250,-593250],[2591250,-594250],[2590750,-594250],[2590750,-594750],[2590250,-594750],[2590250,-593250],[2590750,-593250],[2590750,-592750],[2591250,-592750],[2591250,-592250],[2591750,-592250],[2591750,-591250],[2592250,-591250],[2592250,-590750],[2592750,-590750],[2592750,-591750]]]]}},{"type":"Feature","properties":{"key":"Publications","name":"Publications","area_km2":1340.1,"lon":75.1874,"lat":-69.7495},"geometry":{"type":"MultiPolygon","coordinates":[[[[2140750,604750],[2139750,603250],[2136250,601750],[2131750,597750],[2127250,597750],[2127250,596750],[2126250,596250],[2122250,595750],[2122250,594750],[2123750,594750],[2124750,592750],[2122750,592750],[2121750,591750],[2121750,589250],[2124750,588750],[2125250,587250],[2127250,586250],[2131250,585750],[2131750,584750],[2134750,583750],[2135250,581750],[2136250,581750],[2135750,580750],[2130250,581750],[2126250,579750],[2127250,577750],[2132250,576750],[2132250,575750],[2134750,575250],[2135750,574250],[2135250,572750],[2134250,572750],[2130250,569750],[2130250,568750],[2131250,568750],[2130250,564750],[2136750,565250],[2137750,564250],[2142750,563750],[2142250,561250],[2139250,560250],[2137750,558250],[2136750,558250],[2136250,556250],[2134750,556250],[2133750,555250],[2133750,552250],[2137250,550250],[2136750,548250],[2141250,548250],[2142250,549250],[2145250,549250],[2145750,547250],[2149250,547250],[2149250,546250],[2155750,547750],[2157250,546750],[2159250,547250],[2159250,545750],[2161250,545250],[2161750,546250],[2162750,546250],[2162750,547750],[2164750,547250],[2165250,548250],[2167250,548250],[2168250,550250],[2173750,549250],[2174750,548250],[2174750,549250],[2176750,549750],[2176750,552250],[2175750,552750],[2175750,553750],[2174750,553750],[2173750,558750],[2168750,558250],[2168750,559750],[2167250,561250],[2168750,561750],[2168750,564750],[2167250,564750],[2167750,569750],[2168750,569750],[2168750,573750],[2167750,573750],[2167750,574750],[2168750,574750],[2168750,576250],[2165250,576250],[2162750,577250],[2162750,575750],[2160750,575750],[2160750,576750],[2158750,575750],[2158750,576750],[2156750,577750],[2151250,577750],[2151250,576750],[2149750,576750],[2149250,575750],[2148250,577750],[2147250,577750],[2146250,579250],[2144750,579250],[2144250,580250],[2144750,581750],[2146750,580250],[2146750,582250],[2142750,581750],[2142750,583750],[2144250,585750],[2144250,592250],[2141250,592750],[2142250,593750],[2141750,595250],[2139250,594750],[2138750,593750],[2135250,592750],[2134750,591750],[2127250,592250],[2127750,593750],[2132250,595250],[2134250,597250],[2135750,597250],[2137750,599750],[2141750,599750],[2141750,600750],[2142750,600750],[2142750,602750],[2140750,604750]],[[2143750,581250],[2144250,581750],[2144250,581250],[2143750,581250]],[[2141750,579750],[2142750,580750],[2142750,579250],[2141750,579750]],[[2144750,576250],[2145250,577750],[2145250,576250],[2144750,576250]],[[2145750,577750],[2146750,577750],[2146750,577250],[2145750,576750],[2145750,577750]],[[2147250,575250],[2147750,575750],[2147750,575250],[2147250,575250]],[[2145250,574750],[2146250,575250],[2146250,574750],[2145250,574750]],[[2147750,574250],[2148250,574750],[2148250,574250],[2147750,574250]],[[2147250,573750],[2147750,574250],[2147750,573750],[2147250,573750]],[[2148250,573250],[2148750,573750],[2148750,573250],[2148250,573250]],[[2136750,571750],[2137250,572250],[2137250,571750],[2136750,571750]],[[2135250,571250],[2136750,571750],[2136750,571250],[2135250,571250]],[[2144750,571250],[2145750,571750],[2145750,571250],[2144750,571250]],[[2145750,570750],[2146250,571250],[2146250,570750],[2145750,570750]],[[2141250,570750],[2143750,570750],[2143750,569250],[2141250,569250],[2141250,570750]],[[2156250,556250],[2156750,556750],[2156750,556250],[2156250,556250]],[[2156250,555250],[2156750,555750],[2156750,555250],[2156250,555250]],[[2161250,549250],[2161750,549750],[2161750,549250],[2161250,549250]]]]}},{"type":"Feature","properties":{"key":"LarsenE","name":"Larsen E","area_km2":1153.0,"lon":-61.1669,"lat":-73.3953},"geometry":{"type":"MultiPolygon","coordinates":[[[[-1560250,874250],[-1560250,873750],[-1558750,873750],[-1558750,874250],[-1557250,874250],[-1557250,873750],[-1556250,873750],[-1556250,872750],[-1557250,872750],[-1557250,871750],[-1556750,871750],[-1556750,870250],[-1557250,870250],[-1557250,867750],[-1556750,867750],[-1556750,866250],[-1556250,866250],[-1556250,865250],[-1555750,865250],[-1555750,863750],[-1555250,863750],[-1555750,861750],[-1557750,862250],[-1558750,864250],[-1560250,864250],[-1560750,865250],[-1561750,865250],[-1561750,866750],[-1562250,866750],[-1562250,868750],[-1561750,868750],[-1561750,869250],[-1562250,869250],[-1562250,870250],[-1563250,870750],[-1563250,871750],[-1561250,871750],[-1561250,872750],[-1561750,872750],[-1561750,873750],[-1562250,873750],[-1562250,874250],[-1560250,874250]]],[[[-1598750,903750],[-1598250,902750],[-1596250,903250],[-1591250,900750],[-1587250,900750],[-1584250,903250],[-1583750,893250],[-1580250,890250],[-1580250,889250],[-1577250,886250],[-1576750,888250],[-1578250,888750],[-1577750,890750],[-1579250,890750],[-1578750,892750],[-1579750,892750],[-1579250,896750],[-1579250,894750],[-1578250,894750],[-1578250,893750],[-1577250,893750],[-1577250,891750],[-1576250,891750],[-1576250,890750],[-1574250,889750],[-1574250,887750],[-1572250,887750],[-1571750,885750],[-1568250,885750],[-1568250,881750],[-1567250,881750],[-1567250,878750],[-1566250,878750],[-1567250,876250],[-1573250,874750],[-1576750,870750],[-1577750,870750],[-1579750,868750],[-1580250,867250],[-1583750,866250],[-1587750,863250],[-1588250,861250],[-1586250,857250],[-1584750,856250],[-1584750,854750],[-1585750,854250],[-1590250,855250],[-1592250,858750],[-1593250,858750],[-1594750,856250],[-1596250,856250],[-1596750,857250],[-1602750,856750],[-1603250,859750],[-1602250,859750],[-1602250,860750],[-1601250,860750],[-1600250,862750],[-1598250,862750],[-1595750,864250],[-1597250,867750],[-1602750,867250],[-1604750,866250],[-1605750,864750],[-1607750,865750],[-1612750,865750],[-1612250,867250],[-1608250,868750],[-1608250,869750],[-1609750,869750],[-1610750,871250],[-1612750,871250],[-1621250,866250],[-1628250,865750],[-1628250,867750],[-1626750,868750],[-1626250,870750],[-1622250,872750],[-1621250,874250],[-1620250,874250],[-1618250,876750],[-1617250,876750],[-1617250,877750],[-1615750,879250],[-1611750,879750],[-1611250,881250],[-1603250,880750],[-1601750,879750],[-1596750,879750],[-1595250,880750],[-1591250,881250],[-1591250,883250],[-1593750,887250],[-1593750,888250],[-1592750,888250],[-1593250,889250],[-1592250,889250],[-1591750,887750],[-1590750,887750],[-1587750,885250],[-1584750,885250],[-1583750,887750],[-1584250,889250],[-1583250,889750],[-1582750,891750],[-1583750,891750],[-1584250,889750],[-1586250,890250],[-1586750,891750],[-1590250,893250],[-1591250,894750],[-1592250,894750],[-1592250,895750],[-1593750,897250],[-1594750,897250],[-1599250,900750],[-1598750,902250],[-1599750,903250],[-1598750,903750]]]]}},{"type":"Feature","properties":{"key":"Vincennes_Bay","name":"Vincennes Bay","area_km2":903.3,"lon":110.0165,"lat":-66.6905},"geometry":{"type":"MultiPolygon","coordinates":[[[[2422250,-895750],[2422750,-898250],[2424750,-899250],[2425250,-900750],[2424750,-903250],[2422750,-904250],[2422750,-906250],[2424750,-907750],[2424750,-909250],[2423750,-909250],[2423750,-910250],[2421750,-910250],[2421750,-909250],[2420750,-909250],[2420750,-910750],[2418250,-910750],[2418250,-911750],[2417250,-911750],[2416750,-910750],[2413750,-910750],[2412750,-909750],[2413250,-908750],[2403750,-908750],[2400250,-906750],[2400250,-905250],[2402250,-902750],[2403250,-902750],[2407250,-898750],[2410250,-898250],[2411750,-896750],[2411750,-895250],[2410750,-894250],[2407250,-894750],[2406750,-892750],[2409250,-889250],[2408250,-887750],[2408250,-885750],[2410250,-884250],[2408750,-882750],[2408750,-879750],[2411750,-876750],[2412250,-873250],[2415250,-871750],[2414750,-868250],[2411750,-868750],[2410250,-877250],[2406250,-880250],[2404750,-880250],[2404250,-876750],[2402750,-875250],[2403250,-868750],[2405250,-867250],[2408250,-866750],[2410250,-863250],[2410250,-861750],[2408750,-861250],[2407750,-863750],[2403250,-867250],[2401250,-867250],[2400250,-868250],[2397250,-867750],[2397750,-863250],[2398750,-861250],[2401750,-858750],[2401750,-857250],[2400750,-857750],[2400750,-854250],[2402250,-852750],[2402250,-851750],[2398750,-852250],[2397250,-849250],[2401750,-845750],[2403750,-845250],[2404250,-844250],[2405750,-845250],[2406250,-847750],[2405250,-848750],[2405250,-850250],[2403750,-851250],[2403750,-853250],[2404750,-853750],[2405250,-852250],[2407250,-852250],[2407250,-855750],[2409250,-855750],[2410750,-857250],[2412750,-857250],[2413250,-860250],[2418250,-860250],[2418750,-861250],[2422250,-861250],[2423250,-863250],[2422750,-865750],[2423250,-867750],[2424250,-868250],[2424250,-870250],[2425750,-871750],[2425750,-874750],[2424750,-875250],[2424750,-876250],[2423750,-876250],[2423750,-877250],[2420750,-877250],[2420250,-878250],[2418750,-878250],[2417750,-879250],[2416750,-883250],[2415750,-883250],[2415750,-888250],[2414750,-888250],[2414750,-891250],[2415750,-891250],[2416250,-889250],[2416250,-892250],[2419750,-892250],[2419250,-893750],[2421250,-893750],[2421250,-895250],[2420250,-894750],[2420250,-895750],[2422250,-895750]],[[2415750,-860750],[2415250,-861250],[2415750,-861250],[2415750,-860750]],[[2422250,-897250],[2421750,-898250],[2422250,-898250],[2422250,-897250]],[[2415250,-909250],[2415750,-908750],[2415250,-908750],[2415250,-909250]],[[2415250,-909250],[2414750,-909750],[2415250,-909750],[2415250,-909250]]],[[[2402750,-836250],[2403250,-836250],[2403250,-838250],[2403750,-838250],[2403750,-838750],[2403250,-838750],[2403250,-839250],[2402750,-839250],[2402750,-839750],[2402250,-839750],[2402250,-839250],[2401750,-839250],[2401750,-838750],[2400750,-838750],[2400750,-837250],[2401250,-837250],[2401250,-836750],[2401750,-836750],[2401750,-836250],[2402250,-836250],[2402250,-835750],[2402750,-835750],[2402750,-836250]]],[[[2403750,-821750],[2403250,-821750],[2403250,-822750],[2403750,-822750],[2403750,-823250],[2404250,-823250],[2404250,-824750],[2405250,-824750],[2405250,-825250],[2405750,-825250],[2405750,-824750],[2406750,-824750],[2406750,-826750],[2407750,-826750],[2407750,-827750],[2407250,-827750],[2407250,-828250],[2405750,-828250],[2405750,-828750],[2404750,-828750],[2404750,-829250],[2404250,-829250],[2404250,-828750],[2403250,-828750],[2403250,-828250],[2402750,-828250],[2402750,-827750],[2402250,-827750],[2402250,-827250],[2401250,-827250],[2401250,-826750],[2400750,-826750],[2400750,-826250],[2400250,-826250],[2400250,-825750],[2399750,-825750],[2399750,-824750],[2400250,-824750],[2400250,-824250],[2400750,-824250],[2400750,-823750],[2401750,-823750],[2401750,-823250],[2402750,-823250],[2402750,-821250],[2403750,-821250],[2403750,-821750]],[[2400750,-825250],[2400750,-825750],[2402250,-825750],[2402250,-825250],[2402750,-825250],[2402750,-824750],[2401750,-824750],[2401750,-825250],[2400750,-825250]]]]}},{"type":"Feature","properties":{"key":"WilmaRobertDowner","name":"Wilma-Robert-Downer","area_km2":891.8,"lon":56.4904,"lat":-67.062},"geometry":{"type":"MultiPolygon","coordinates":[[[[2107750,1415250],[2107250,1411750],[2108750,1409750],[2109250,1406750],[2107250,1406750],[2105250,1405250],[2106250,1402750],[2105250,1402750],[2104750,1401750],[2091250,1402750],[2086250,1405250],[2083250,1405750],[2082250,1406750],[2076750,1407750],[2076750,1405250],[2077750,1404750],[2077750,1403750],[2082750,1400250],[2081750,1399750],[2082750,1397750],[2081250,1396750],[2080750,1394750],[2084750,1394250],[2071250,1388750],[2071250,1386750],[2074750,1386750],[2083250,1388750],[2089250,1388250],[2089250,1389250],[2100750,1388750],[2101750,1387750],[2104250,1387250],[2104750,1386250],[2110750,1384250],[2113250,1381750],[2113750,1378750],[2114750,1377750],[2117750,1378750],[2117750,1379750],[2122750,1379750],[2122750,1380750],[2124750,1380750],[2124750,1381750],[2125750,1381750],[2125750,1379750],[2127250,1379750],[2126750,1377750],[2129750,1377750],[2129750,1378750],[2131750,1378750],[2131750,1382750],[2132750,1382750],[2132750,1384750],[2128750,1385750],[2128750,1386750],[2130750,1387750],[2130750,1388750],[2129750,1388750],[2129750,1391750],[2128750,1391750],[2128250,1392750],[2125250,1392750],[2124750,1395250],[2121750,1394250],[2118750,1396250],[2116250,1402750],[2116750,1404250],[2115750,1404250],[2114750,1407250],[2111250,1411750],[2111250,1413250],[2109250,1413750],[2109250,1415250],[2107750,1415250]],[[2123250,1393750],[2123750,1394250],[2123750,1393750],[2123250,1393750]],[[2118250,1384250],[2118750,1384750],[2118750,1384250],[2118250,1384250]],[[2119750,1381250],[2120250,1381750],[2120250,1381250],[2119750,1381250]],[[2122250,1381250],[2122750,1381750],[2122750,1381250],[2122250,1381250]],[[2114250,1379750],[2115250,1380250],[2115250,1379750],[2114250,1379750]]]]}},{"type":"Feature","properties":{"key":"Swinburne","name":"Swinburne","area_km2":828.5,"lon":-153.247,"lat":-77.2982},"geometry":{"type":"MultiPolygon","coordinates":[[[[-631250,-1244750],[-630750,-1244750],[-630750,-1245250],[-630250,-1245250],[-630250,-1245750],[-629250,-1245750],[-629250,-1246250],[-628750,-1246250],[-628750,-1247250],[-629250,-1247250],[-629250,-1246750],[-629750,-1246750],[-629750,-1246250],[-630750,-1246250],[-630750,-1245750],[-631250,-1245750],[-631250,-1245250],[-631750,-1245250],[-631750,-1244250],[-632250,-1244250],[-632250,-1243750],[-631750,-1243750],[-631750,-1241750],[-631250,-1241750],[-631250,-1244750]]],[[[-633750,-1241250],[-634750,-1241750],[-633750,-1241750],[-633250,-1243250],[-634750,-1243250],[-634750,-1244250],[-635750,-1244250],[-636750,-1241250],[-640750,-1241250],[-640750,-1240250],[-642750,-1239250],[-642750,-1238250],[-641750,-1238250],[-641750,-1236250],[-639750,-1235250],[-639750,-1234250],[-640750,-1234250],[-640250,-1232250],[-638750,-1232750],[-639750,-1231250],[-641250,-1230750],[-640250,-1230250],[-641250,-1227250],[-638750,-1227250],[-637250,-1222750],[-634750,-1220750],[-634250,-1217750],[-632250,-1217750],[-630250,-1215750],[-629750,-1209250],[-627250,-1208750],[-625250,-1210750],[-625250,-1212750],[-624250,-1213250],[-623750,-1216250],[-621750,-1216250],[-618250,-1219750],[-617750,-1221750],[-616750,-1221750],[-615250,-1223750],[-612250,-1225250],[-609250,-1225750],[-607250,-1228250],[-607250,-1229750],[-608250,-1230750],[-617250,-1230250],[-619750,-1232750],[-619750,-1244250],[-618250,-1245750],[-617750,-1247750],[-615250,-1250250],[-613250,-1250750],[-612250,-1252750],[-611250,-1252750],[-608250,-1255750],[-608250,-1262250],[-609750,-1262750],[-609750,-1261250],[-610750,-1260750],[-613750,-1262250],[-615250,-1265250],[-614750,-1268750],[-613250,-1269750],[-613250,-1270750],[-611250,-1271250],[-609750,-1272750],[-608250,-1272750],[-606250,-1271750],[-604750,-1269750],[-603750,-1269750],[-604250,-1268250],[-603250,-1268250],[-601750,-1269250],[-601750,-1273250],[-599750,-1273250],[-598250,-1272250],[-597750,-1273250],[-596250,-1273250],[-595250,-1274250],[-598250,-1274250],[-598750,-1275250],[-601250,-1275250],[-601250,-1274250],[-602250,-1274250],[-602250,-1275250],[-603250,-1275250],[-603250,-1271250],[-605250,-1271250],[-606250,-1272750],[-610250,-1273750],[-613750,-1270750],[-614750,-1270750],[-616250,-1266250],[-615750,-1263750],[-618750,-1263750],[-620750,-1259250],[-622750,-1258750],[-625750,-1255250],[-625750,-1254250],[-624750,-1253750],[-625250,-1252250],[-623750,-1252750],[-623250,-1251750],[-623250,-1249250],[-624250,-1250250],[-624250,-1248750],[-626250,-1248750],[-628250,-1246750],[-626750,-1246750],[-625750,-1248250],[-623250,-1248250],[-623250,-1246250],[-624750,-1244750],[-624750,-1243250],[-626750,-1241750],[-627250,-1240250],[-630250,-1240250],[-631250,-1241750],[-631250,-1240250],[-629250,-1239250],[-630750,-1236250],[-631750,-1236750],[-631750,-1237750],[-633250,-1237750],[-632250,-1238250],[-632250,-1239250],[-633750,-1239250],[-633750,-1241250]],[[-626250,-1240750],[-623250,-1239750],[-624250,-1239250],[-624750,-1236750],[-625750,-1236750],[-624250,-1234750],[-625750,-1234750],[-626750,-1233750],[-630750,-1234250],[-628250,-1239750],[-627250,-1239750],[-627250,-1238250],[-626250,-1237750],[-626250,-1240750]],[[-631750,-1236750],[-632250,-1236250],[-632250,-1236750],[-631750,-1236750]],[[-633250,-1238250],[-633750,-1238750],[-633250,-1238750],[-633250,-1238250]],[[-625250,-1232750],[-622750,-1233750],[-622250,-1232250],[-621250,-1232750],[-620750,-1231750],[-619750,-1231750],[-620250,-1229750],[-622750,-1228250],[-623750,-1229750],[-625750,-1230250],[-625250,-1232750]],[[-625750,-1231750],[-626750,-1232250],[-625750,-1232250],[-625750,-1231750]],[[-638750,-1229250],[-638250,-1228750],[-638750,-1228750],[-638750,-1229250]],[[-639750,-1230750],[-639250,-1230250],[-639750,-1230250],[-639750,-1230750]],[[-632250,-1235750],[-631750,-1235250],[-632250,-1235250],[-632250,-1235750]],[[-614750,-1261750],[-614250,-1261250],[-614750,-1261250],[-614750,-1261750]]],[[[-632750,-1240750],[-632250,-1240750],[-632250,-1240250],[-631750,-1240250],[-631750,-1241250],[-633250,-1241250],[-633250,-1240250],[-632750,-1240250],[-632750,-1240750]]]]}},{"type":"Feature","properties":{"key":"Lillie","name":"Lillie","area_km2":766.1,"lon":163.9863,"lat":-70.7942},"geometry":{"type":"MultiPolygon","coordinates":[[[[561250,-1996250],[560250,-1997250],[560250,-1999750],[561750,-2001250],[561250,-2002750],[563250,-2004250],[564250,-2008750],[565750,-2010250],[566250,-2012750],[567750,-2013750],[568250,-2016250],[581250,-2029250],[580750,-2034250],[579750,-2035250],[580750,-2038250],[579250,-2039250],[580250,-2041250],[578750,-2041750],[578750,-2043250],[581750,-2045250],[582250,-2047250],[584750,-2049250],[585250,-2050750],[586750,-2050750],[589750,-2047750],[590250,-2051250],[590750,-2050250],[593250,-2050250],[593250,-2052250],[596250,-2052250],[597250,-2054250],[598250,-2054250],[598250,-2053250],[600250,-2053250],[600250,-2054250],[601750,-2054250],[601750,-2051250],[602750,-2051250],[602250,-2049250],[598250,-2049250],[598250,-2047250],[597250,-2047250],[597250,-2046250],[595250,-2046250],[595750,-2043250],[594250,-2043250],[594250,-2042250],[592250,-2042250],[592250,-2043250],[591250,-2043250],[591250,-2042250],[592250,-2041750],[592250,-2039750],[590750,-2038750],[590750,-2023750],[588750,-2016750],[587250,-2014750],[586750,-2012250],[585750,-2011750],[585750,-2009750],[580750,-2008750],[576250,-2003750],[575250,-2003750],[572750,-2001250],[568750,-1999750],[567250,-1997750],[561250,-1996250]],[[593750,-2044250],[594750,-2044250],[594750,-2045250],[593750,-2045250],[593750,-2044250]],[[585750,-2048250],[586750,-2048250],[586750,-2050250],[585750,-2050250],[585750,-2048250]]]]}},{"type":"Feature","properties":{"key":"Aviator","name":"Aviator","area_km2":731.1,"lon":165.3888,"lat":-73.8961},"geometry":{"type":"MultiPolygon","coordinates":[[[[420750,-1689250],[413750,-1690750],[412750,-1695250],[413250,-1696250],[414250,-1696250],[415750,-1699250],[418750,-1699250],[418250,-1700250],[421250,-1700250],[421250,-1698750],[423250,-1697750],[422750,-1699250],[424750,-1698750],[424750,-1701250],[428250,-1701750],[429750,-1699750],[429750,-1701250],[430750,-1700750],[431750,-1701250],[431750,-1702250],[432250,-1701250],[433250,-1701250],[433250,-1702250],[434750,-1702250],[434750,-1703250],[440250,-1703750],[442250,-1705250],[443250,-1705250],[444250,-1703250],[449750,-1703250],[450750,-1704250],[451250,-1706750],[452250,-1707250],[452250,-1716250],[453250,-1720250],[454250,-1721250],[454250,-1723750],[457250,-1727250],[459250,-1728250],[465250,-1728250],[464750,-1724250],[465750,-1723750],[465750,-1721750],[464750,-1720750],[464750,-1718750],[463250,-1717250],[464750,-1711250],[462250,-1707250],[462250,-1705750],[461250,-1705250],[461250,-1703750],[460250,-1703250],[460250,-1702250],[459250,-1702250],[459250,-1701250],[456250,-1697750],[455250,-1697750],[450750,-1693750],[445250,-1692750],[443750,-1691750],[438250,-1691750],[435250,-1690750],[429250,-1690750],[420750,-1689250]]]]}},{"type":"Feature","properties":{"key":"LarsenF","name":"Larsen F","area_km2":670.3,"lon":-61.2242,"lat":-74.1085},"geometry":{"type":"MultiPolygon","coordinates":[[[[-1511250,849750],[-1511250,848750],[-1509250,848750],[-1509250,847750],[-1508250,847750],[-1507250,845750],[-1505250,845750],[-1505250,844750],[-1504250,844750],[-1504250,843750],[-1502250,842250],[-1503750,839750],[-1503250,833750],[-1501750,831250],[-1502250,820750],[-1505750,816250],[-1507750,816250],[-1509250,815250],[-1511250,815750],[-1512750,817250],[-1512750,818250],[-1514250,818750],[-1514250,819750],[-1512750,819750],[-1511750,821250],[-1511750,825250],[-1512750,829250],[-1514750,831750],[-1514750,833750],[-1516750,835750],[-1516250,837250],[-1514750,836750],[-1512750,837250],[-1513250,838250],[-1511750,838750],[-1508250,838750],[-1507250,840750],[-1506250,840750],[-1506250,841750],[-1508750,841250],[-1510750,844750],[-1511750,844750],[-1511750,845750],[-1514750,847250],[-1514250,849750],[-1511250,849750]]],[[[-1529250,852750],[-1529250,851750],[-1526250,851750],[-1526250,852750],[-1525250,852750],[-1525250,851750],[-1523250,851750],[-1523250,850750],[-1520250,850750],[-1520250,849750],[-1518250,849750],[-1517250,848750],[-1518250,848250],[-1518250,847250],[-1519750,847750],[-1519750,846750],[-1521250,846750],[-1521250,845750],[-1522750,845250],[-1523250,842750],[-1526250,840250],[-1526250,839250],[-1528250,838750],[-1528750,834750],[-1531250,834250],[-1531750,835250],[-1530750,835250],[-1530750,836250],[-1533750,836250],[-1534750,834750],[-1536250,834750],[-1536250,825750],[-1539750,825250],[-1539250,830250],[-1540250,831250],[-1540750,833750],[-1545750,833250],[-1548250,831250],[-1550250,830750],[-1551250,832250],[-1551750,836250],[-1550750,837250],[-1547250,837750],[-1548250,839250],[-1547750,840750],[-1548750,841750],[-1548250,844250],[-1546750,844250],[-1543750,842250],[-1540250,842250],[-1537250,843250],[-1534750,846250],[-1534250,848250],[-1532250,849250],[-1532250,851250],[-1531250,851750],[-1531250,852750],[-1529250,852750]]]]}},{"type":"Feature","properties":{"key":"LarsenA","name":"Larsen A","area_km2":667.2,"lon":-60.5316,"lat":-65.0326},"geometry":{"type":"MultiPolygon","coordinates":[[[[-2373250,1384750],[-2375750,1381750],[-2375250,1378750],[-2376250,1378750],[-2380750,1375250],[-2384750,1374750],[-2386250,1372750],[-2388250,1372750],[-2389750,1375750],[-2392250,1375750],[-2392750,1376750],[-2394250,1376250],[-2393750,1373250],[-2394750,1371250],[-2396250,1370250],[-2397750,1366250],[-2398750,1366250],[-2399250,1365250],[-2398750,1362750],[-2401750,1361750],[-2408750,1355250],[-2408750,1354250],[-2413250,1349250],[-2413250,1347750],[-2414250,1347750],[-2414250,1350750],[-2416250,1348750],[-2420250,1348750],[-2421750,1349750],[-2421750,1348750],[-2420750,1348750],[-2419750,1345750],[-2417750,1343750],[-2417250,1340250],[-2418250,1340250],[-2418750,1339250],[-2417250,1338250],[-2414250,1338250],[-2412250,1335750],[-2411250,1335750],[-2411250,1331250],[-2412250,1330750],[-2410250,1330750],[-2409750,1332750],[-2406750,1333250],[-2406250,1334250],[-2405250,1333750],[-2403250,1335250],[-2400250,1334750],[-2400250,1335750],[-2399250,1335750],[-2400750,1336250],[-2400750,1337750],[-2401750,1337250],[-2401750,1339250],[-2400250,1340750],[-2399250,1340750],[-2399250,1341750],[-2398250,1341750],[-2398250,1343750],[-2396250,1344750],[-2395250,1348750],[-2393250,1349250],[-2393750,1351750],[-2392250,1355750],[-2393250,1359750],[-2391250,1359750],[-2391250,1360750],[-2389250,1361750],[-2391750,1362750],[-2391250,1365250],[-2390250,1365250],[-2389750,1366250],[-2383750,1366750],[-2382750,1367750],[-2382750,1369250],[-2380250,1369750],[-2380250,1372750],[-2379250,1373250],[-2377250,1372750],[-2377250,1370750],[-2374750,1370250],[-2374750,1371250],[-2373250,1371250],[-2371750,1373250],[-2370750,1373250],[-2370250,1375750],[-2368750,1377250],[-2364750,1377250],[-2363250,1378750],[-2362250,1378750],[-2360250,1381750],[-2356750,1382250],[-2359750,1382750],[-2364750,1378250],[-2371250,1377250],[-2372750,1377750],[-2374250,1379750],[-2374250,1382250],[-2372750,1383750],[-2373250,1384750]],[[-2384250,1370750],[-2382750,1370250],[-2383750,1368750],[-2384750,1368750],[-2384250,1370750]],[[-2395250,1366750],[-2393750,1366750],[-2392750,1365750],[-2393250,1363750],[-2395750,1364250],[-2395250,1366750]]]]}},{"type":"Feature","properties":{"key":"Rayner_Thyer","name":"Rayner-Thyer","area_km2":655.8,"lon":48.5181,"lat":-67.7372},"geometry":{"type":"MultiPolygon","coordinates":[[[[1829250,1643750],[1828750,1641250],[1830250,1639750],[1831250,1639750],[1831250,1637250],[1832250,1636250],[1832250,1634250],[1831250,1634250],[1830750,1631250],[1829250,1631750],[1829250,1630750],[1829750,1628750],[1830750,1628750],[1831250,1625750],[1833250,1623750],[1831250,1622750],[1826750,1623250],[1822750,1621750],[1821250,1618750],[1819250,1617750],[1818250,1616250],[1817250,1616250],[1816750,1614750],[1815250,1613750],[1813250,1609750],[1813250,1607750],[1815250,1606250],[1823250,1606750],[1823750,1607750],[1828750,1608750],[1833750,1611750],[1835250,1611750],[1837750,1613750],[1840250,1613750],[1843250,1608250],[1845750,1605750],[1846750,1605750],[1847250,1608750],[1845750,1615750],[1846250,1625250],[1847750,1626750],[1848250,1630250],[1850250,1632250],[1851750,1632250],[1853250,1633750],[1853250,1635250],[1851750,1636750],[1850750,1635750],[1848250,1636750],[1847250,1635250],[1845250,1635250],[1841250,1638250],[1838250,1639250],[1835250,1638750],[1832250,1641250],[1831750,1642750],[1830250,1642750],[1829250,1643750]]]]}},{"type":"Feature","properties":{"key":"Land","name":"Land","area_km2":650.1,"lon":-141.4698,"lat":-75.5961},"geometry":{"type":"MultiPolygon","coordinates":[[[[-980750,-1205250],[-984750,-1205750],[-984750,-1206750],[-983750,-1207250],[-985250,-1210250],[-986750,-1210250],[-986250,-1212750],[-984750,-1213750],[-983750,-1217250],[-982750,-1217750],[-983250,-1220750],[-985250,-1222750],[-984250,-1227750],[-986750,-1232750],[-990250,-1235250],[-990250,-1236250],[-989250,-1236250],[-989750,-1238750],[-990750,-1238750],[-990750,-1239750],[-991750,-1239750],[-992250,-1241250],[-995250,-1242750],[-995250,-1245250],[-990250,-1245250],[-990250,-1246250],[-989250,-1246250],[-988250,-1248250],[-985250,-1248250],[-984250,-1250250],[-981250,-1250250],[-980250,-1252250],[-978750,-1252250],[-978250,-1250750],[-978750,-1248750],[-977250,-1246750],[-977250,-1249250],[-976250,-1249250],[-976250,-1253750],[-975250,-1254250],[-975250,-1256250],[-971250,-1259750],[-972250,-1256750],[-974250,-1255250],[-974250,-1248750],[-976250,-1246750],[-976250,-1242750],[-975250,-1242250],[-973750,-1237250],[-970750,-1231750],[-970750,-1229250],[-969250,-1228750],[-969250,-1227750],[-968250,-1227250],[-968250,-1220750],[-967250,-1220750],[-967250,-1219750],[-971750,-1217250],[-971750,-1215750],[-972750,-1215750],[-972750,-1214750],[-976250,-1211750],[-977250,-1209250],[-980750,-1206250],[-980750,-1205250]],[[-977250,-1245750],[-976750,-1245250],[-976750,-1245750],[-977250,-1245750]],[[-977250,-1246750],[-976750,-1246250],[-976750,-1246750],[-977250,-1246750]],[[-979250,-1250750],[-978750,-1250250],[-978750,-1250750],[-979250,-1250750]]]]}},{"type":"Feature","properties":{"key":"Shirase","name":"Shirase","area_km2":516.7,"lon":38.5816,"lat":-70.0148},"geometry":{"type":"MultiPolygon","coordinates":[[[[1364750,1742750],[1362750,1740750],[1363750,1736750],[1361750,1734750],[1361750,1731250],[1358250,1728250],[1359750,1726250],[1358750,1723750],[1362250,1723250],[1362250,1720750],[1360250,1721750],[1361750,1718750],[1361750,1713750],[1362750,1711250],[1361250,1708750],[1360250,1709250],[1360750,1707750],[1359250,1707250],[1359250,1704750],[1360250,1704250],[1360750,1701250],[1359750,1699250],[1361750,1697750],[1360750,1697250],[1361250,1696250],[1359750,1695250],[1361250,1695250],[1362250,1693250],[1363250,1693750],[1363250,1691250],[1364750,1691750],[1364750,1690250],[1365250,1692250],[1366250,1692250],[1366250,1689250],[1367750,1687750],[1370250,1687750],[1370750,1690750],[1372250,1693250],[1371250,1700250],[1371750,1709750],[1372750,1709750],[1373750,1713750],[1375750,1714750],[1377250,1718250],[1380250,1720750],[1380250,1722250],[1379750,1721750],[1378750,1721750],[1379250,1723250],[1378250,1723250],[1378750,1724250],[1377750,1724250],[1377250,1728250],[1376250,1729250],[1374750,1729250],[1374750,1728250],[1373750,1728250],[1374250,1727250],[1372250,1726250],[1371750,1723750],[1369750,1722750],[1370250,1721750],[1368750,1720750],[1368750,1719250],[1367750,1719250],[1366750,1717750],[1367250,1716250],[1366250,1716250],[1365750,1714250],[1364250,1713250],[1363250,1711250],[1363250,1715250],[1364250,1718250],[1363250,1720250],[1364750,1722250],[1364250,1723750],[1366250,1724250],[1366250,1726250],[1365250,1726750],[1367250,1728250],[1366750,1731750],[1368750,1731250],[1368750,1738750],[1369750,1738750],[1369750,1739750],[1371750,1739750],[1371250,1741250],[1368250,1741250],[1364750,1742750]],[[1365250,1728250],[1366250,1728750],[1366250,1728250],[1365250,1728250]],[[1364750,1726750],[1365250,1727750],[1365250,1726750],[1364750,1726750]],[[1359750,1724750],[1360250,1725250],[1360250,1724750],[1359750,1724750]],[[1378250,1720750],[1378750,1721750],[1378750,1720750],[1378250,1720750]],[[1374250,1715250],[1374750,1715750],[1374750,1715250],[1374250,1715250]],[[1361250,1699250],[1361750,1699750],[1361750,1699250],[1361250,1699250]]]]}},{"type":"Feature","properties":{"key":"Lauritzen","name":"Lauritzen","area_km2":492.9,"lon":156.3149,"lat":-69.0755},"geometry":{"type":"MultiPolygon","coordinates":[[[[914750,-2109250],[911750,-2108250],[911750,-2107250],[910750,-2107250],[910750,-2106250],[908750,-2104250],[906750,-2103750],[910750,-2103250],[910250,-2104750],[914250,-2104250],[914750,-2106250],[915750,-2102750],[911250,-2101750],[908750,-2099750],[906750,-2099750],[906750,-2098750],[908750,-2097250],[908250,-2094750],[910250,-2095250],[910250,-2094250],[912250,-2094250],[913250,-2093250],[915750,-2092750],[921250,-2093250],[922750,-2096250],[925750,-2095250],[925750,-2096750],[926750,-2096750],[929250,-2099250],[929750,-2098250],[927750,-2097250],[928250,-2093750],[929250,-2093750],[929250,-2095250],[932750,-2095250],[936250,-2099750],[937250,-2104250],[938250,-2103250],[942250,-2104750],[938750,-2104750],[936250,-2105750],[937750,-2106250],[937750,-2108250],[933750,-2108250],[933750,-2110250],[932750,-2110250],[932250,-2113750],[932750,-2115750],[930750,-2115250],[929750,-2117250],[924250,-2117250],[924250,-2116250],[918750,-2116250],[918750,-2117250],[916750,-2117250],[916750,-2112250],[915750,-2112250],[914750,-2109250]],[[929250,-2099750],[928750,-2099250],[928750,-2099750],[929250,-2099750]],[[933750,-2107250],[932750,-2107250],[932750,-2108250],[933750,-2108250],[933750,-2107250]],[[935750,-2104250],[936250,-2104750],[936250,-2104250],[935750,-2104250]],[[917250,-2107250],[917750,-2107750],[917750,-2107250],[917250,-2107250]],[[916750,-2106250],[916250,-2106750],[916750,-2106750],[916750,-2106250]],[[916250,-2106750],[915750,-2107250],[916250,-2107250],[916250,-2106750]],[[916750,-2103250],[917250,-2104250],[917250,-2103250],[916750,-2103250]]]]}},{"type":"Feature","properties":{"key":"Voyeykov","name":"Voyeykov","area_km2":443.7,"lon":124.4558,"lat":-66.6348},"geometry":{"type":"MultiPolygon","coordinates":[[[[2103750,-1484250],[2104250,-1484250],[2104250,-1484750],[2104750,-1484750],[2104750,-1485250],[2104250,-1485250],[2104250,-1486250],[2103750,-1486250],[2103750,-1484750],[2103250,-1484750],[2103250,-1482250],[2103750,-1482250],[2103750,-1484250]]],[[[2102750,-1480250],[2102250,-1480250],[2102250,-1480750],[2101750,-1480750],[2101750,-1479750],[2102250,-1479750],[2102250,-1479250],[2101750,-1479250],[2101750,-1478750],[2102250,-1478750],[2102250,-1477250],[2102750,-1477250],[2102750,-1480250]]],[[[2107250,-1464250],[2106750,-1464250],[2106750,-1465250],[2105750,-1465250],[2105750,-1464250],[2106250,-1464250],[2106250,-1463750],[2107250,-1463750],[2107250,-1464250]]],[[[2106250,-1463250],[2106250,-1463750],[2104750,-1463750],[2104750,-1463250],[2104250,-1463250],[2104250,-1462250],[2105250,-1462250],[2105250,-1461750],[2105750,-1461750],[2105750,-1463250],[2106250,-1463250]]],[[[2117750,-1448250],[2117250,-1447250],[2120250,-1448750],[2121750,-1448250],[2122250,-1449750],[2126750,-1449250],[2129250,-1451750],[2129250,-1450750],[2132750,-1448750],[2132750,-1446750],[2133750,-1446750],[2135250,-1445250],[2135250,-1443250],[2136750,-1442250],[2136750,-1439750],[2137250,-1441750],[2138250,-1441750],[2140250,-1443750],[2140250,-1446750],[2139750,-1448250],[2138750,-1448250],[2137750,-1453250],[2135750,-1454250],[2136250,-1456250],[2134750,-1457250],[2134750,-1456250],[2133750,-1455750],[2132250,-1457250],[2136250,-1457750],[2135750,-1459250],[2133750,-1460250],[2133750,-1461250],[2129750,-1461250],[2129750,-1462250],[2127750,-1462250],[2127750,-1463250],[2126750,-1462750],[2126250,-1463750],[2123750,-1463750],[2123250,-1461750],[2122250,-1462750],[2118750,-1459750],[2115750,-1459750],[2115750,-1460750],[2117250,-1461250],[2119250,-1464750],[2118750,-1466250],[2116750,-1466750],[2115750,-1468250],[2113750,-1468250],[2114750,-1464250],[2113750,-1464250],[2112750,-1466250],[2111250,-1466250],[2111250,-1465250],[2107750,-1462250],[2107750,-1461250],[2104750,-1461250],[2104250,-1458750],[2105750,-1457750],[2104750,-1455250],[2105250,-1454250],[2106750,-1454750],[2107250,-1452750],[2108750,-1452750],[2109250,-1450250],[2111750,-1450750],[2111750,-1449750],[2113250,-1449750],[2114250,-1448750],[2114250,-1445750],[2115750,-1445750],[2115750,-1447750],[2116750,-1448250],[2116750,-1449250],[2117750,-1448250]],[[2115750,-1464250],[2115750,-1463250],[2114750,-1463250],[2114750,-1464250],[2115750,-1464250]],[[2117250,-1449250],[2117750,-1449750],[2117750,-1449250],[2117250,-1449250]],[[2129250,-1454250],[2127250,-1456250],[2129250,-1455250],[2129250,-1454250]],[[2122250,-1459750],[2121750,-1459250],[2121750,-1459750],[2122250,-1459750]],[[2123250,-1460250],[2122750,-1459250],[2122750,-1460250],[2123250,-1460250]],[[2124750,-1462750],[2124250,-1462250],[2124250,-1462750],[2124750,-1462750]],[[2116250,-1465250],[2115750,-1464750],[2115750,-1465250],[2116250,-1465250]]]]}},{"type":"Feature","properties":{"key":"Tucker","name":"Tucker","area_km2":440.0,"lon":169.6664,"lat":-72.6248},"geometry":{"type":"MultiPolygon","coordinates":[[[[346250,-1852750],[345750,-1854750],[344750,-1855250],[345250,-1861750],[344250,-1862250],[344250,-1865750],[342750,-1867250],[338250,-1866750],[337750,-1865750],[336250,-1865750],[334250,-1864250],[333750,-1865750],[327250,-1864250],[324250,-1865750],[323750,-1870250],[325750,-1870250],[325750,-1872250],[327250,-1872750],[326250,-1873250],[326250,-1874750],[327250,-1874750],[328250,-1876250],[331250,-1876750],[331750,-1878250],[334250,-1878750],[334750,-1880250],[345250,-1879250],[348750,-1881250],[354750,-1882750],[356250,-1881250],[356250,-1880250],[357250,-1880250],[357750,-1879250],[360750,-1879250],[361250,-1878250],[356750,-1878250],[356250,-1877250],[352250,-1876750],[351250,-1875250],[350250,-1875250],[350750,-1869750],[349750,-1867750],[350750,-1866750],[349250,-1865750],[349250,-1864250],[350250,-1861750],[350750,-1855250],[350250,-1854250],[349250,-1854250],[348750,-1852750],[346250,-1852750]]]]}},{"type":"Feature","properties":{"key":"Edward_VIII","name":"Edward VIII","area_km2":411.4,"lon":56.4521,"lat":-66.7235},"geometry":{"type":"MultiPolygon","coordinates":[[[[2143750,1437750],[2140750,1437250],[2139250,1435250],[2136750,1435750],[2136250,1434750],[2134250,1434250],[2133250,1430250],[2131750,1429750],[2132250,1424750],[2130750,1424250],[2130250,1422750],[2132250,1420750],[2133750,1420750],[2133750,1416750],[2135750,1414750],[2135250,1413250],[2133750,1412250],[2131750,1414750],[2129250,1414750],[2125750,1412750],[2124250,1410250],[2123250,1405250],[2126250,1403750],[2126250,1402250],[2128250,1402250],[2129750,1400750],[2131250,1401750],[2131750,1403250],[2132750,1403250],[2132250,1404250],[2133250,1404250],[2133750,1405250],[2135750,1404750],[2135750,1402750],[2140750,1402750],[2140750,1401750],[2142250,1401750],[2143250,1402750],[2142250,1403750],[2144750,1403750],[2143750,1408750],[2145250,1410250],[2145250,1411750],[2144250,1412250],[2143750,1415750],[2140750,1417250],[2141250,1420250],[2143250,1423750],[2143250,1427750],[2142250,1428250],[2142250,1435250],[2143750,1437750]],[[2140750,1434750],[2141250,1436250],[2141250,1434750],[2140750,1434750]]]]}},{"type":"Feature","properties":{"key":"LarsenG","name":"Larsen G","area_km2":402.5,"lon":-61.8121,"lat":-74.5836},"geometry":{"type":"MultiPolygon","coordinates":[[[[-1466250,787250],[-1466250,786750],[-1468250,786750],[-1468250,787250],[-1466250,787250]]],[[[-1484250,807750],[-1482250,809250],[-1482250,808250],[-1481250,808750],[-1481250,804750],[-1480250,804750],[-1479750,806750],[-1479250,805750],[-1478250,805750],[-1478250,804750],[-1477250,804750],[-1477250,803750],[-1476250,803750],[-1476250,802750],[-1474750,801750],[-1474750,800250],[-1475750,798250],[-1478750,797250],[-1475750,796750],[-1475750,794750],[-1474250,793250],[-1471250,793750],[-1471250,792250],[-1468250,791250],[-1468250,787250],[-1469750,787750],[-1471250,786750],[-1474250,786750],[-1476250,788750],[-1481250,788750],[-1482750,789750],[-1487250,789750],[-1491250,787750],[-1493250,787750],[-1494250,788750],[-1498750,788250],[-1501250,789750],[-1501250,791750],[-1499750,793750],[-1499750,795250],[-1498750,795250],[-1497750,797250],[-1496750,797250],[-1494750,799750],[-1492750,799750],[-1492750,800750],[-1491250,801250],[-1491250,803750],[-1490750,804750],[-1489750,804750],[-1489750,806250],[-1487750,806750],[-1485250,805750],[-1484250,807750]],[[-1477250,798250],[-1477750,798750],[-1477750,798250],[-1477250,798250]],[[-1484250,807250],[-1482750,806750],[-1482750,807750],[-1484250,807250]]]]}},{"type":"Feature","properties":{"key":"Mendelssohn","name":"Mendelssohn","area_km2":378.7,"lon":-72.7256,"lat":-71.3179},"geometry":{"type":"MultiPolygon","coordinates":[[[[-1961750,586250],[-1962750,586250],[-1962750,585750],[-1963250,585750],[-1963250,586750],[-1961750,586750],[-1961750,586250]]],[[[-1959750,589750],[-1960250,589750],[-1960250,591750],[-1959750,591750],[-1959750,589750]]],[[[-1971750,601750],[-1971750,602250],[-1969750,602250],[-1969750,601750],[-1971750,601750]]],[[[-1969750,602250],[-1966750,603250],[-1966750,604250],[-1965250,604750],[-1965250,605750],[-1964250,605750],[-1962750,608250],[-1961250,608250],[-1959750,609750],[-1957750,615750],[-1955750,617250],[-1956250,618250],[-1953750,619250],[-1953250,620750],[-1952250,620750],[-1952250,621750],[-1951250,622250],[-1951750,624250],[-1950750,623250],[-1950750,624250],[-1948750,625750],[-1948750,624750],[-1947750,624750],[-1947250,623750],[-1944250,624250],[-1944250,622750],[-1943250,623250],[-1945250,618750],[-1946750,617250],[-1946750,615250],[-1947750,614750],[-1948750,611750],[-1948250,609750],[-1944750,607750],[-1944750,603750],[-1947750,602750],[-1947250,601250],[-1949250,601250],[-1953250,599250],[-1956250,596250],[-1956250,595250],[-1957250,595250],[-1959250,591750],[-1959750,594750],[-1960750,595750],[-1962250,595250],[-1962250,596250],[-1966250,598250],[-1968750,600750],[-1968750,601750],[-1969750,602250]],[[-1952750,606250],[-1952750,603750],[-1950250,604750],[-1950250,606250],[-1952750,606250]]]]}},{"type":"Feature","properties":{"key":"Hannan","name":"Hannan","area_km2":319.4,"lon":47.4823,"lat":-67.5596},"geometry":{"type":"MultiPolygon","coordinates":[[[[1813750,1662750],[1814250,1661750],[1815750,1661250],[1815750,1660250],[1817750,1659750],[1818250,1658250],[1820750,1655750],[1822250,1655750],[1822750,1654750],[1824250,1654750],[1827250,1651750],[1829750,1651750],[1830250,1652250],[1830250,1650750],[1828750,1650750],[1828750,1646750],[1829250,1646250],[1826750,1646250],[1826250,1647250],[1823250,1647750],[1823250,1648250],[1821750,1648250],[1821750,1648750],[1814250,1648750],[1814250,1649250],[1812750,1649250],[1811750,1650250],[1811750,1652250],[1812250,1652750],[1814250,1652750],[1814250,1653250],[1815750,1653250],[1816750,1652250],[1817750,1652750],[1817750,1653750],[1816750,1654250],[1816750,1655750],[1815250,1656250],[1814750,1658750],[1813250,1659750],[1813250,1660750],[1812250,1661750],[1812250,1662750],[1813750,1662750]]],[[[1809750,1686250],[1809750,1685750],[1812750,1686250],[1813250,1685250],[1817250,1683750],[1818750,1682250],[1820750,1682250],[1821250,1681250],[1826250,1681750],[1826250,1681250],[1830250,1680750],[1830750,1679750],[1829750,1679750],[1829250,1676750],[1827250,1676250],[1827250,1674750],[1825750,1672750],[1826250,1670750],[1819750,1669750],[1818750,1668750],[1815250,1669250],[1814750,1673750],[1817250,1673750],[1817250,1674250],[1816750,1674250],[1816750,1675750],[1815250,1675750],[1811250,1680250],[1807750,1681750],[1807250,1685750],[1809750,1686250]]]]}},{"type":"Feature","properties":{"key":"Zubchatyy","name":"Zubchatyy","area_km2":299.4,"lon":49.0867,"lat":-67.2282},"geometry":{"type":"MultiPolygon","coordinates":[[[[1885750,1651250],[1885250,1649250],[1881750,1648250],[1881250,1644750],[1882750,1644750],[1882250,1643250],[1882750,1641750],[1883750,1641750],[1884250,1640250],[1887750,1639250],[1888750,1635750],[1889750,1635750],[1890250,1634750],[1891750,1635250],[1892250,1633750],[1893250,1633750],[1892750,1630250],[1895250,1630250],[1895750,1629250],[1898250,1628750],[1897750,1631750],[1899250,1631750],[1898250,1632750],[1898250,1634750],[1900250,1635250],[1900750,1634250],[1901750,1634250],[1902250,1630250],[1900750,1628750],[1900750,1627250],[1902750,1627750],[1905250,1632750],[1904750,1636750],[1902750,1638750],[1902750,1639750],[1901750,1639250],[1901250,1640750],[1899250,1641250],[1899250,1642250],[1897250,1643250],[1897250,1643750],[1901250,1643750],[1902250,1644750],[1902250,1648750],[1900750,1649250],[1900250,1648250],[1896750,1648250],[1896250,1649250],[1891250,1651250],[1885750,1651250]],[[1902250,1629750],[1902750,1630250],[1902750,1629750],[1902250,1629750]]]]}},{"type":"Feature","properties":{"key":"Slava","name":"Slava","area_km2":286.2,"lon":154.8444,"lat":-68.7362},"geometry":{"type":"MultiPolygon","coordinates":[[[[999250,-2115250],[1000250,-2114250],[1000750,-2111750],[1000750,-2104250],[1002750,-2103750],[1003750,-2108250],[1003250,-2112750],[1005750,-2112750],[1005750,-2113750],[1004250,-2114250],[1007250,-2115250],[1007750,-2116750],[1009250,-2116750],[1010250,-2117750],[1010250,-2120750],[1003250,-2121250],[1002250,-2125250],[1001750,-2124250],[999750,-2125250],[997750,-2123750],[992250,-2122250],[990750,-2121250],[991750,-2120250],[991250,-2119250],[992250,-2118750],[992250,-2117750],[990750,-2117250],[990250,-2118250],[988250,-2118250],[987750,-2119250],[987750,-2118250],[985750,-2118250],[984250,-2116750],[981250,-2116750],[983250,-2115750],[985750,-2116750],[986250,-2115250],[981250,-2110750],[979250,-2110750],[979750,-2112250],[981750,-2113250],[981750,-2114250],[979750,-2115250],[980250,-2114250],[979250,-2111750],[976250,-2111250],[974750,-2106250],[977250,-2107750],[978250,-2103250],[980250,-2102750],[983250,-2105250],[983250,-2106750],[984250,-2107250],[983750,-2108250],[987750,-2110250],[989750,-2112750],[991250,-2113250],[991750,-2114750],[996250,-2115750],[997750,-2114250],[998750,-2114250],[999250,-2115250]],[[998750,-2115250],[998250,-2115750],[998750,-2115750],[998750,-2115250]],[[980250,-2113250],[980750,-2113750],[980750,-2113250],[980250,-2113250]]],[[[966750,-2104250],[966750,-2104750],[967250,-2104750],[967250,-2105250],[967750,-2105250],[967750,-2105750],[968750,-2105750],[968750,-2105250],[969250,-2105250],[969250,-2104750],[972250,-2104750],[972250,-2104250],[973250,-2104250],[973250,-2105250],[971750,-2105250],[971750,-2106250],[966750,-2106250],[966750,-2105250],[965750,-2105250],[965750,-2104250],[966750,-2104250]]]]}},{"type":"Feature","properties":{"key":"Fitzgerald","name":"Fitzgerald","area_km2":276.7,"lon":166.4039,"lat":-73.6664},"geometry":{"type":"MultiPolygon","coordinates":[[[[414750,-1723750],[411250,-1727750],[407750,-1729750],[408250,-1730750],[407250,-1731250],[408750,-1732250],[408250,-1733250],[409750,-1733250],[410750,-1734250],[410750,-1736250],[413750,-1736250],[413750,-1739250],[415250,-1739250],[416250,-1738250],[416250,-1736750],[416750,-1738250],[417750,-1737750],[416750,-1739750],[416750,-1741250],[417750,-1740250],[418250,-1741750],[418250,-1742750],[417250,-1743250],[417750,-1745250],[418750,-1744250],[418750,-1745750],[420250,-1746250],[419750,-1744750],[421250,-1744250],[424750,-1748750],[428750,-1749250],[428250,-1744250],[429750,-1744250],[429750,-1742750],[428250,-1742250],[428750,-1741250],[427750,-1741250],[427750,-1740250],[430250,-1738750],[430250,-1737250],[425750,-1734750],[424750,-1733250],[427250,-1730750],[423250,-1730750],[422250,-1729250],[419750,-1729250],[419750,-1728250],[417750,-1728750],[417750,-1726250],[416750,-1727250],[416750,-1724750],[415750,-1724750],[415750,-1723750],[414750,-1723750]],[[415250,-1725250],[415750,-1724750],[415750,-1725250],[415250,-1725250]],[[414250,-1725750],[415250,-1725250],[415250,-1725750],[414250,-1725750]],[[421250,-1730250],[421750,-1729750],[421750,-1730250],[421250,-1730250]],[[420750,-1731250],[421250,-1730250],[421250,-1731250],[420750,-1731250]],[[418750,-1742750],[419750,-1742750],[419750,-1744750],[419250,-1744750],[418750,-1742750]]]]}},{"type":"Feature","properties":{"key":"Hull","name":"Hull","area_km2":266.4,"lon":-137.064,"lat":-75.102},"geometry":{"type":"MultiPolygon","coordinates":[[[[-1102750,-1205250],[-1102750,-1205750],[-1101250,-1205750],[-1101250,-1206250],[-1104250,-1206250],[-1104250,-1205250],[-1102750,-1205250]]],[[[-1103750,-1203750],[-1105750,-1202250],[-1106250,-1203250],[-1108250,-1203250],[-1108250,-1202250],[-1110250,-1202250],[-1111250,-1200250],[-1114250,-1200250],[-1114250,-1198250],[-1115250,-1198250],[-1114316,-1197787],[-1112250,-1191750],[-1112750,-1184750],[-1113750,-1184250],[-1113750,-1183250],[-1117250,-1181750],[-1117250,-1180750],[-1118750,-1179750],[-1119250,-1177250],[-1117750,-1175250],[-1114750,-1175250],[-1112750,-1176750],[-1109750,-1184250],[-1107250,-1183750],[-1106750,-1185250],[-1105750,-1185250],[-1105250,-1186250],[-1102750,-1184750],[-1101750,-1185250],[-1101750,-1186750],[-1102750,-1186250],[-1102750,-1187250],[-1101750,-1187250],[-1102250,-1199250],[-1100750,-1199250],[-1100250,-1202750],[-1099750,-1203750],[-1098750,-1203750],[-1098750,-1204750],[-1101250,-1205250],[-1101250,-1203750],[-1103750,-1203750]]]]}},{"type":"Feature","properties":{"key":"Mulebreen","name":"Mulebreen","area_km2":249.1,"lon":59.4048,"lat":-67.4739},"geometry":{"type":"MultiPolygon","coordinates":[[[[2131250,1274250],[2129750,1272250],[2127750,1271750],[2127750,1269750],[2126250,1268250],[2126250,1267250],[2127250,1266750],[2126250,1265750],[2127750,1265750],[2127750,1262750],[2126250,1262750],[2126250,1259250],[2127250,1258750],[2127250,1257250],[2125750,1256250],[2125750,1255250],[2127750,1254750],[2128250,1251750],[2129750,1251750],[2130250,1253750],[2131250,1254250],[2131750,1253250],[2130250,1251750],[2133750,1250750],[2134750,1249250],[2138250,1248750],[2140750,1250750],[2140750,1251750],[2142250,1252250],[2142250,1253750],[2139750,1252750],[2140750,1255750],[2136250,1256250],[2137750,1260750],[2137250,1264750],[2139750,1267750],[2140750,1267750],[2140750,1270750],[2139250,1272250],[2134250,1272250],[2134750,1271250],[2132750,1270250],[2132750,1273750],[2131250,1274250]],[[2128250,1264250],[2128750,1264750],[2128750,1264250],[2128250,1264250]],[[2132250,1253750],[2133250,1253750],[2133250,1252750],[2132750,1252750],[2132250,1253750]]]]}},{"type":"Feature","properties":{"key":"GeikieInlet","name":"Geikie Inlet","area_km2":249.0,"lon":162.587,"lat":-75.5694},"geometry":{"type":"MultiPolygon","coordinates":[[[[475750,-1490750],[474250,-1491250],[473250,-1493750],[472250,-1493750],[472250,-1492250],[471250,-1491750],[469750,-1492750],[469750,-1495750],[467750,-1500250],[467250,-1504250],[466750,-1505250],[463750,-1505750],[462750,-1507750],[462750,-1514750],[464750,-1518250],[467750,-1518250],[468750,-1517250],[468750,-1513750],[467750,-1512750],[467750,-1510750],[467250,-1509750],[465250,-1509250],[465250,-1508250],[468750,-1508250],[468750,-1509250],[469750,-1509250],[470750,-1511250],[474750,-1512250],[474750,-1510250],[475750,-1510250],[475750,-1505250],[478750,-1503750],[480250,-1501750],[479250,-1493250],[475750,-1490750]]]]}},{"type":"Feature","properties":{"key":"Matusevitch","name":"Matusevitch","area_km2":238.4,"lon":157.3335,"lat":-69.222},"geometry":{"type":"MultiPolygon","coordinates":[[[[870250,-2092750],[869250,-2094750],[869250,-2100250],[871250,-2102250],[871250,-2107250],[872250,-2106250],[871750,-2105250],[872250,-2103250],[872750,-2105750],[874250,-2106250],[873750,-2108250],[875750,-2108250],[876250,-2109250],[877250,-2109250],[877250,-2110250],[879250,-2111250],[880750,-2114250],[881750,-2114250],[881750,-2115250],[883250,-2115750],[883250,-2117250],[884250,-2117250],[884250,-2118250],[885750,-2118250],[886250,-2120250],[887250,-2120250],[887250,-2119250],[888250,-2118750],[887750,-2117750],[888750,-2116750],[887750,-2116250],[887750,-2114250],[886750,-2114250],[886750,-2113250],[888750,-2112250],[888250,-2107750],[885250,-2105750],[883250,-2100750],[881250,-2100250],[878750,-2098250],[878750,-2096250],[877750,-2095750],[877750,-2094750],[875750,-2094250],[877250,-2095750],[876250,-2096750],[874750,-2095250],[874750,-2094250],[872750,-2094250],[871250,-2092750],[870250,-2092750]]]]}},{"type":"Feature","properties":{"key":"Frost","name":"Frost","area_km2":233.8,"lon":128.6674,"lat":-67.041},"geometry":{"type":"MultiPolygon","coordinates":[[[[1962250,-1591250],[1960750,-1592250],[1960250,-1594750],[1959250,-1595750],[1959750,-1603750],[1960750,-1606250],[1962750,-1606250],[1963750,-1607750],[1964750,-1607750],[1964750,-1610250],[1965250,-1610250],[1964750,-1611750],[1966750,-1613750],[1966750,-1614750],[1964750,-1612750],[1960250,-1610750],[1960250,-1606250],[1958750,-1604750],[1958250,-1599250],[1955250,-1596250],[1955250,-1593750],[1956250,-1592750],[1959250,-1592750],[1961750,-1590250],[1962250,-1591250]]],[[[1983750,-1564750],[1982250,-1565250],[1982250,-1566250],[1981250,-1566250],[1981250,-1567250],[1982250,-1568250],[1981750,-1568250],[1981750,-1569250],[1980750,-1570250],[1980750,-1572250],[1979750,-1572250],[1979750,-1574250],[1978750,-1574250],[1978750,-1577250],[1977750,-1577250],[1977750,-1581250],[1975750,-1581250],[1975250,-1582750],[1974750,-1582750],[1974750,-1581250],[1974250,-1581250],[1974250,-1582250],[1973750,-1582250],[1973750,-1581250],[1972750,-1581250],[1972750,-1582250],[1971250,-1581750],[1971250,-1582750],[1970250,-1583750],[1969250,-1583750],[1969750,-1582250],[1970750,-1581750],[1970750,-1580750],[1968750,-1578750],[1967250,-1574250],[1968750,-1573250],[1969250,-1571750],[1971750,-1571750],[1972750,-1573750],[1974250,-1573750],[1974250,-1570250],[1973750,-1570250],[1973750,-1568750],[1973250,-1568750],[1973250,-1566250],[1974250,-1565250],[1978750,-1565250],[1978750,-1564750],[1981250,-1564750],[1981250,-1564250],[1983750,-1564250],[1983750,-1564750]]],[[[1988250,-1558750],[1989250,-1558750],[1989250,-1559250],[1989750,-1559250],[1989750,-1559750],[1989250,-1559750],[1989250,-1560250],[1988750,-1560250],[1988750,-1560750],[1988250,-1560750],[1988250,-1561750],[1987750,-1561750],[1987750,-1562250],[1987250,-1562250],[1987250,-1562750],[1986750,-1562750],[1986750,-1563250],[1985750,-1563250],[1985750,-1562250],[1985250,-1562250],[1985250,-1561750],[1984750,-1561750],[1984750,-1560750],[1984250,-1560750],[1984250,-1560250],[1984750,-1560250],[1984750,-1558750],[1985750,-1558750],[1985750,-1558250],[1988250,-1558250],[1988250,-1558750]]],[[[1990750,-1559250],[1990750,-1558750],[1990250,-1558750],[1990250,-1558250],[1991250,-1558250],[1991250,-1557750],[1991750,-1557750],[1991750,-1557250],[1991250,-1557250],[1991250,-1556750],[1991750,-1556750],[1991750,-1555250],[1992250,-1555250],[1992250,-1554750],[1993250,-1554750],[1993250,-1554250],[1993750,-1554250],[1993750,-1553750],[1994250,-1553750],[1994250,-1553250],[1994750,-1553250],[1994750,-1552750],[1995250,-1552750],[1995250,-1552250],[1997562,-1552250],[1997494,-1552750],[1996750,-1552750],[1996750,-1553250],[1995250,-1553250],[1995250,-1553750],[1994750,-1553750],[1994750,-1554750],[1994250,-1554750],[1994250,-1555250],[1993750,-1555250],[1993750,-1556750],[1993250,-1556750],[1993250,-1557250],[1993750,-1557250],[1993750,-1557750],[1993250,-1557750],[1993250,-1558250],[1992250,-1558250],[1992250,-1558750],[1991250,-1558750],[1991250,-1559750],[1990750,-1559750],[1990750,-1560250],[1990250,-1560250],[1990250,-1559250],[1990750,-1559250]]]]}},{"type":"Feature","properties":{"key":"Helen","name":"Helen","area_km2":221.9,"lon":93.8952,"lat":-66.649},"geometry":{"type":"MultiPolygon","coordinates":[[[[2571750,-164750],[2569750,-165750],[2568250,-168250],[2564750,-167250],[2564750,-166750],[2563750,-167750],[2561750,-167750],[2561250,-166750],[2560250,-167250],[2559750,-166250],[2558250,-166250],[2557750,-168250],[2561250,-171250],[2560250,-171750],[2560250,-174250],[2559250,-175250],[2560250,-176250],[2558250,-176750],[2558250,-178250],[2556750,-178250],[2555250,-179750],[2555750,-182250],[2557250,-183750],[2562250,-185750],[2562750,-184250],[2564750,-184250],[2564750,-182250],[2565750,-182250],[2565750,-180250],[2567750,-180250],[2567750,-179250],[2568750,-179250],[2568750,-178250],[2569750,-178250],[2569750,-177250],[2570750,-177250],[2570750,-176250],[2571750,-176250],[2572750,-174250],[2575750,-174250],[2575750,-173250],[2576750,-173250],[2575750,-171250],[2577750,-171250],[2577750,-169750],[2576750,-168750],[2574750,-168750],[2574750,-168250],[2573750,-168750],[2572750,-167250],[2570250,-167250],[2570250,-166250],[2572250,-165750],[2571750,-164750]]]]}},{"type":"Feature","properties":{"key":"May_Glacier","name":"May Glacier","area_km2":218.2,"lon":130.3947,"lat":-66.2014},"geometry":{"type":"MultiPolygon","coordinates":[[[[2001250,-1683750],[2000750,-1688250],[1999250,-1688250],[1999750,-1692250],[2001250,-1692750],[2000250,-1697750],[2001750,-1698750],[2003250,-1698250],[2003250,-1699250],[2004250,-1699250],[2004250,-1698250],[2005750,-1698250],[2005750,-1699250],[2004750,-1699250],[2004750,-1701250],[2005750,-1701250],[2005750,-1704250],[2004750,-1704250],[2003750,-1706250],[1999750,-1706250],[1999750,-1705250],[1998750,-1705250],[1998750,-1706250],[1995750,-1706250],[1995750,-1710250],[1994750,-1710250],[1991750,-1713250],[1991750,-1715250],[1990250,-1715250],[1991250,-1712750],[1990250,-1708750],[1991750,-1708250],[1991750,-1707250],[1992750,-1707250],[1992750,-1705250],[1991750,-1705250],[1991750,-1701750],[1990250,-1701750],[1990250,-1700750],[1991250,-1700250],[1990750,-1695750],[1991750,-1695250],[1991750,-1693750],[1992750,-1694250],[1993250,-1693250],[1992750,-1690750],[1993750,-1689750],[1995250,-1690250],[1997250,-1687750],[1997750,-1685250],[1999250,-1685250],[2001250,-1683750]],[[1999750,-1685250],[2000250,-1685750],[2000250,-1685250],[1999750,-1685250]],[[1998750,-1686250],[1999250,-1686750],[1999250,-1686250],[1998750,-1686250]],[[1998250,-1688250],[1998750,-1688750],[1998750,-1688250],[1998250,-1688250]]],[[[1999750,-1683750],[1999750,-1684250],[1999250,-1684250],[1999250,-1682250],[1998750,-1682250],[1998750,-1682750],[1998250,-1682750],[1998250,-1681250],[1998750,-1681250],[1998750,-1680750],[1998250,-1680750],[1998250,-1679666],[1999229,-1680972],[1999599,-1682906],[1999750,-1682690],[1999750,-1683250],[2000250,-1683250],[2000250,-1683750],[1999750,-1683750]]]]}},{"type":"Feature","properties":{"key":"Brahms","name":"Brahms","area_km2":214.1,"lon":-73.6529,"lat":-71.4817},"geometry":{"type":"MultiPolygon","coordinates":[[[[-1958250,573250],[-1956250,573750],[-1955250,572750],[-1952250,572750],[-1948750,574750],[-1945250,574750],[-1944750,575750],[-1942750,575750],[-1941750,576750],[-1941250,579250],[-1937250,579250],[-1937750,576250],[-1932750,574750],[-1932750,572250],[-1933750,572250],[-1933250,570750],[-1934750,571250],[-1935250,570250],[-1939250,570250],[-1940250,569250],[-1941750,569250],[-1942250,567250],[-1945250,567250],[-1944750,566250],[-1949250,566250],[-1950250,565250],[-1951750,565250],[-1951750,564250],[-1953750,563750],[-1953750,562750],[-1956250,561750],[-1957250,566750],[-1958250,568250],[-1958250,573250]]],[[[-1959250,573250],[-1959250,572750],[-1960750,572750],[-1960750,573250],[-1961750,573250],[-1961750,575750],[-1962250,575750],[-1962250,576250],[-1962750,576250],[-1962750,576750],[-1963750,576750],[-1963750,577250],[-1964250,577250],[-1964250,578250],[-1963750,578250],[-1963750,578750],[-1963250,578750],[-1963250,577250],[-1962250,577250],[-1962250,576750],[-1961750,576750],[-1961750,576250],[-1961250,576250],[-1961250,574250],[-1960750,574250],[-1960750,573750],[-1958250,573750],[-1958250,573250],[-1959250,573250]]]]}},{"type":"Feature","properties":{"key":"Wordie","name":"Wordie","area_km2":212.8,"lon":-67.2742,"lat":-69.3093},"geometry":{"type":"MultiPolygon","coordinates":[[[[-2097250,848750],[-2096750,848750],[-2096750,845750],[-2098250,845750],[-2098250,846750],[-2099750,846750],[-2099750,847250],[-2100250,847250],[-2100250,847750],[-2099250,847750],[-2099250,848250],[-2098250,848250],[-2098250,848750],[-2097750,848750],[-2097750,849750],[-2097250,849750],[-2097250,848750]]],[[[-2087250,875750],[-2086250,871750],[-2084250,871250],[-2083750,872750],[-2081750,873250],[-2079250,870750],[-2078250,870750],[-2078750,868250],[-2077750,867250],[-2077750,865750],[-2078750,865250],[-2078750,864250],[-2079750,864750],[-2079750,863250],[-2085250,862750],[-2085750,861750],[-2086750,861750],[-2087750,860750],[-2088750,861250],[-2088750,860750],[-2090750,860250],[-2091250,858750],[-2093750,858250],[-2090250,861750],[-2090250,863750],[-2091750,865250],[-2091750,866750],[-2090750,866750],[-2090750,868750],[-2091750,868750],[-2091750,869750],[-2092750,869750],[-2092750,871750],[-2091750,871750],[-2091750,873250],[-2091250,873250],[-2090750,871750],[-2090250,871750],[-2090250,873250],[-2090750,873250],[-2090750,875250],[-2092250,875250],[-2092250,876750],[-2091750,876750],[-2091750,875750],[-2087250,875750]]],[[[-2130250,897750],[-2130250,896250],[-2130750,896250],[-2130750,895750],[-2131750,895750],[-2131750,896250],[-2131250,896250],[-2131250,898250],[-2130750,898250],[-2130750,897750],[-2130250,897750]]],[[[-2129250,899750],[-2129250,899250],[-2129750,899250],[-2129750,898750],[-2130250,898750],[-2130250,898250],[-2130750,898250],[-2130750,899250],[-2130250,899250],[-2130250,900250],[-2128750,900250],[-2128750,899750],[-2129250,899750]]],[[[-2126750,902250],[-2126750,901750],[-2127250,901750],[-2127250,901250],[-2128250,901250],[-2128250,902250],[-2127750,902250],[-2127750,902750],[-2126750,902750],[-2126750,903250],[-2126250,903250],[-2126250,902250],[-2126750,902250]]],[[[-2111250,907250],[-2111250,905250],[-2110750,905250],[-2110750,905750],[-2110250,905750],[-2110250,904750],[-2110750,904750],[-2110750,902250],[-2111250,902250],[-2111250,901750],[-2111750,901750],[-2111750,902750],[-2112750,902750],[-2112750,903250],[-2115750,903250],[-2115750,902750],[-2116750,902750],[-2116750,902250],[-2116250,902250],[-2116250,901750],[-2115750,901750],[-2115750,901250],[-2116250,901250],[-2116250,900750],[-2118250,900750],[-2118250,900250],[-2118750,900250],[-2118750,901750],[-2117750,901750],[-2117750,903750],[-2118250,903750],[-2118250,904750],[-2117750,904750],[-2117750,905750],[-2117250,905750],[-2117250,906750],[-2116750,906750],[-2116750,907250],[-2111250,907250]]],[[[-2118750,905250],[-2118750,903750],[-2119250,903750],[-2119250,902750],[-2119750,902750],[-2119750,904750],[-2120750,904750],[-2120750,907250],[-2121250,907250],[-2121250,906750],[-2121750,906750],[-2121750,907250],[-2122750,907250],[-2122750,906750],[-2124250,906750],[-2124250,906250],[-2124750,906250],[-2124750,905750],[-2125250,905750],[-2125250,905250],[-2125750,905250],[-2125750,908750],[-2125250,908750],[-2125250,908250],[-2124750,908250],[-2124750,907250],[-2123750,907250],[-2123750,907750],[-2120750,907750],[-2120750,908250],[-2120250,908250],[-2120250,908750],[-2119750,908750],[-2119750,909250],[-2117250,909250],[-2117250,906750],[-2117750,906750],[-2117750,905750],[-2118250,905750],[-2118250,905250],[-2118750,905250]]]]}},{"type":"Feature","properties":{"key":"Nordenskjold","name":"Nordenskj\u00f6ld","area_km2":208.9,"lon":162.5258,"lat":-76.1872},"geometry":{"type":"MultiPolygon","coordinates":[[[[454750,-1428250],[454750,-1429750],[453750,-1430250],[453750,-1433750],[452750,-1435250],[450750,-1434250],[451250,-1434750],[450750,-1436750],[448250,-1436750],[447750,-1437750],[441250,-1438750],[441750,-1441250],[440750,-1441250],[440750,-1446250],[444750,-1446250],[444750,-1445250],[445750,-1446250],[445750,-1445250],[448750,-1445250],[451750,-1443250],[453750,-1443250],[453750,-1442250],[454750,-1441750],[456750,-1442250],[458250,-1440750],[460250,-1440750],[460750,-1439750],[463250,-1439250],[463750,-1434250],[461250,-1433750],[460250,-1429250],[459750,-1428750],[456750,-1429250],[456250,-1428250],[454750,-1428250]]]]}},{"type":"Feature","properties":{"key":"Suvorov","name":"Suvorov","area_km2":193.5,"lon":160.3481,"lat":-69.9314},"geometry":{"type":"MultiPolygon","coordinates":[[[[738750,-2066750],[738250,-2066250],[740750,-2066750],[740750,-2067250],[743250,-2066750],[744250,-2068250],[745250,-2067250],[746250,-2067250],[745750,-2069250],[746750,-2070250],[747750,-2070250],[747750,-2070750],[749250,-2071250],[749250,-2071750],[748250,-2071750],[748250,-2072750],[749250,-2073250],[749250,-2074750],[749750,-2074750],[749750,-2076250],[750250,-2076250],[749750,-2076750],[749750,-2079250],[748750,-2079250],[748750,-2079750],[745750,-2079750],[745750,-2080750],[745250,-2080750],[745250,-2081750],[744250,-2082750],[743750,-2082750],[743750,-2081750],[743250,-2081750],[742750,-2080250],[740250,-2080250],[740250,-2081250],[739250,-2081250],[739250,-2080250],[738750,-2080250],[738750,-2081250],[734750,-2081250],[734250,-2078750],[732750,-2077750],[732750,-2076250],[731750,-2075750],[731750,-2075250],[733750,-2075250],[733750,-2073750],[735750,-2073250],[735750,-2072250],[737250,-2072250],[737250,-2070250],[738250,-2070750],[738750,-2066750]],[[742750,-2080250],[743250,-2079750],[742750,-2079750],[742750,-2080250]],[[738750,-2068750],[739250,-2069250],[739250,-2068750],[738750,-2068750]]],[[[733750,-2065250],[734750,-2065250],[734750,-2065750],[736250,-2065750],[736250,-2066250],[733750,-2066250],[733750,-2065750],[733250,-2065750],[733250,-2064750],[732250,-2064750],[732250,-2064250],[733750,-2064250],[733750,-2065250]]],[[[726250,-2060250],[727250,-2060250],[727250,-2061250],[727750,-2061250],[727750,-2062250],[728250,-2062250],[728250,-2062750],[728750,-2062750],[728750,-2063250],[729750,-2063250],[729750,-2063750],[730250,-2063750],[730250,-2064250],[729250,-2064250],[729250,-2063750],[728750,-2063750],[728750,-2064250],[728250,-2064250],[728250,-2063750],[727750,-2063750],[727750,-2063250],[726750,-2063250],[726750,-2062750],[725250,-2062750],[725250,-2062250],[724250,-2062250],[724250,-2061750],[723750,-2061750],[723750,-2060250],[724750,-2060250],[724750,-2059750],[726250,-2059750],[726250,-2060250]]]]}},{"type":"Feature","properties":{"key":"Underwood","name":"Underwood","area_km2":193.0,"lon":107.9258,"lat":-66.664},"geometry":{"type":"MultiPolygon","coordinates":[[[[2435250,-779250],[2434250,-779750],[2434750,-782250],[2435750,-782250],[2437750,-784250],[2438750,-786750],[2439750,-787250],[2439250,-793250],[2442250,-796250],[2443750,-799250],[2447250,-800250],[2447250,-802250],[2447750,-802250],[2447750,-800250],[2448750,-800250],[2449250,-801250],[2450750,-801250],[2450250,-800250],[2452750,-800250],[2452750,-795250],[2451750,-794250],[2451750,-792250],[2450750,-790250],[2451750,-790250],[2451750,-789250],[2455750,-789250],[2455750,-788750],[2454750,-788750],[2454750,-787750],[2453750,-788250],[2453250,-786750],[2449250,-787250],[2449250,-787750],[2447750,-787750],[2447250,-788750],[2446250,-786750],[2445250,-786250],[2445750,-785750],[2445250,-784250],[2444250,-784750],[2443250,-782750],[2442250,-782750],[2440750,-780750],[2435250,-779250]],[[2444750,-785750],[2445250,-785250],[2445250,-785750],[2444750,-785750]],[[2447750,-788750],[2449250,-788750],[2449250,-789750],[2448250,-789750],[2447750,-788750]]]]}},{"type":"Feature","properties":{"key":"Hamilton","name":"Hamilton","area_km2":184.5,"lon":-157.9698,"lat":-77.5049},"geometry":{"type":"MultiPolygon","coordinates":[[[[-510750,-1252750],[-511250,-1253750],[-513250,-1254250],[-513750,-1256750],[-514250,-1256250],[-515750,-1256750],[-516250,-1259750],[-517250,-1260250],[-517750,-1262250],[-519250,-1263250],[-519250,-1265250],[-517750,-1266750],[-515750,-1266750],[-513250,-1269250],[-513250,-1271750],[-511750,-1274250],[-511750,-1275750],[-511250,-1275750],[-510250,-1271250],[-508250,-1271250],[-508250,-1270250],[-507250,-1270250],[-507250,-1269250],[-506250,-1269250],[-506250,-1268250],[-504250,-1267250],[-504250,-1262250],[-504750,-1261750],[-505750,-1262250],[-505250,-1261250],[-505750,-1259250],[-506750,-1258750],[-507250,-1256750],[-508250,-1257250],[-509250,-1253250],[-510750,-1252750]]]]}},{"type":"Feature","properties":{"key":"PourquoiPas","name":"Pourquoi Pas","area_km2":180.7,"lon":135.6977,"lat":-66.2194},"geometry":{"type":"MultiPolygon","coordinates":[[[[1834750,-1867250],[1833750,-1867750],[1832250,-1867750],[1832250,-1870750],[1831750,-1870750],[1831750,-1869250],[1829250,-1868750],[1828250,-1869750],[1826750,-1869250],[1826750,-1870750],[1824750,-1870750],[1824750,-1871750],[1822750,-1872250],[1823750,-1872750],[1823750,-1873750],[1821250,-1874750],[1821750,-1878250],[1819250,-1879250],[1819750,-1881250],[1818750,-1882250],[1819750,-1882250],[1819750,-1883250],[1821750,-1883250],[1820750,-1882250],[1824750,-1882250],[1825250,-1880750],[1827250,-1880250],[1827250,-1878750],[1830250,-1879250],[1830250,-1880250],[1831750,-1881250],[1832250,-1879750],[1835250,-1879750],[1835750,-1878250],[1837750,-1877250],[1837250,-1874250],[1838250,-1874750],[1839250,-1874750],[1839250,-1873750],[1842250,-1874250],[1840250,-1870750],[1836750,-1869750],[1834750,-1867250]],[[1833750,-1872250],[1834750,-1871750],[1834750,-1872250],[1833750,-1872250]],[[1837250,-1873750],[1838250,-1873250],[1838250,-1873750],[1837250,-1873750]],[[1836250,-1874250],[1836750,-1873750],[1836750,-1874250],[1836250,-1874250]],[[1829250,-1878750],[1829750,-1878250],[1829750,-1878750],[1829250,-1878750]]]]}},{"type":"Feature","properties":{"key":"Fisher","name":"Fisher","area_km2":163.1,"lon":145.6115,"lat":-67.5723},"geometry":{"type":"MultiPolygon","coordinates":[[[[1390750,-2027750],[1390750,-2028250],[1389750,-2028250],[1389750,-2028750],[1388750,-2028750],[1388750,-2029250],[1387750,-2029750],[1387750,-2032750],[1386750,-2032250],[1386250,-2029750],[1385250,-2029750],[1385250,-2031750],[1385750,-2031750],[1385750,-2033250],[1387250,-2034250],[1387250,-2035750],[1388250,-2036250],[1387750,-2039250],[1388750,-2039750],[1389250,-2042250],[1390250,-2042250],[1390250,-2042750],[1391250,-2043250],[1391250,-2044250],[1394250,-2044250],[1394250,-2043750],[1397250,-2042750],[1397250,-2042250],[1398250,-2041750],[1398250,-2040750],[1399750,-2040250],[1399750,-2039750],[1401750,-2038250],[1401750,-2036250],[1401250,-2036250],[1400750,-2034750],[1399750,-2034750],[1399750,-2034250],[1398750,-2033750],[1398750,-2032750],[1397750,-2032250],[1397750,-2031250],[1397250,-2031250],[1395750,-2029250],[1393250,-2028750],[1393250,-2028250],[1392250,-2028250],[1392250,-2027750],[1390750,-2027750]],[[1387750,-2032750],[1388250,-2032750],[1388250,-2034250],[1387750,-2034250],[1387750,-2032750]]]]}},{"type":"Feature","properties":{"key":"Moubray","name":"Moubray","area_km2":152.3,"lon":170.3665,"lat":-71.9362},"geometry":{"type":"MultiPolygon","coordinates":[[[[328750,-1941750],[328250,-1943250],[326750,-1943250],[326750,-1943750],[326250,-1943250],[324750,-1943250],[324750,-1943750],[325750,-1943750],[325750,-1944250],[326750,-1944250],[327750,-1945250],[327750,-1945750],[325750,-1946250],[325750,-1947250],[325250,-1947250],[325250,-1950250],[325750,-1950250],[325750,-1951750],[324750,-1951250],[324750,-1952250],[325750,-1952750],[325250,-1953250],[325250,-1954750],[326250,-1954750],[326750,-1955750],[327750,-1955750],[327750,-1954750],[328250,-1954750],[328250,-1955750],[329750,-1956250],[330750,-1959250],[332250,-1959250],[332250,-1959750],[335250,-1959250],[335750,-1957750],[336250,-1957750],[335750,-1954750],[337250,-1954250],[337250,-1951250],[336250,-1950250],[335250,-1950250],[334750,-1948750],[334250,-1948750],[334750,-1948250],[334750,-1942750],[335250,-1942250],[328750,-1941750]],[[333750,-1944750],[334250,-1944250],[334250,-1944750],[333750,-1944750]]]]}},{"type":"Feature","properties":{"key":"Ferrigno","name":"Ferrigno","area_km2":152.2,"lon":-83.649,"lat":-73.6349},"geometry":{"type":"MultiPolygon","coordinates":[[[[-1786750,195750],[-1786250,195750],[-1786250,196250],[-1784750,196250],[-1784750,195750],[-1785250,195750],[-1785250,194250],[-1786250,194250],[-1786250,194750],[-1786750,194750],[-1786750,193750],[-1786250,193750],[-1786250,192750],[-1784750,192750],[-1784750,192250],[-1784250,192250],[-1784750,189250],[-1782750,188750],[-1782750,185750],[-1783750,185750],[-1783750,184750],[-1784750,184250],[-1784750,183250],[-1785250,183250],[-1785750,182250],[-1786750,182250],[-1786750,183250],[-1786250,183250],[-1786250,183750],[-1787250,183750],[-1787250,182750],[-1787750,182750],[-1787750,182250],[-1788750,182250],[-1788750,182750],[-1788250,182750],[-1788250,183750],[-1787750,183750],[-1787750,185750],[-1787250,185750],[-1787250,186750],[-1787750,186750],[-1787750,187250],[-1787250,187250],[-1787250,196250],[-1786750,196250],[-1786750,195750]],[[-1785750,184250],[-1785750,184750],[-1786250,184750],[-1786250,184250],[-1785750,184250]]],[[[-1775750,203250],[-1774750,203750],[-1774750,202750],[-1775250,202750],[-1775250,201250],[-1776250,201250],[-1776250,200250],[-1777250,200250],[-1777250,199750],[-1776250,199750],[-1776250,199250],[-1773750,199250],[-1773750,198750],[-1773250,198750],[-1773250,197750],[-1773750,197750],[-1773750,197250],[-1773250,197250],[-1773250,194250],[-1773750,194250],[-1773750,193250],[-1774750,193250],[-1774750,192750],[-1778750,192750],[-1778750,193250],[-1780250,193250],[-1780250,193750],[-1781750,193750],[-1781750,194250],[-1782750,194250],[-1782750,194750],[-1783250,194750],[-1783250,195250],[-1782750,195250],[-1782750,196250],[-1783250,196250],[-1783250,197250],[-1784250,197250],[-1784250,198250],[-1784750,198250],[-1784750,199250],[-1785250,199250],[-1785250,200750],[-1784750,200750],[-1784750,201250],[-1781250,201250],[-1781250,202250],[-1780250,202250],[-1780250,201750],[-1779250,201750],[-1779250,202250],[-1778750,202250],[-1778750,202750],[-1778250,202750],[-1778250,203250],[-1777750,203250],[-1777250,204250],[-1775750,204250],[-1775750,203250]]],[[[-1767250,208250],[-1768250,208250],[-1768250,207750],[-1768750,207750],[-1768750,207250],[-1769250,207250],[-1769250,208250],[-1768750,208250],[-1768750,208750],[-1767250,208750],[-1767250,208250]]],[[[-1763250,221750],[-1764250,221750],[-1764250,221250],[-1764750,221250],[-1764750,220750],[-1764250,220750],[-1764250,220250],[-1763750,220250],[-1763750,219250],[-1764250,219250],[-1764250,218750],[-1764750,218750],[-1764750,216750],[-1765250,216750],[-1765250,214750],[-1765750,214750],[-1765750,212750],[-1766750,212750],[-1766750,215250],[-1767250,215250],[-1767250,216250],[-1766750,216250],[-1766750,217250],[-1767750,217250],[-1767750,219250],[-1767250,219250],[-1767250,219750],[-1766750,219750],[-1766750,220250],[-1766250,220250],[-1766250,220750],[-1765750,220750],[-1765750,221250],[-1765250,221250],[-1765250,221750],[-1764750,221750],[-1764750,222250],[-1764250,222250],[-1764250,222750],[-1763250,222750],[-1763250,221750]]]]}},{"type":"Feature","properties":{"key":"HornBluff","name":"Horn Bluff","area_km2":129.9,"lon":149.581,"lat":-68.3866},"geometry":{"type":"MultiPolygon","coordinates":[[[[1199250,-2042250],[1199250,-2042750],[1198250,-2042750],[1197750,-2044250],[1195250,-2043750],[1195250,-2043250],[1194750,-2043250],[1194750,-2043750],[1193750,-2043250],[1193750,-2046250],[1194250,-2046250],[1194750,-2047250],[1195750,-2047250],[1195750,-2047750],[1196750,-2047250],[1197750,-2050250],[1198250,-2050250],[1200250,-2052750],[1201750,-2052750],[1201250,-2053750],[1200250,-2053750],[1200250,-2054750],[1202250,-2054250],[1202250,-2055250],[1204750,-2055250],[1204750,-2054250],[1207750,-2054250],[1207750,-2053250],[1209750,-2053250],[1209750,-2052250],[1211250,-2052250],[1211250,-2051250],[1210250,-2051250],[1210250,-2048750],[1209750,-2048750],[1209750,-2048250],[1208750,-2048750],[1208750,-2047250],[1209250,-2047250],[1209250,-2046750],[1207750,-2046250],[1207250,-2044750],[1206250,-2044750],[1206250,-2044250],[1203750,-2044250],[1203750,-2043250],[1202750,-2043250],[1202250,-2042250],[1201250,-2042250],[1201250,-2042750],[1200750,-2042750],[1200750,-2042250],[1199250,-2042250]]]]}},{"type":"Feature","properties":{"key":"Sorsdal","name":"S\u00f8rsdal","area_km2":128.6,"lon":78.1125,"lat":-68.6929},"geometry":{"type":"MultiPolygon","coordinates":[[[[2290250,492750],[2288250,490250],[2286750,490250],[2285750,489250],[2285750,488250],[2286250,488250],[2285750,487750],[2285750,481750],[2285250,481750],[2284750,479750],[2286250,479250],[2286250,478750],[2288250,478750],[2288250,477750],[2289250,477750],[2290250,476250],[2291250,476250],[2292750,474250],[2296250,472750],[2297250,473750],[2297250,475750],[2295750,477750],[2296250,479750],[2295750,479750],[2295250,483750],[2293750,483750],[2292750,487750],[2291250,489250],[2291250,491750],[2290250,492750]]]]}},{"type":"Feature","properties":{"key":"Verdi","name":"Verdi","area_km2":125.4,"lon":-74.4777,"lat":-71.6153},"geometry":{"type":"MultiPolygon","coordinates":[[[[-1937250,545750],[-1937250,544750],[-1940750,544250],[-1940750,543250],[-1941750,542750],[-1944750,543250],[-1945250,544250],[-1946250,543750],[-1946750,544750],[-1951250,544750],[-1951250,544250],[-1955250,544750],[-1955250,544250],[-1952250,543750],[-1952250,543250],[-1948250,543750],[-1948250,542750],[-1946250,542750],[-1946250,541750],[-1944750,541750],[-1944250,535250],[-1944750,535250],[-1944750,532250],[-1946250,531250],[-1946250,530750],[-1944750,530750],[-1944750,531250],[-1941750,531250],[-1941750,531750],[-1938750,531250],[-1938750,532250],[-1937250,532750],[-1937250,533750],[-1938250,534250],[-1937250,537250],[-1936250,537250],[-1934250,540250],[-1932250,540250],[-1931750,541750],[-1933750,542250],[-1934250,544250],[-1935750,544250],[-1935750,545250],[-1937250,545750]],[[-1944750,541750],[-1944250,542250],[-1944250,541750],[-1944750,541750]]]]}},{"type":"Feature","properties":{"key":"Gillet","name":"Gillet","area_km2":112.5,"lon":159.6877,"lat":-69.5634},"geometry":{"type":"MultiPolygon","coordinates":[[[[778750,-2098750],[778750,-2100250],[777250,-2099250],[772250,-2099750],[770750,-2101250],[770750,-2102250],[766750,-2101250],[766250,-2103250],[769750,-2103250],[771250,-2104750],[774250,-2105250],[773750,-2106250],[777250,-2107750],[777250,-2108750],[781750,-2107750],[782250,-2107250],[781750,-2106250],[783250,-2105250],[784750,-2105250],[784250,-2109250],[785750,-2109250],[785750,-2108250],[787750,-2108250],[788250,-2104250],[789250,-2103750],[789250,-2102750],[785750,-2101250],[784250,-2102750],[783250,-2102750],[783250,-2104250],[781250,-2104250],[779750,-2101250],[780250,-2099250],[778750,-2098750]],[[779250,-2100750],[779750,-2100250],[779750,-2100750],[779250,-2100750]],[[774750,-2106250],[775750,-2105750],[775750,-2106250],[774750,-2106250]]]]}},{"type":"Feature","properties":{"key":"Noll","name":"Noll","area_km2":109.2,"lon":159.072,"lat":-69.402},"geometry":{"type":"MultiPolygon","coordinates":[[[[804750,-2105250],[804750,-2106250],[804250,-2106250],[803750,-2107250],[802250,-2106250],[802250,-2108750],[801750,-2108750],[801750,-2109750],[801250,-2109750],[801250,-2111250],[800250,-2111250],[800250,-2111750],[799250,-2111750],[799250,-2112250],[801750,-2112250],[801750,-2113250],[804750,-2113250],[804750,-2114250],[805750,-2114250],[805750,-2115250],[806250,-2115250],[806250,-2116250],[806750,-2116250],[806250,-2118250],[808750,-2118250],[808750,-2119250],[813750,-2119250],[814250,-2118250],[813750,-2118250],[813750,-2117250],[813250,-2117250],[813250,-2116250],[812750,-2116250],[812750,-2115250],[813750,-2115250],[813750,-2114250],[812750,-2114250],[812750,-2113750],[812250,-2113750],[812250,-2112250],[813250,-2112250],[813250,-2111750],[812250,-2111250],[812250,-2109750],[811750,-2109750],[811250,-2108750],[810250,-2108750],[810250,-2107750],[809750,-2107750],[808250,-2105750],[804750,-2105250]],[[802750,-2110250],[804250,-2110250],[804250,-2110750],[802750,-2110750],[802750,-2110250]],[[804250,-2110750],[805250,-2110750],[805250,-2111250],[804250,-2111250],[804250,-2110750]],[[804750,-2111750],[805250,-2111750],[805250,-2112250],[804750,-2112250],[804750,-2111750]]]]}},{"type":"Feature","properties":{"key":"Walgreen_Coast","name":"Walgreen Coast","area_km2":103.9,"lon":-101.7403,"lat":-73.9348},"geometry":{"type":"MultiPolygon","coordinates":[[[[-1711750,-360750],[-1711750,-361250],[-1712250,-361250],[-1712250,-362250],[-1712750,-362250],[-1712750,-360750],[-1711750,-360750]]],[[[-1745250,-359750],[-1744250,-359750],[-1744250,-362750],[-1745750,-362750],[-1745750,-363250],[-1747250,-363250],[-1747250,-362250],[-1747750,-362250],[-1747750,-360750],[-1748250,-360750],[-1748250,-359750],[-1745750,-359750],[-1745750,-359250],[-1745250,-359250],[-1745250,-359750]]],[[[-1710750,-349250],[-1712250,-349250],[-1712250,-349750],[-1713250,-350250],[-1713250,-354750],[-1712750,-354750],[-1712750,-356250],[-1712250,-356250],[-1712250,-357250],[-1711750,-357250],[-1711750,-357750],[-1712250,-357750],[-1711750,-359250],[-1712250,-359250],[-1712250,-360250],[-1713250,-360750],[-1713750,-363250],[-1715250,-364250],[-1715250,-365750],[-1716250,-365750],[-1716250,-364750],[-1717250,-364250],[-1717250,-361750],[-1717750,-361750],[-1717750,-360750],[-1719750,-359250],[-1719750,-357750],[-1720250,-357750],[-1720250,-356750],[-1720750,-356750],[-1721250,-355250],[-1721750,-355250],[-1721750,-352250],[-1721250,-352250],[-1720750,-351250],[-1717750,-350750],[-1717750,-351250],[-1716250,-351750],[-1715750,-352750],[-1714250,-352750],[-1714250,-352250],[-1713750,-352250],[-1713750,-349750],[-1713250,-349750],[-1712750,-348750],[-1710750,-348750],[-1710750,-349250]]]]}},{"type":"Feature","properties":{"key":"Tinker","name":"Tinker","area_km2":101.4,"lon":164.9701,"lat":-74.0677},"geometry":{"type":"MultiPolygon","coordinates":[[[[446250,-1672750],[446250,-1673250],[445250,-1673250],[444750,-1676750],[445750,-1677250],[445750,-1679750],[446750,-1680250],[447250,-1682250],[448750,-1683250],[448750,-1684750],[449750,-1684750],[449750,-1685250],[451250,-1686250],[451250,-1687750],[451750,-1687750],[451750,-1688250],[453250,-1687750],[453250,-1688250],[454250,-1688250],[454250,-1688750],[455250,-1688750],[455250,-1689250],[456250,-1689250],[456250,-1689750],[458250,-1689750],[458750,-1686750],[459250,-1686750],[459250,-1685750],[458250,-1685250],[458250,-1684250],[456750,-1683750],[456250,-1682250],[455750,-1682250],[455250,-1681250],[453750,-1681250],[453250,-1680250],[452250,-1680250],[452250,-1679250],[450750,-1678750],[451250,-1677750],[449750,-1676750],[449750,-1675750],[449250,-1675750],[449250,-1676250],[448250,-1676250],[448750,-1675250],[447750,-1675250],[447750,-1673250],[446250,-1672750]],[[447750,-1676250],[448250,-1676250],[448250,-1676750],[447750,-1676750],[447750,-1676250]]]]}},{"type":"Feature","properties":{"key":"Myers","name":"Myers","area_km2":99.1,"lon":49.8567,"lat":-67.2075},"geometry":{"type":"MultiPolygon","coordinates":[[[[1924750,1619750],[1925750,1619750],[1925250,1619250],[1925750,1615750],[1924250,1616250],[1923750,1614250],[1921750,1614750],[1920250,1613250],[1918750,1613250],[1917750,1612250],[1916250,1612250],[1915750,1613750],[1914750,1613750],[1912750,1615750],[1911750,1615750],[1911250,1614750],[1909250,1614750],[1909250,1615250],[1906250,1615750],[1906250,1617750],[1907750,1618250],[1907750,1618750],[1908250,1618250],[1908750,1618750],[1915750,1618750],[1915750,1619250],[1916750,1619250],[1917750,1620250],[1919750,1620250],[1919750,1620750],[1923250,1621250],[1923250,1621750],[1924750,1621750],[1924750,1619750]]],[[[1924750,1622250],[1925250,1622250],[1925250,1623250],[1925750,1623250],[1925750,1623750],[1926250,1623750],[1926250,1623250],[1926750,1623250],[1926750,1622750],[1925750,1622750],[1925750,1621750],[1924750,1621750],[1924750,1622250]]]]}},{"type":"Feature","properties":{"key":"Philbin_Inlet","name":"Philbin Inlet","area_km2":95.8,"lon":-114.0904,"lat":-74.0298},"geometry":{"type":"MultiPolygon","coordinates":[[[[-1597750,-706250],[-1598250,-706750],[-1598250,-708250],[-1602750,-712750],[-1602250,-713750],[-1599750,-713750],[-1599750,-714250],[-1598750,-714250],[-1598750,-714750],[-1597750,-714750],[-1596750,-715750],[-1592750,-716250],[-1592750,-716750],[-1586750,-716750],[-1586750,-716250],[-1585250,-716250],[-1584750,-715750],[-1584750,-714250],[-1585250,-713750],[-1587750,-713250],[-1588250,-711750],[-1591750,-711250],[-1593250,-709250],[-1594250,-709250],[-1594250,-708250],[-1595250,-708250],[-1596250,-706750],[-1597750,-706250]]]]}},{"type":"Feature","properties":{"key":"Cheetham","name":"Cheetham","area_km2":94.2,"lon":162.711,"lat":-75.7312},"geometry":{"type":"MultiPolygon","coordinates":[[[[459750,-1482250],[459750,-1482750],[458750,-1482750],[458750,-1483750],[459250,-1483750],[459250,-1485250],[455750,-1485250],[455750,-1486750],[456250,-1486750],[456250,-1487750],[455750,-1487750],[455750,-1489250],[456250,-1489250],[456250,-1490250],[460750,-1490250],[460750,-1491250],[461750,-1491250],[461750,-1491750],[462750,-1491750],[462750,-1491250],[465250,-1491250],[465250,-1491750],[466750,-1491750],[466750,-1491250],[468750,-1491750],[468750,-1491250],[469750,-1491250],[469750,-1490250],[470250,-1490250],[470250,-1488250],[469750,-1488250],[469750,-1485250],[466750,-1485750],[466750,-1485250],[466250,-1485250],[466250,-1484250],[464750,-1484250],[464750,-1483750],[464250,-1483750],[464250,-1484250],[462750,-1484250],[462750,-1483750],[461750,-1483750],[461250,-1482750],[460250,-1482750],[460250,-1482250],[459750,-1482250]]]]}},{"type":"Feature","properties":{"key":"SmithInlet","name":"Smith Inlet","area_km2":91.0,"lon":167.563,"lat":-70.9754},"geometry":{"type":"MultiPolygon","coordinates":[[[[454750,-2030750],[454750,-2031250],[453750,-2031250],[453750,-2031750],[453250,-2031750],[451750,-2033750],[450750,-2033750],[450750,-2034250],[447250,-2034750],[447250,-2035250],[445750,-2034750],[445250,-2035750],[443250,-2035750],[443250,-2036250],[442750,-2036250],[442250,-2035250],[441250,-2035250],[441250,-2035750],[440750,-2035750],[441250,-2038250],[440750,-2038250],[440250,-2040250],[442750,-2040250],[442750,-2041250],[445750,-2041750],[445750,-2040750],[446750,-2040750],[446750,-2040250],[451250,-2039750],[451250,-2039250],[453250,-2038750],[453250,-2037750],[453750,-2037750],[454250,-2036750],[455250,-2036750],[455750,-2035250],[457750,-2034750],[457750,-2034250],[457250,-2034250],[457250,-2033750],[457750,-2033750],[457750,-2033250],[457250,-2033250],[457250,-2032750],[457750,-2032750],[457750,-2031250],[457250,-2031250],[457250,-2030750],[454750,-2030750]]]]}},{"type":"Feature","properties":{"key":"Richter","name":"Richter","area_km2":87.1,"lon":-155.4726,"lat":-77.0938},"geometry":{"type":"MultiPolygon","coordinates":[[[[-585250,-1271750],[-584750,-1272750],[-585750,-1272750],[-587250,-1274750],[-588750,-1274750],[-588750,-1275250],[-586250,-1275250],[-586250,-1276250],[-587750,-1277750],[-586750,-1286250],[-585750,-1286250],[-586250,-1286750],[-586250,-1288250],[-585750,-1288250],[-586250,-1290250],[-584750,-1290250],[-585250,-1291250],[-583750,-1291250],[-583750,-1290250],[-582750,-1289750],[-582250,-1281750],[-581250,-1282750],[-580250,-1282750],[-580250,-1282250],[-580750,-1282250],[-580750,-1281250],[-581750,-1280250],[-581750,-1278750],[-582250,-1278750],[-582250,-1277750],[-581750,-1277750],[-582250,-1272750],[-585250,-1271750]]]]}},{"type":"Feature","properties":{"key":"Fox#East","name":"Fox (East Antarctica)","area_km2":83.8,"lon":114.2316,"lat":-66.1446},"geometry":{"type":"MultiPolygon","coordinates":[[[[2412250,-1070750],[2409250,-1072250],[2408250,-1071750],[2408250,-1073750],[2404750,-1075750],[2403750,-1075750],[2403750,-1074750],[2402250,-1075250],[2401750,-1074250],[2401250,-1075750],[2400250,-1075250],[2398750,-1076750],[2398750,-1078250],[2397750,-1078750],[2395750,-1078750],[2395750,-1077750],[2394250,-1078750],[2389750,-1078250],[2387750,-1079750],[2387250,-1081750],[2384750,-1081750],[2384250,-1080750],[2382750,-1080750],[2382750,-1081250],[2382250,-1081250],[2381250,-1080750],[2381250,-1078750],[2380250,-1078750],[2379750,-1080250],[2380750,-1080250],[2380750,-1083250],[2381750,-1083250],[2381750,-1084250],[2382750,-1084250],[2383250,-1085750],[2383750,-1083250],[2384750,-1083750],[2384750,-1082250],[2389750,-1082250],[2389750,-1081250],[2390750,-1081250],[2391750,-1079250],[2395750,-1079250],[2395750,-1080250],[2398750,-1080250],[2398750,-1081250],[2400750,-1081250],[2400750,-1082250],[2401750,-1082250],[2401750,-1081250],[2403750,-1081250],[2403750,-1080250],[2404750,-1080250],[2404750,-1079250],[2406750,-1078250],[2406750,-1076250],[2408750,-1075250],[2408750,-1073250],[2409750,-1073250],[2409750,-1072250],[2411750,-1072250],[2412250,-1070750]],[[2381750,-1081750],[2382250,-1081250],[2382250,-1081750],[2381750,-1081750]]]]}},{"type":"Feature","properties":{"key":"Ainsworth","name":"Ainsworth","area_km2":83.4,"lon":146.5284,"lat":-67.9219},"geometry":{"type":"MultiPolygon","coordinates":[[[[1339750,-2016750],[1339750,-2018250],[1340250,-2018250],[1340250,-2019750],[1340750,-2019750],[1340750,-2020750],[1339750,-2020250],[1339750,-2022750],[1339250,-2022750],[1339250,-2023750],[1338750,-2023750],[1338750,-2024250],[1337750,-2024250],[1337750,-2023750],[1337250,-2023750],[1336750,-2022750],[1334250,-2022750],[1334250,-2023250],[1333750,-2023250],[1333750,-2024250],[1333250,-2024250],[1333250,-2026750],[1332750,-2026750],[1332750,-2027750],[1332250,-2027750],[1332250,-2026750],[1331750,-2026750],[1331750,-2028250],[1332750,-2028250],[1332750,-2029250],[1333250,-2029250],[1333250,-2029750],[1333750,-2029750],[1333750,-2029250],[1335750,-2029250],[1336250,-2030250],[1337250,-2030250],[1337250,-2029250],[1337750,-2029250],[1337750,-2029750],[1338250,-2029750],[1338250,-2029250],[1341750,-2029250],[1341750,-2029750],[1342250,-2029750],[1342250,-2028250],[1344250,-2028250],[1344250,-2023250],[1343750,-2023250],[1343750,-2021750],[1343250,-2021750],[1343250,-2021250],[1342250,-2020750],[1342250,-2019750],[1341750,-2019750],[1341750,-2019250],[1342750,-2019250],[1342750,-2018250],[1342250,-2018250],[1342250,-2017750],[1341750,-2017750],[1341250,-2016750],[1339750,-2016750]]]]}},{"type":"Feature","properties":{"key":"Utsikkar","name":"Utsikkar","area_km2":82.9,"lon":61.2753,"lat":-67.5342},"geometry":{"type":"MultiPolygon","coordinates":[[[[2168250,1193250],[2167750,1192250],[2166750,1192250],[2166750,1192750],[2165250,1192750],[2165250,1192250],[2162250,1192250],[2162250,1191750],[2161750,1191750],[2161750,1191250],[2162250,1191250],[2162250,1190250],[2163750,1190250],[2163750,1189750],[2164750,1189750],[2164750,1189250],[2164250,1189250],[2164250,1188250],[2163750,1188250],[2163250,1187250],[2162250,1187250],[2162250,1186250],[2161750,1186250],[2161750,1184250],[2162250,1184250],[2162250,1183250],[2162750,1183250],[2162750,1182750],[2166250,1182750],[2166250,1182250],[2166750,1182250],[2166750,1182750],[2167250,1182750],[2167250,1183250],[2166750,1183250],[2166750,1184250],[2167250,1184250],[2167250,1184750],[2168750,1184750],[2169250,1183750],[2170750,1183750],[2170750,1184750],[2172750,1184750],[2172750,1185750],[2173750,1185750],[2173750,1186750],[2174750,1186750],[2174750,1187250],[2174250,1187250],[2174250,1187750],[2173250,1187750],[2172750,1188750],[2172250,1188750],[2172250,1188250],[2171750,1188250],[2171750,1188750],[2169750,1188750],[2169750,1189750],[2170250,1189750],[2170250,1190250],[2170750,1190250],[2170750,1190750],[2171750,1191250],[2171750,1192250],[2170750,1192250],[2170250,1193250],[2169250,1193250],[2169250,1192750],[2168250,1193250]]]]}},{"type":"Feature","properties":{"key":"Porter","name":"Porter","area_km2":82.6,"lon":49.3401,"lat":-66.9971},"geometry":{"type":"MultiPolygon","coordinates":[[[[1928250,1658250],[1927250,1657250],[1926750,1655250],[1925250,1655250],[1924250,1654250],[1924250,1653250],[1923250,1653250],[1922250,1654750],[1920750,1654750],[1919750,1655750],[1917250,1655750],[1916750,1655250],[1916750,1654750],[1918250,1654250],[1917750,1652750],[1915750,1653250],[1916250,1652750],[1916250,1650750],[1915750,1650750],[1916250,1646750],[1917250,1646250],[1917250,1645250],[1918250,1645250],[1918250,1644750],[1919750,1645250],[1920250,1644250],[1921250,1644250],[1922750,1642750],[1922750,1641250],[1924250,1640250],[1924250,1639250],[1925250,1639250],[1925250,1639750],[1923750,1641250],[1923750,1642250],[1923250,1642250],[1923750,1643750],[1922750,1644750],[1922750,1645750],[1923750,1645750],[1923750,1652750],[1924750,1652750],[1924750,1653750],[1925750,1654750],[1927750,1654750],[1927750,1655750],[1928750,1655750],[1928750,1657750],[1929250,1658250],[1928250,1658250]],[[1917750,1647250],[1918250,1647750],[1918250,1647250],[1917750,1647250]]]]}},{"type":"Feature","properties":{"key":"Whittle","name":"Whittle","area_km2":79.2,"lon":114.3955,"lat":-66.3602},"geometry":{"type":"MultiPolygon","coordinates":[[[[2371750,-1079250],[2369750,-1079250],[2369750,-1078250],[2366750,-1078250],[2366750,-1077750],[2367750,-1077750],[2367750,-1076250],[2366750,-1076250],[2366250,-1075250],[2365750,-1075250],[2365750,-1076250],[2363750,-1076250],[2363743,-1074657],[2362921,-1072750],[2363250,-1072250],[2364250,-1072250],[2365250,-1073750],[2366750,-1073750],[2366750,-1073250],[2367750,-1073250],[2367750,-1072750],[2368750,-1072750],[2368750,-1073250],[2369750,-1073750],[2369750,-1072750],[2370250,-1072750],[2370250,-1071750],[2370750,-1071750],[2371250,-1070750],[2373750,-1070750],[2373750,-1071750],[2374750,-1072250],[2374750,-1073250],[2377750,-1074250],[2378250,-1076750],[2379750,-1077250],[2379750,-1078250],[2378250,-1078250],[2378250,-1077250],[2377750,-1077250],[2377750,-1077750],[2377250,-1077750],[2377250,-1077250],[2375750,-1077750],[2375750,-1078250],[2375250,-1078250],[2375250,-1078750],[2375750,-1078750],[2375250,-1080250],[2371750,-1080250],[2371750,-1079250]],[[2376750,-1076750],[2376250,-1076750],[2376250,-1077250],[2376750,-1077250],[2376750,-1076750]]]]}},{"type":"Feature","properties":{"key":"Cirque_Fjord","name":"Cirque Fjord","area_km2":79.1,"lon":58.7594,"lat":-67.3051},"geometry":{"type":"MultiPolygon","coordinates":[[[[2134750,1301750],[2134750,1301250],[2133750,1301250],[2133250,1300250],[2131250,1300250],[2131750,1299250],[2130750,1299250],[2130750,1297750],[2131250,1297750],[2131250,1296750],[2131750,1296750],[2131750,1296250],[2131250,1296250],[2131250,1295250],[2132250,1295250],[2132250,1293750],[2131750,1293750],[2131750,1293250],[2132250,1293250],[2132250,1289250],[2131750,1289250],[2132250,1287250],[2132750,1287250],[2132750,1289750],[2136750,1289750],[2136750,1288750],[2139250,1288750],[2139250,1289250],[2138750,1289250],[2138750,1292250],[2139250,1292250],[2139250,1293250],[2138750,1293250],[2138750,1294750],[2138250,1294750],[2138250,1300750],[2137750,1300750],[2137250,1301750],[2134750,1301750]],[[2132250,1299250],[2132750,1299250],[2132750,1298750],[2132250,1298750],[2132250,1299250]]]]}},{"type":"Feature","properties":{"key":"Campbell","name":"Campbell","area_km2":79.0,"lon":164.3926,"lat":-74.6013},"geometry":{"type":"MultiPolygon","coordinates":[[[[446750,-1614250],[446750,-1615250],[447250,-1615250],[447250,-1616250],[447750,-1616250],[447750,-1617750],[448250,-1617750],[448250,-1619250],[449250,-1619750],[449250,-1620750],[449750,-1620750],[449750,-1622250],[450250,-1622250],[450250,-1623250],[450750,-1623250],[450750,-1624750],[451750,-1625250],[451750,-1626750],[452750,-1626750],[453250,-1627750],[454750,-1627750],[454750,-1627250],[455250,-1627250],[455250,-1626250],[454750,-1626250],[454750,-1625750],[456750,-1625750],[456750,-1623750],[457250,-1623750],[456750,-1622750],[457750,-1622250],[457750,-1621750],[456750,-1621250],[456750,-1620750],[457250,-1620750],[457250,-1618750],[456250,-1618250],[456250,-1616750],[455750,-1616750],[455750,-1616250],[454750,-1616250],[454750,-1616750],[454250,-1616750],[454250,-1617750],[453750,-1617750],[453750,-1618250],[452750,-1618250],[452750,-1617250],[452250,-1617250],[451750,-1616250],[450750,-1616250],[450750,-1615750],[450250,-1615750],[450250,-1615250],[449750,-1615250],[449250,-1614250],[446750,-1614250]]]]}},{"type":"Feature","properties":{"key":"Dennistoun","name":"Dennistoun","area_km2":76.6,"lon":168.0075,"lat":-71.166},"geometry":{"type":"MultiPolygon","coordinates":[[[[430250,-2014750],[430250,-2015250],[429250,-2015250],[429250,-2015750],[428250,-2015750],[428250,-2016250],[427250,-2016250],[427250,-2016750],[426250,-2016750],[426250,-2017250],[423250,-2017250],[423250,-2017750],[422750,-2017750],[422750,-2018250],[421750,-2018750],[421750,-2019250],[422750,-2019250],[422750,-2020250],[423750,-2020250],[423750,-2023250],[425250,-2023250],[425750,-2024250],[426750,-2024250],[426750,-2023250],[427750,-2023250],[427750,-2022750],[429750,-2022750],[429750,-2022250],[431250,-2022250],[431250,-2021750],[433250,-2021750],[433250,-2021250],[434250,-2020750],[434250,-2019250],[435250,-2019250],[435250,-2018750],[434750,-2018750],[434750,-2018250],[435250,-2018250],[434750,-2016250],[434250,-2016250],[434250,-2015750],[433750,-2015750],[433250,-2014750],[430250,-2014750]]]]}},{"type":"Feature","properties":{"key":"Andreyev","name":"Andreyev","area_km2":76.1,"lon":155.4623,"lat":-69.019},"geometry":{"type":"MultiPolygon","coordinates":[[[[952750,-2090750],[952750,-2091250],[952250,-2091250],[952250,-2091750],[951250,-2092250],[951250,-2093250],[950750,-2093250],[950250,-2094250],[950750,-2094250],[950750,-2094750],[951250,-2094750],[951250,-2095250],[951750,-2095250],[952250,-2096250],[953250,-2096250],[953250,-2096750],[953750,-2096750],[953750,-2097250],[954250,-2097250],[954250,-2097750],[955250,-2098250],[955250,-2099250],[955750,-2099250],[955750,-2100750],[956250,-2100750],[956250,-2101750],[956750,-2101750],[956750,-2102250],[957750,-2102250],[957750,-2101750],[958750,-2101750],[959250,-2100750],[962250,-2100750],[962250,-2101250],[962750,-2101250],[962750,-2098750],[962250,-2098750],[962250,-2097250],[961750,-2097250],[961750,-2096250],[961250,-2096250],[961250,-2095750],[960250,-2095250],[960250,-2094750],[962250,-2094250],[962250,-2093250],[960750,-2093250],[960750,-2093750],[958750,-2094250],[958750,-2093250],[958250,-2093250],[958250,-2092750],[957250,-2092750],[956750,-2091750],[955250,-2091750],[955250,-2091250],[953250,-2091250],[953250,-2090750],[952750,-2090750]]]]}},{"type":"Feature","properties":{"key":"Holt","name":"Holt","area_km2":73.4,"lon":-110.3071,"lat":-74.6571},"geometry":{"type":"MultiPolygon","coordinates":[[[[-1572750,-575750],[-1572750,-576250],[-1573250,-576250],[-1573250,-577750],[-1573750,-577750],[-1574250,-578750],[-1577750,-579250],[-1577750,-579750],[-1578750,-579750],[-1579250,-578750],[-1580250,-578750],[-1580250,-579250],[-1582250,-579250],[-1582250,-579750],[-1581250,-579750],[-1581250,-580250],[-1580750,-580250],[-1581250,-581250],[-1578750,-581250],[-1578750,-582250],[-1580250,-582250],[-1580250,-582750],[-1576250,-582750],[-1576250,-582250],[-1575250,-582250],[-1574750,-581250],[-1573750,-581250],[-1573750,-580750],[-1573250,-580750],[-1572750,-583250],[-1572250,-583250],[-1572250,-584250],[-1571250,-584750],[-1571250,-585750],[-1570750,-585750],[-1570250,-587750],[-1569250,-588250],[-1569250,-589250],[-1568250,-589250],[-1568250,-589750],[-1567750,-589750],[-1567750,-587250],[-1567250,-587250],[-1567250,-584250],[-1567750,-584250],[-1567750,-583250],[-1567250,-583250],[-1567250,-582750],[-1567750,-582750],[-1567750,-582250],[-1567250,-582250],[-1567250,-581750],[-1568250,-581250],[-1568250,-578250],[-1570250,-579750],[-1569750,-577750],[-1570750,-577250],[-1570750,-578750],[-1571250,-578750],[-1571750,-576250],[-1572750,-575750]]]]}},{"type":"Feature","properties":{"key":"Deakin","name":"Deakin","area_km2":72.8,"lon":150.5529,"lat":-68.4416},"geometry":{"type":"MultiPolygon","coordinates":[[[[1160250,-2065250],[1160250,-2064750],[1160750,-2064750],[1160750,-2063750],[1161750,-2063250],[1161750,-2061750],[1162250,-2061750],[1162250,-2061250],[1163250,-2061250],[1162750,-2060250],[1164250,-2059250],[1164250,-2058250],[1166250,-2058250],[1166250,-2057750],[1168750,-2057750],[1168750,-2058250],[1173750,-2058250],[1173750,-2059250],[1173250,-2059250],[1173250,-2058750],[1171250,-2059250],[1171250,-2060250],[1170750,-2060250],[1170750,-2060750],[1169750,-2060750],[1169750,-2061750],[1166750,-2063750],[1166750,-2064750],[1165750,-2065250],[1165750,-2066250],[1164750,-2066250],[1164750,-2067250],[1163750,-2067250],[1163750,-2068250],[1162750,-2068250],[1162750,-2069250],[1161750,-2069250],[1161750,-2072250],[1160750,-2072250],[1160250,-2067750],[1159750,-2067750],[1159750,-2066750],[1159250,-2066750],[1159250,-2065250],[1160250,-2065250]]],[[[1158750,-2065250],[1158750,-2065750],[1158250,-2065750],[1158250,-2063750],[1158750,-2063750],[1158750,-2064250],[1159250,-2064250],[1159250,-2065250],[1158750,-2065250]]]]}},{"type":"Feature","properties":{"key":"Astrolabe","name":"Astrolabe","area_km2":72.0,"lon":139.9931,"lat":-66.7145},"geometry":{"type":"MultiPolygon","coordinates":[[[[1648250,-1956250],[1648250,-1957250],[1647750,-1957250],[1647750,-1959750],[1646750,-1959750],[1646750,-1960250],[1645750,-1960750],[1646250,-1961750],[1645750,-1961750],[1645750,-1962750],[1644250,-1963750],[1644250,-1966250],[1644750,-1966250],[1644750,-1969750],[1646250,-1969750],[1646250,-1970250],[1647250,-1969750],[1647250,-1970250],[1647750,-1970250],[1647750,-1969250],[1648750,-1969250],[1648750,-1970250],[1650750,-1970250],[1650750,-1966250],[1651250,-1966250],[1651250,-1964250],[1651750,-1964250],[1651750,-1963250],[1652250,-1963250],[1652250,-1962750],[1651750,-1962750],[1651750,-1958750],[1650250,-1957750],[1650250,-1956250],[1648250,-1956250]],[[1646750,-1960250],[1647250,-1960250],[1647250,-1960750],[1646750,-1960750],[1646750,-1960250]]]]}},{"type":"Feature","properties":{"key":"Hoseason","name":"Hoseason","area_km2":70.7,"lon":58.1872,"lat":-67.1302},"geometry":{"type":"MultiPolygon","coordinates":[[[[2141250,1331750],[2141250,1330250],[2140750,1330250],[2138250,1327250],[2132250,1327750],[2132250,1327250],[2130750,1327250],[2130750,1326250],[2129250,1326250],[2129250,1325250],[2131250,1325250],[2131250,1324250],[2133750,1323750],[2133750,1323250],[2139250,1323250],[2139250,1323750],[2141250,1324250],[2141250,1324750],[2143750,1326750],[2143750,1325750],[2143250,1325750],[2142750,1324750],[2144750,1324750],[2144250,1327250],[2145750,1327250],[2146250,1330250],[2145750,1330250],[2144750,1331750],[2141250,1331750]]]]}},{"type":"Feature","properties":{"key":"WattBay","name":"Watt Bay","area_km2":67.5,"lon":144.0457,"lat":-67.0817},"geometry":{"type":"MultiPolygon","coordinates":[[[[1484250,-2035750],[1484250,-2036750],[1483750,-2036750],[1483250,-2038750],[1482250,-2039250],[1482250,-2040250],[1481250,-2039750],[1481250,-2040250],[1480750,-2040250],[1480750,-2040750],[1479750,-2040750],[1479750,-2041250],[1478750,-2041250],[1478750,-2040250],[1478250,-2040250],[1478250,-2039750],[1477750,-2039750],[1477750,-2039250],[1477250,-2039250],[1477250,-2038750],[1476750,-2038750],[1476250,-2037750],[1474750,-2037750],[1474750,-2039250],[1475250,-2039250],[1475250,-2040250],[1475750,-2040250],[1475750,-2042750],[1476250,-2042750],[1476250,-2043750],[1476750,-2043750],[1476750,-2044250],[1477750,-2044750],[1477750,-2045750],[1478250,-2045750],[1478250,-2047250],[1482250,-2047250],[1482750,-2045250],[1483750,-2045250],[1483750,-2044250],[1484250,-2044250],[1484250,-2043750],[1485250,-2043250],[1485750,-2041250],[1488250,-2041250],[1488250,-2040750],[1486250,-2040750],[1486250,-2040250],[1485750,-2040250],[1485750,-2038750],[1486250,-2038750],[1486250,-2036750],[1485750,-2036750],[1485750,-2035750],[1484250,-2035750]],[[1480750,-2041250],[1481250,-2041250],[1481250,-2041750],[1480750,-2041750],[1480750,-2041250]],[[1480250,-2041750],[1480750,-2041750],[1480750,-2042250],[1480250,-2042250],[1480250,-2041750]],[[1479750,-2046250],[1480750,-2046250],[1480750,-2046750],[1479750,-2046750],[1479750,-2046250]]]]}},{"type":"Feature","properties":{"key":"Ironside","name":"Ironside","area_km2":66.4,"lon":169.8472,"lat":-72.1537},"geometry":{"type":"MultiPolygon","coordinates":[[[[341750,-1917250],[341750,-1918750],[342250,-1918750],[342250,-1920250],[341750,-1920250],[341750,-1920750],[342250,-1920750],[342250,-1922250],[341250,-1922250],[341250,-1921750],[340250,-1921750],[340250,-1921250],[339750,-1921250],[339750,-1922750],[340250,-1922750],[340250,-1923750],[340750,-1923750],[340750,-1924750],[341250,-1924750],[341250,-1926250],[341750,-1926250],[342250,-1929250],[342750,-1929250],[342750,-1929750],[344250,-1929750],[344250,-1929250],[344750,-1929250],[344750,-1928250],[345250,-1928250],[345250,-1927750],[346250,-1927750],[346250,-1926750],[348750,-1926750],[348750,-1926250],[349250,-1926250],[349250,-1925250],[348250,-1924750],[348250,-1924250],[348750,-1924250],[348750,-1923250],[349250,-1923250],[349250,-1922250],[347750,-1922250],[347750,-1921750],[346750,-1921250],[346750,-1918750],[346250,-1918750],[346250,-1918250],[345750,-1918250],[345750,-1919250],[344250,-1919250],[344250,-1918250],[344750,-1918250],[344250,-1917250],[343750,-1917250],[343750,-1918250],[342750,-1918250],[342750,-1917250],[341750,-1917250]]]]}},{"type":"Feature","properties":{"key":"Francais","name":"Fran\u00e7ais","area_km2":66.0,"lon":138.2163,"lat":-66.5449},"geometry":{"type":"MultiPolygon","coordinates":[[[[1717750,-1919250],[1717750,-1919750],[1717250,-1919750],[1717250,-1924750],[1716750,-1924750],[1716750,-1925250],[1717250,-1925250],[1717250,-1926250],[1716750,-1926250],[1716750,-1926750],[1717750,-1926750],[1717750,-1927750],[1718250,-1927750],[1718250,-1928250],[1717250,-1928250],[1717250,-1928750],[1717750,-1928750],[1717750,-1929250],[1718750,-1929250],[1718750,-1932250],[1719750,-1932250],[1719750,-1930250],[1720750,-1930250],[1720750,-1929250],[1722750,-1929250],[1722750,-1930250],[1723750,-1930250],[1724250,-1931250],[1725750,-1931250],[1725750,-1930250],[1726750,-1930250],[1726750,-1929750],[1726250,-1929750],[1726250,-1929250],[1726750,-1929250],[1726750,-1928250],[1726250,-1928250],[1726250,-1927750],[1726750,-1927750],[1726750,-1927250],[1728750,-1927250],[1728750,-1926750],[1726750,-1926250],[1726750,-1925250],[1726250,-1925250],[1726250,-1926250],[1725250,-1926250],[1725250,-1925750],[1724750,-1925750],[1724750,-1926250],[1723750,-1926250],[1723750,-1924750],[1723250,-1924750],[1723250,-1924250],[1721750,-1924250],[1721750,-1923750],[1721250,-1923750],[1721250,-1921750],[1720750,-1921750],[1720250,-1920750],[1719250,-1920750],[1719750,-1919750],[1719250,-1919750],[1719250,-1919250],[1717750,-1919250]],[[1722750,-1925250],[1723250,-1925250],[1723250,-1925750],[1722750,-1925750],[1722750,-1925250]],[[1724750,-1929750],[1725250,-1929750],[1725250,-1930250],[1724750,-1930250],[1724750,-1929750]]]]}},{"type":"Feature","properties":{"key":"Thomson","name":"Thomson","area_km2":63.6,"lon":-80.395,"lat":-73.3725},"geometry":{"type":"MultiPolygon","coordinates":[[[[-1788750,308250],[-1788750,307750],[-1788250,307750],[-1788250,307250],[-1787750,307250],[-1787750,303750],[-1788250,303750],[-1788250,302750],[-1788750,302750],[-1788750,302250],[-1789250,302250],[-1789250,301750],[-1790250,301750],[-1790250,301250],[-1790750,301250],[-1790750,301750],[-1791250,301750],[-1791250,301250],[-1791750,301250],[-1791750,300750],[-1792750,300750],[-1792750,300250],[-1794250,300250],[-1794250,299750],[-1794750,299750],[-1794750,299250],[-1795250,299250],[-1795250,298750],[-1795750,298750],[-1795750,298250],[-1796250,298250],[-1796250,297750],[-1797750,297750],[-1797750,298750],[-1797250,298750],[-1797250,300750],[-1797750,300750],[-1797750,304750],[-1798250,304750],[-1798250,305750],[-1797250,305750],[-1797250,306250],[-1796750,306250],[-1796750,305750],[-1796250,305750],[-1796250,306250],[-1795750,306250],[-1795750,305750],[-1794750,305750],[-1794750,305250],[-1793750,305250],[-1793750,305750],[-1792750,305750],[-1792750,306250],[-1792250,306250],[-1792250,306750],[-1791250,306750],[-1791250,307250],[-1790250,307250],[-1790250,307750],[-1789750,307750],[-1789750,308250],[-1788750,308250]]],[[[-1801250,307750],[-1801250,306750],[-1803750,306750],[-1803750,307250],[-1802250,307250],[-1802250,307750],[-1801250,307750]]]]}},{"type":"Feature","properties":{"key":"Wylde","name":"Wylde","area_km2":56.5,"lon":166.7353,"lat":-73.5813},"geometry":{"type":"MultiPolygon","coordinates":[[[[410250,-1741250],[410250,-1741750],[409250,-1742250],[409250,-1743750],[408750,-1743750],[408750,-1745250],[408250,-1745250],[408250,-1745750],[408750,-1745750],[408750,-1746750],[409250,-1746750],[408750,-1747750],[409250,-1747750],[409250,-1748750],[409750,-1748750],[409750,-1750250],[409250,-1750250],[409250,-1751750],[410250,-1751250],[410250,-1752750],[411750,-1752750],[411750,-1753250],[412250,-1753250],[412750,-1752250],[414750,-1752250],[414750,-1751750],[415750,-1751750],[415750,-1749250],[416250,-1749250],[416250,-1747750],[415750,-1747750],[415750,-1747250],[414750,-1747250],[415250,-1746250],[414250,-1746250],[414250,-1745750],[413750,-1745750],[413750,-1745250],[412750,-1744750],[412750,-1742750],[412250,-1742750],[412250,-1743250],[411250,-1743250],[411750,-1742250],[410750,-1742250],[410750,-1741250],[410250,-1741250]]]]}},{"type":"Feature","properties":{"key":"Flatnes","name":"Flatnes","area_km2":54.9,"lon":76.745,"lat":-69.306},"geometry":{"type":"MultiPolygon","coordinates":[[[[2204250,525750],[2204250,525250],[2205250,524750],[2205250,523750],[2206250,523750],[2205750,522750],[2206250,522750],[2206250,522250],[2207750,521250],[2207750,519250],[2208250,519250],[2208750,517250],[2211750,517250],[2212250,518250],[2213750,518250],[2213750,517750],[2214250,517750],[2214750,518750],[2216250,518750],[2216250,519250],[2216750,519250],[2216750,519750],[2218250,520750],[2218250,522750],[2217250,522750],[2216750,523750],[2215750,523750],[2215250,522750],[2214250,522750],[2214250,522250],[2213250,522250],[2213250,521750],[2212750,521750],[2212250,522750],[2210750,522750],[2210750,523250],[2209750,523250],[2209750,523750],[2208750,523750],[2208750,524250],[2207750,524250],[2207750,523750],[2207250,523750],[2206250,525250],[2204250,525750]]]]}},{"type":"Feature","properties":{"key":"Alison","name":"Alison","area_km2":52.3,"lon":-81.9139,"lat":-73.829},"geometry":{"type":"MultiPolygon","coordinates":[[[[-1749750,247750],[-1748750,247750],[-1748750,246250],[-1747750,246250],[-1747750,245750],[-1747250,245750],[-1747250,245250],[-1746250,245250],[-1746250,244250],[-1745750,244250],[-1745750,242250],[-1746250,242250],[-1746250,240250],[-1746750,240250],[-1746750,239750],[-1747250,239750],[-1747250,239250],[-1747750,239250],[-1747750,238750],[-1748750,238750],[-1748750,238250],[-1749250,238250],[-1749250,237750],[-1750250,237750],[-1750250,237250],[-1751250,237250],[-1751250,238250],[-1750750,238250],[-1750750,239250],[-1750250,239250],[-1750250,242250],[-1749750,242250],[-1749750,242750],[-1750250,242750],[-1750250,243250],[-1749750,243250],[-1749750,243750],[-1749250,243750],[-1749250,244250],[-1749750,244250],[-1749750,244750],[-1749250,244750],[-1749250,245250],[-1749750,245250],[-1749750,246250],[-1749250,246250],[-1749250,246750],[-1750250,246750],[-1750250,248250],[-1749750,248250],[-1749750,247750]]],[[[-1750750,252750],[-1750250,252750],[-1750250,251750],[-1750750,251750],[-1750750,250750],[-1751250,250750],[-1751250,254250],[-1750750,254250],[-1750750,252750]]],[[[-1751750,257250],[-1751250,257250],[-1751250,256250],[-1750750,256250],[-1750750,255250],[-1751250,255250],[-1751250,254250],[-1751750,254250],[-1751750,254750],[-1752250,254750],[-1752250,255250],[-1751750,255250],[-1751750,255750],[-1752250,255750],[-1752250,257250],[-1752750,257250],[-1752750,257750],[-1751750,257750],[-1751750,257250]]],[[[-1756750,263750],[-1756250,263750],[-1756250,263250],[-1755750,263250],[-1755750,262250],[-1754750,262250],[-1754750,260750],[-1754250,260750],[-1754250,259750],[-1753750,259750],[-1753750,259250],[-1753250,259250],[-1753250,260250],[-1752750,260250],[-1752750,258250],[-1753250,258250],[-1753250,258750],[-1753750,258750],[-1753750,258250],[-1754250,258250],[-1754250,257250],[-1753750,257250],[-1753750,256750],[-1754250,256750],[-1754250,256250],[-1754750,256250],[-1754750,256750],[-1755250,256750],[-1755250,256250],[-1756250,256250],[-1756250,262250],[-1756750,262250],[-1756750,263250],[-1757250,263250],[-1757250,264250],[-1756750,264250],[-1756750,263750]]]]}},{"type":"Feature","properties":{"key":"Jackson","name":"Jackson","area_km2":52.0,"lon":-135.7792,"lat":-74.7165},"geometry":{"type":"MultiPolygon","coordinates":[[[[-1164750,-1192750],[-1164750,-1193250],[-1166750,-1193250],[-1166750,-1193750],[-1167750,-1193750],[-1167750,-1194250],[-1168250,-1194250],[-1168250,-1194750],[-1168750,-1194750],[-1168750,-1195250],[-1169250,-1195250],[-1169250,-1197750],[-1168750,-1197750],[-1168750,-1198250],[-1167250,-1198250],[-1167250,-1199250],[-1167750,-1199250],[-1167750,-1200250],[-1166250,-1200250],[-1166250,-1200750],[-1165250,-1200750],[-1165250,-1200250],[-1162250,-1200250],[-1162250,-1200750],[-1161250,-1200750],[-1161250,-1200250],[-1160750,-1200250],[-1160750,-1198750],[-1161250,-1198750],[-1161250,-1198250],[-1160750,-1198250],[-1160750,-1197750],[-1161250,-1197750],[-1161250,-1196750],[-1160750,-1196750],[-1160750,-1195250],[-1161250,-1195250],[-1161250,-1194750],[-1161750,-1194750],[-1161750,-1194250],[-1162750,-1194250],[-1162750,-1193250],[-1163750,-1193250],[-1163750,-1192750],[-1164750,-1192750]]]]}},{"type":"Feature","properties":{"key":"Withrow","name":"Withrow","area_km2":48.5,"lon":-156.9849,"lat":-77.2711},"geometry":{"type":"MultiPolygon","coordinates":[[[[-555250,-1285750],[-555250,-1286250],[-556250,-1286250],[-556250,-1285750],[-555750,-1285750],[-555750,-1284750],[-555250,-1284750],[-555250,-1284250],[-554750,-1284250],[-554750,-1285750],[-555250,-1285750]]],[[[-555250,-1284250],[-555750,-1284250],[-555750,-1283750],[-556250,-1283750],[-556250,-1278750],[-555750,-1278750],[-555750,-1282750],[-555250,-1282750],[-555250,-1284250]]],[[[-549750,-1279250],[-550750,-1279250],[-550750,-1278750],[-551250,-1278750],[-551250,-1278250],[-551750,-1278250],[-551750,-1277750],[-550750,-1277750],[-550750,-1278250],[-549750,-1278250],[-549750,-1279250]]],[[[-536750,-1271250],[-536750,-1272750],[-536250,-1272750],[-536250,-1273250],[-536750,-1273250],[-536750,-1273750],[-536250,-1273750],[-536250,-1274250],[-535750,-1274250],[-535750,-1276250],[-535250,-1276250],[-535250,-1277750],[-535750,-1277750],[-535750,-1276750],[-536250,-1276750],[-536250,-1276250],[-536750,-1276250],[-536750,-1274250],[-537250,-1274250],[-537250,-1273750],[-537750,-1273750],[-537750,-1271750],[-538250,-1271750],[-538250,-1270750],[-538750,-1270750],[-538750,-1270250],[-537250,-1270250],[-537250,-1271250],[-536750,-1271250]]],[[[-543250,-1274250],[-543250,-1273750],[-543750,-1273750],[-543750,-1273250],[-544750,-1272750],[-544750,-1273250],[-545750,-1273250],[-545750,-1273750],[-547250,-1273750],[-547250,-1274250],[-548750,-1274250],[-548750,-1274750],[-550250,-1274750],[-550250,-1275250],[-553750,-1275250],[-553750,-1274250],[-552750,-1274250],[-552750,-1273750],[-549750,-1273750],[-549750,-1273250],[-548250,-1273250],[-548250,-1272750],[-545750,-1272750],[-545250,-1271750],[-543750,-1271750],[-543750,-1272250],[-542750,-1272250],[-542750,-1272750],[-542250,-1272750],[-542250,-1273750],[-543250,-1274250]]],[[[-540750,-1269750],[-540750,-1270750],[-541250,-1270750],[-541250,-1271750],[-541750,-1271750],[-541750,-1272750],[-542250,-1272750],[-542250,-1270250],[-541750,-1270250],[-541750,-1269750],[-540750,-1269750]]],[[[-539250,-1270250],[-539250,-1269750],[-540750,-1269750],[-540750,-1269250],[-538750,-1269250],[-538750,-1270250],[-539250,-1270250]]],[[[-532750,-1295750],[-533250,-1295750],[-533250,-1295250],[-533750,-1295250],[-533750,-1294250],[-532750,-1294250],[-532750,-1293750],[-532250,-1293750],[-532250,-1294750],[-532750,-1294750],[-532750,-1295750]]],[[[-534250,-1290750],[-534750,-1290750],[-534750,-1287750],[-534250,-1287750],[-534250,-1285750],[-533750,-1285750],[-533750,-1289250],[-534250,-1289250],[-534250,-1290750]]],[[[-534750,-1283750],[-534250,-1283750],[-534250,-1285750],[-534750,-1285750],[-534750,-1283750]]],[[[-536250,-1283750],[-535750,-1283750],[-535750,-1284250],[-536250,-1284250],[-536250,-1285250],[-536750,-1285250],[-536750,-1284750],[-537250,-1284750],[-537250,-1284250],[-537750,-1284250],[-537750,-1283250],[-538250,-1283250],[-538250,-1282250],[-537750,-1282250],[-537750,-1281750],[-536750,-1281750],[-536750,-1282250],[-536250,-1282250],[-536250,-1283750]]],[[[-535250,-1282250],[-535750,-1282250],[-535750,-1281750],[-536250,-1281750],[-536250,-1280750],[-535750,-1280750],[-535750,-1281250],[-535250,-1281250],[-535250,-1282250]]],[[[-535250,-1279750],[-535750,-1279750],[-535750,-1280250],[-536250,-1280250],[-536250,-1280750],[-536750,-1280750],[-536750,-1279250],[-535250,-1279250],[-535250,-1279750]]]]}},{"type":"Feature","properties":{"key":"HarbordGlacier","name":"Harbord Glacier","area_km2":48.4,"lon":162.7095,"lat":-75.9192},"geometry":{"type":"MultiPolygon","coordinates":[[[[459250,-1464250],[458750,-1465250],[457250,-1465250],[457250,-1465750],[456250,-1465750],[456250,-1466250],[454750,-1466250],[454750,-1466750],[452750,-1466750],[452750,-1467250],[449250,-1467250],[448750,-1468250],[449250,-1468250],[449750,-1469250],[456250,-1469250],[456250,-1469750],[457250,-1469750],[457250,-1470750],[456750,-1470750],[456750,-1471250],[457250,-1471250],[457250,-1471750],[458750,-1471750],[458750,-1471250],[459750,-1471250],[459750,-1470250],[460750,-1470250],[460750,-1469250],[460250,-1469250],[460250,-1468750],[460750,-1468750],[460750,-1468250],[461750,-1468250],[461750,-1467750],[462750,-1467750],[462750,-1467250],[462250,-1467250],[462250,-1466250],[461750,-1466250],[461750,-1465250],[461250,-1465250],[460750,-1464250],[459250,-1464250]]]]}},{"type":"Feature","properties":{"key":"Fox#West","name":"Fox (West Antarctica)","area_km2":48.1,"lon":-85.2957,"lat":-73.4649},"geometry":{"type":"MultiPolygon","coordinates":[[[[-1796250,156750],[-1796750,155750],[-1798750,155250],[-1798750,154750],[-1799250,154750],[-1799250,153750],[-1800250,153750],[-1800250,153250],[-1801250,153250],[-1801250,152750],[-1801750,152750],[-1801750,151750],[-1802250,151750],[-1802250,150750],[-1803250,150750],[-1803250,149250],[-1804250,148750],[-1804250,147750],[-1804750,147750],[-1804750,147250],[-1805250,147250],[-1806750,145250],[-1807750,145250],[-1809250,143250],[-1810250,143250],[-1810250,142750],[-1809750,142750],[-1809750,141750],[-1809250,141750],[-1808750,142750],[-1807750,142750],[-1807750,143250],[-1806750,143250],[-1806750,142750],[-1805750,142750],[-1805750,142250],[-1803750,142250],[-1803750,142750],[-1801750,144250],[-1802750,148250],[-1801750,148750],[-1801750,149750],[-1801250,149750],[-1801250,150750],[-1800750,150750],[-1800750,151250],[-1798250,151750],[-1798250,152250],[-1797750,152250],[-1797750,153250],[-1795750,153750],[-1795750,155250],[-1794750,155750],[-1794750,156750],[-1795250,156750],[-1795250,156250],[-1796250,156750]],[[-1802750,150250],[-1802250,150250],[-1802250,149250],[-1802750,149250],[-1802750,150250]],[[-1803750,145250],[-1803250,145250],[-1803250,144250],[-1803750,144250],[-1803750,145250]]]]}},{"type":"Feature","properties":{"key":"Drury","name":"Drury","area_km2":46.2,"lon":156.861,"lat":-69.1484},"geometry":{"type":"MultiPolygon","coordinates":[[[[896250,-2102250],[897750,-2102250],[897750,-2101750],[900250,-2101750],[900250,-2102250],[901250,-2102250],[901250,-2101750],[902750,-2101750],[902750,-2102250],[904750,-2102250],[904750,-2102750],[905750,-2102750],[905750,-2103250],[905250,-2103250],[905250,-2104250],[902250,-2104250],[902250,-2102750],[900250,-2102750],[900250,-2103250],[901250,-2103250],[901250,-2103750],[900750,-2103750],[900750,-2104250],[901250,-2104250],[901250,-2104750],[901750,-2104750],[901750,-2105250],[900750,-2105250],[900750,-2105750],[901750,-2105750],[901750,-2111250],[900750,-2111250],[900750,-2110250],[899750,-2110250],[899750,-2111250],[898750,-2111250],[898750,-2110250],[897750,-2110250],[897750,-2107250],[897250,-2107250],[897250,-2106750],[896750,-2106750],[896750,-2105250],[896250,-2105250],[896250,-2104250],[895750,-2104250],[895750,-2102750],[896250,-2102750],[896250,-2102250]],[[896250,-2103250],[896750,-2103250],[896750,-2102750],[896250,-2102750],[896250,-2103250]]],[[[906750,-2103961],[906926,-2104125],[906921,-2104169],[906876,-2104163],[906767,-2104250],[906750,-2104250],[906750,-2103961]]]]}},{"type":"Feature","properties":{"key":"Zelee","name":"Z\u00e9l\u00e9e","area_km2":46.0,"lon":141.1802,"lat":-66.8117},"geometry":{"type":"MultiPolygon","coordinates":[[[[1597750,-1986750],[1597250,-1987750],[1592750,-1987750],[1592750,-1988750],[1593250,-1988750],[1593750,-1989750],[1594750,-1989750],[1595250,-1990750],[1595750,-1990750],[1595750,-1990250],[1596750,-1990250],[1596750,-1991250],[1603750,-1991250],[1603750,-1991750],[1605250,-1991750],[1605250,-1990750],[1605750,-1990750],[1605750,-1989250],[1606750,-1988750],[1606750,-1987250],[1601250,-1986750],[1601250,-1987250],[1600250,-1987250],[1600250,-1987750],[1599750,-1987750],[1599750,-1987250],[1598750,-1987250],[1598750,-1987750],[1598250,-1987750],[1598250,-1986750],[1597750,-1986750]],[[1599750,-1988250],[1600750,-1988250],[1600750,-1988750],[1599750,-1988750],[1599750,-1988250]]]]}},{"type":"Feature","properties":{"key":"Parker","name":"Parker","area_km2":43.4,"lon":165.77,"lat":-73.8456},"geometry":{"type":"MultiPolygon","coordinates":[[[[423250,-1708250],[423250,-1709250],[425750,-1709250],[425750,-1710250],[428750,-1710250],[428750,-1711250],[430750,-1711250],[430750,-1712250],[432750,-1712250],[432750,-1713250],[433750,-1713250],[434250,-1714250],[436250,-1714250],[436750,-1715750],[440250,-1716250],[440250,-1715250],[440750,-1715750],[441750,-1715250],[441750,-1714250],[440750,-1714250],[440750,-1713250],[439750,-1713250],[438750,-1711750],[437750,-1712750],[436750,-1711750],[436750,-1710250],[435750,-1711250],[435750,-1710750],[434250,-1710750],[434250,-1710250],[433250,-1710750],[433250,-1710250],[431750,-1710250],[431750,-1709750],[430250,-1709750],[430250,-1709250],[427250,-1709250],[427250,-1708750],[423250,-1708250]]]]}},{"type":"Feature","properties":{"key":"Garfield","name":"Garfield","area_km2":42.9,"lon":-136.8898,"lat":-75.0273},"geometry":{"type":"MultiPolygon","coordinates":[[[[-1115250,-1198039],[-1115250,-1197250],[-1115750,-1197250],[-1115750,-1196250],[-1116750,-1196250],[-1116750,-1195750],[-1122750,-1195750],[-1122750,-1196250],[-1123750,-1196250],[-1124250,-1197250],[-1125250,-1197250],[-1125250,-1196750],[-1124750,-1196750],[-1124750,-1196250],[-1124250,-1196250],[-1124250,-1195750],[-1123750,-1195750],[-1123750,-1195250],[-1122750,-1194750],[-1122750,-1193250],[-1122250,-1193250],[-1122250,-1192250],[-1121750,-1192250],[-1121750,-1191750],[-1120750,-1191750],[-1120750,-1192250],[-1119750,-1192250],[-1119750,-1191750],[-1118750,-1191750],[-1118750,-1192250],[-1117250,-1192250],[-1117250,-1191750],[-1113750,-1191750],[-1113750,-1192250],[-1112750,-1192250],[-1112750,-1191750],[-1112312,-1191750],[-1114240,-1196594],[-1114316,-1197787],[-1115250,-1198039]],[[-1119750,-1192750],[-1119250,-1192750],[-1119250,-1192250],[-1119750,-1192250],[-1119750,-1192750]]]]}},{"type":"Feature","properties":{"key":"Dalk","name":"Dalk","area_km2":30.0,"lon":76.438,"lat":-69.4274},"geometry":{"type":"MultiPolygon","coordinates":[[[[2191750,531750],[2191750,531250],[2191250,531250],[2191250,530250],[2190750,530250],[2190750,529250],[2191250,529250],[2191250,528750],[2192250,528750],[2192250,529250],[2193250,529250],[2193250,528750],[2193750,528750],[2193750,528250],[2194250,528250],[2194250,527750],[2194750,527750],[2194750,527250],[2195250,527250],[2195250,527750],[2195750,527750],[2195750,527250],[2199250,527250],[2199250,528250],[2199750,528250],[2199750,530750],[2199250,530750],[2199250,531250],[2196250,531250],[2196250,531750],[2194750,531750],[2194750,531250],[2194250,531250],[2194250,531750],[2191750,531750]],[[2198250,528250],[2198750,528250],[2198750,527750],[2198250,527750],[2198250,528250]]]]}},{"type":"Feature","properties":{"key":"Skallen","name":"Skallen","area_km2":29.8,"lon":39.6015,"lat":-69.6616},"geometry":{"type":"MultiPolygon","coordinates":[[[[1421250,1715750],[1421250,1716250],[1420750,1716250],[1420750,1716750],[1420250,1716750],[1420250,1717750],[1419750,1717750],[1419750,1719750],[1420250,1719750],[1420250,1720250],[1420750,1720250],[1420750,1721250],[1421750,1721250],[1421750,1721750],[1422250,1721750],[1422250,1722250],[1422750,1722250],[1422750,1722750],[1424750,1722750],[1424750,1724250],[1425250,1724250],[1425250,1724750],[1426250,1724750],[1426250,1725250],[1426750,1725250],[1426750,1724250],[1427250,1724250],[1427250,1723750],[1426750,1723750],[1426750,1722750],[1425750,1722750],[1425750,1721250],[1425250,1721250],[1425250,1720750],[1424750,1720750],[1424669,1719451],[1423948,1719086],[1423276,1716034],[1422390,1715384],[1422250,1715750],[1421250,1715750]]]]}},{"type":"Feature","properties":{"key":"Hummer_Point","name":"Hummer Point","area_km2":29.5,"lon":-110.2831,"lat":-74.4058},"geometry":{"type":"MultiPolygon","coordinates":[[[[-1597750,-587250],[-1597750,-587750],[-1598250,-587750],[-1598250,-588250],[-1599750,-588250],[-1599750,-588750],[-1600250,-588750],[-1600250,-589250],[-1601750,-589250],[-1601750,-589750],[-1602250,-589750],[-1602250,-591750],[-1601750,-591750],[-1601750,-592250],[-1600750,-592250],[-1600750,-592750],[-1600250,-592750],[-1600250,-593250],[-1599750,-593250],[-1599750,-593750],[-1599250,-593750],[-1599250,-594250],[-1598750,-594250],[-1598750,-594750],[-1597750,-594750],[-1597750,-592750],[-1596250,-592750],[-1596250,-592250],[-1595750,-592250],[-1595750,-590250],[-1596250,-590250],[-1596250,-589250],[-1596750,-589250],[-1596750,-587750],[-1596250,-587750],[-1596250,-587250],[-1597750,-587250]]]]}},{"type":"Feature","properties":{"key":"Commandant_Charcot","name":"Commandant Charcot","area_km2":28.9,"lon":136.5964,"lat":-66.4337},"geometry":{"type":"MultiPolygon","coordinates":[[[[1780750,-1882250],[1780750,-1882750],[1781750,-1882750],[1781750,-1883250],[1780250,-1883250],[1780250,-1884250],[1779750,-1884250],[1779750,-1884750],[1780250,-1884750],[1780250,-1885250],[1780750,-1885250],[1780750,-1886750],[1781250,-1886750],[1781250,-1887250],[1782250,-1887250],[1782250,-1888750],[1783250,-1888750],[1783250,-1889250],[1783750,-1889250],[1783750,-1890250],[1784750,-1890250],[1784750,-1888250],[1785750,-1888250],[1785750,-1886250],[1789750,-1886250],[1789750,-1885250],[1786750,-1885250],[1786750,-1885750],[1785750,-1885750],[1785750,-1885250],[1785250,-1885250],[1785250,-1884750],[1784750,-1884750],[1784750,-1884250],[1784250,-1884250],[1784250,-1883250],[1783750,-1883250],[1783750,-1883750],[1783250,-1883750],[1783250,-1882750],[1782250,-1882750],[1782250,-1882250],[1780750,-1882250]],[[1782250,-1883250],[1782750,-1883250],[1782750,-1883750],[1782250,-1883750],[1782250,-1883250]]]]}},{"type":"Feature","properties":{"key":"Gannutz","name":"Gannutz","area_km2":26.9,"lon":162.1592,"lat":-70.3459},"geometry":{"type":"MultiPolygon","coordinates":[[[[658250,-2048250],[658250,-2048750],[657750,-2048750],[657750,-2049750],[658250,-2049750],[658250,-2050750],[658750,-2050750],[658750,-2051250],[658250,-2051250],[658250,-2052250],[658750,-2052250],[658750,-2053250],[658250,-2053250],[658250,-2058250],[658750,-2058250],[658750,-2054250],[659750,-2054250],[659750,-2053750],[660250,-2053750],[660250,-2054250],[661750,-2054250],[661750,-2055250],[662750,-2055250],[662750,-2054750],[663750,-2054750],[663750,-2053750],[663250,-2053750],[663250,-2052750],[662750,-2052750],[662750,-2052250],[662250,-2052250],[662250,-2051750],[663250,-2051750],[663250,-2052250],[663750,-2052250],[663750,-2051250],[663250,-2051250],[663250,-2050750],[662750,-2050750],[662750,-2051250],[662250,-2051250],[662250,-2050250],[661750,-2050250],[661750,-2049750],[661250,-2049750],[661250,-2049250],[660750,-2049250],[660750,-2048750],[659250,-2048750],[659250,-2048250],[658250,-2048250]],[[659250,-2053250],[659750,-2053250],[659750,-2053750],[659250,-2053750],[659250,-2053250]]]]}},{"type":"Feature","properties":{"key":"Williamson","name":"Williamson","area_km2":25.4,"lon":114.5256,"lat":-66.461},"geometry":{"type":"MultiPolygon","coordinates":[[[[2350750,-1086750],[2350750,-1089250],[2350250,-1089250],[2350250,-1088250],[2349750,-1088250],[2349750,-1087750],[2350250,-1087750],[2350250,-1086750],[2350750,-1086750]]],[[[2354750,-1079250],[2354750,-1078250],[2355250,-1078250],[2355250,-1077250],[2355750,-1077250],[2355750,-1079250],[2354750,-1079250]]],[[[2356750,-1075250],[2356750,-1075750],[2357250,-1075750],[2357250,-1073750],[2357750,-1073750],[2357750,-1073250],[2359250,-1073250],[2359250,-1073750],[2361250,-1073750],[2361250,-1072750],[2361750,-1072750],[2361750,-1072250],[2362750,-1072250],[2363140,-1073813],[2363743,-1074657],[2363836,-1075815],[2363250,-1075750],[2363250,-1075250],[2361750,-1075250],[2361750,-1074250],[2360750,-1074250],[2360750,-1077250],[2359750,-1077250],[2359750,-1078250],[2357750,-1078250],[2357750,-1077250],[2355750,-1077250],[2355750,-1075750],[2356250,-1075750],[2356250,-1075250],[2356750,-1075250]],[[2359750,-1076750],[2359750,-1076250],[2359250,-1076250],[2359250,-1076750],[2359750,-1076750]]]]}},{"type":"Feature","properties":{"key":"Sandford","name":"Sandford","area_km2":24.3,"lon":129.5309,"lat":-66.7179},"geometry":{"type":"MultiPolygon","coordinates":[[[[1972250,-1627750],[1972250,-1628250],[1973250,-1628750],[1973250,-1631250],[1973750,-1631250],[1973750,-1631750],[1974250,-1631750],[1974750,-1632750],[1975750,-1632750],[1975750,-1633250],[1977250,-1633250],[1977250,-1633750],[1978750,-1633750],[1978750,-1633250],[1980250,-1633250],[1980250,-1632750],[1980750,-1632750],[1980750,-1633250],[1981750,-1633250],[1981750,-1633750],[1982250,-1633750],[1982250,-1634750],[1982750,-1634750],[1982750,-1635750],[1983750,-1636250],[1983750,-1633750],[1982750,-1633750],[1982750,-1633250],[1982250,-1633250],[1982250,-1632750],[1981250,-1632750],[1981250,-1632250],[1979250,-1632250],[1979250,-1631750],[1978750,-1631750],[1978750,-1630750],[1977750,-1630750],[1977750,-1630250],[1976750,-1630250],[1976250,-1629250],[1975750,-1629250],[1975750,-1629750],[1974750,-1629750],[1973750,-1627750],[1972250,-1627750]]]]}},{"type":"Feature","properties":{"key":"Mandible_Cirque","name":"Mandible Cirque","area_km2":23.8,"lon":169.2907,"lat":-73.1194},"geometry":{"type":"MultiPolygon","coordinates":[[[[342750,-1811250],[342750,-1811750],[341750,-1811750],[341750,-1813250],[341250,-1813250],[341250,-1814250],[341750,-1814250],[341750,-1814750],[341250,-1814750],[341250,-1815250],[340250,-1815250],[340250,-1816250],[341250,-1816250],[341250,-1816750],[341750,-1816750],[341750,-1817750],[342250,-1817750],[342250,-1818250],[343250,-1818250],[343250,-1817750],[343750,-1817750],[343750,-1817250],[344750,-1817250],[344750,-1816750],[345250,-1816750],[345250,-1815750],[345750,-1815750],[345750,-1814250],[345250,-1814250],[345250,-1812750],[344750,-1812750],[344750,-1811750],[344250,-1811750],[344250,-1812250],[343750,-1812250],[343750,-1811250],[342750,-1811250]]]]}},{"type":"Feature","properties":{"key":"Marret","name":"Marret","area_km2":23.8,"lon":137.7525,"lat":-66.4088},"geometry":{"type":"MultiPolygon","coordinates":[[[[1744750,-1921750],[1744750,-1922250],[1744250,-1922250],[1744250,-1922750],[1743750,-1922750],[1743750,-1923250],[1743250,-1923250],[1743250,-1923750],[1742750,-1923750],[1742750,-1924250],[1741750,-1924750],[1741750,-1925250],[1742750,-1925250],[1743250,-1926250],[1743750,-1926250],[1743750,-1925750],[1744750,-1925750],[1744750,-1925250],[1745750,-1925250],[1745750,-1924250],[1750750,-1924250],[1750750,-1925250],[1751250,-1925250],[1751250,-1924750],[1751750,-1924750],[1751750,-1924250],[1752250,-1924250],[1752750,-1923250],[1753750,-1923250],[1753750,-1922250],[1753250,-1922250],[1753250,-1922750],[1752250,-1922750],[1752250,-1923250],[1751250,-1923250],[1751750,-1922250],[1750250,-1922250],[1750250,-1922750],[1749250,-1922750],[1749250,-1922250],[1747250,-1922250],[1747250,-1921750],[1744750,-1921750]]]]}},{"type":"Feature","properties":{"key":"Arneb","name":"Arneb","area_km2":23.7,"lon":170.0199,"lat":-72.3903},"geometry":{"type":"MultiPolygon","coordinates":[[[[336750,-1893250],[336250,-1894250],[334250,-1894250],[334250,-1894750],[333250,-1895250],[333250,-1897750],[332750,-1897750],[332750,-1899750],[332250,-1899750],[332250,-1902250],[331750,-1902250],[331750,-1903250],[331250,-1903250],[331250,-1904750],[329750,-1905750],[329750,-1906750],[329250,-1906750],[329250,-1907250],[330250,-1907250],[330250,-1906750],[331750,-1905750],[331750,-1904750],[332750,-1904250],[332750,-1903250],[333250,-1903250],[333250,-1900250],[334250,-1899750],[334250,-1898250],[333750,-1898250],[333750,-1897750],[334250,-1897750],[334250,-1896250],[335250,-1896250],[335250,-1895750],[336750,-1895750],[337750,-1894250],[339750,-1894250],[339750,-1893750],[340750,-1893750],[340750,-1893250],[336750,-1893250]]]]}},{"type":"Feature","properties":{"key":"Harmon_Bay","name":"Harmon Bay","area_km2":23.7,"lon":-110.7838,"lat":-74.2976},"geometry":{"type":"MultiPolygon","coordinates":[[[[-1606250,-606750],[-1606250,-607250],[-1606750,-607250],[-1606750,-607750],[-1607250,-607750],[-1607250,-608250],[-1607750,-608250],[-1607750,-607750],[-1608250,-607750],[-1608250,-608750],[-1607750,-608750],[-1607750,-609250],[-1607250,-609250],[-1607250,-611250],[-1604250,-611250],[-1604250,-611750],[-1603750,-611750],[-1603750,-611250],[-1603250,-611250],[-1603250,-610750],[-1602250,-610750],[-1602250,-610250],[-1601750,-610250],[-1601750,-607750],[-1602250,-607750],[-1602250,-607250],[-1603250,-607250],[-1603250,-606750],[-1606250,-606750]]]]}},{"type":"Feature","properties":{"key":"Dawson_Lambton","name":"Dawson-Lambton","area_km2":23.6,"lon":-26.7391,"lat":-76.1206},"geometry":{"type":"MultiPolygon","coordinates":[[[[-683250,1355750],[-683250,1355250],[-684250,1355250],[-684250,1351750],[-683250,1351750],[-683250,1350750],[-682750,1350750],[-682750,1350250],[-680250,1350250],[-680250,1350750],[-679750,1350750],[-679750,1351250],[-679250,1351250],[-679250,1351750],[-679750,1351750],[-679750,1353750],[-679250,1353750],[-679250,1354750],[-678750,1354750],[-678750,1355250],[-679750,1355250],[-679750,1355750],[-681750,1355750],[-681750,1355250],[-682750,1355250],[-682750,1355750],[-683250,1355750]]]]}},{"type":"Feature","properties":{"key":"Morse","name":"Morse","area_km2":23.4,"lon":129.9882,"lat":-66.3246},"geometry":{"type":"MultiPolygon","coordinates":[[[[1997750,-1678924],[1997750,-1678250],[1996750,-1678250],[1996750,-1677250],[1995750,-1677250],[1995250,-1676250],[1996250,-1676250],[1996250,-1675750],[1996750,-1675750],[1996750,-1673750],[1997250,-1673750],[1996750,-1672750],[1997750,-1672250],[1997750,-1668750],[1998250,-1668750],[1998250,-1669250],[1998750,-1669250],[1998750,-1670250],[1998250,-1670250],[1998250,-1673750],[1998750,-1673750],[1998750,-1674750],[1999750,-1674750],[1999750,-1675750],[2000250,-1675750],[2000750,-1676750],[2000250,-1676750],[2000250,-1679750],[1999250,-1679750],[1999250,-1681081],[1997750,-1678924]]],[[[1999282,-1681250],[1999750,-1681250],[1999750,-1682690],[1999599,-1682906],[1999282,-1681250]]]]}},{"type":"Feature","properties":{"key":"Britten","name":"Britten","area_km2":22.2,"lon":-72.528,"lat":-72.5843},"geometry":{"type":"MultiPolygon","coordinates":[[[[-1821750,576250],[-1821750,573250],[-1822250,573250],[-1822250,572750],[-1821750,572750],[-1821750,572250],[-1820750,571750],[-1820750,570750],[-1819750,570750],[-1819750,570250],[-1818750,570250],[-1818250,569250],[-1817750,569250],[-1817750,570750],[-1817250,570750],[-1817250,571750],[-1815250,571750],[-1815250,571250],[-1814250,571250],[-1814250,570750],[-1810250,570750],[-1810750,571750],[-1811250,571750],[-1811250,571250],[-1813250,571250],[-1813250,571750],[-1814750,571750],[-1814750,572250],[-1817250,572250],[-1817250,572750],[-1817750,572750],[-1817750,573250],[-1818250,573250],[-1818250,573750],[-1818750,573750],[-1819250,574750],[-1820750,574750],[-1820750,575250],[-1821250,575250],[-1820750,576250],[-1821750,576250]]]]}},{"type":"Feature","properties":{"key":"Telen","name":"Telen","area_km2":17.8,"lon":39.7214,"lat":-69.643},"geometry":{"type":"MultiPolygon","coordinates":[[[[1428250,1716750],[1428250,1717750],[1427750,1717750],[1427750,1718750],[1427250,1718750],[1427250,1718250],[1426750,1718250],[1426750,1717750],[1426250,1717750],[1426250,1718250],[1425750,1718250],[1425750,1718750],[1424250,1718750],[1424250,1718250],[1423750,1718250],[1423750,1715750],[1423250,1715750],[1423250,1715250],[1422250,1715250],[1422250,1715582],[1422390,1715384],[1422840,1715550],[1423276,1716034],[1423464,1717345],[1423948,1719086],[1424669,1719451],[1424750,1720425],[1424750,1719750],[1427250,1719750],[1427250,1721250],[1427750,1721250],[1427750,1720750],[1429250,1720750],[1429250,1720250],[1429750,1720250],[1429750,1720750],[1431250,1720750],[1431250,1720250],[1430250,1720250],[1430250,1718250],[1430750,1718250],[1430750,1716250],[1429250,1716250],[1429250,1716750],[1428250,1716750]]]]}},{"type":"Feature","properties":{"key":"Suter","name":"Suter","area_km2":16.7,"lon":167.1586,"lat":-73.5233},"geometry":{"type":"MultiPolygon","coordinates":[[[[397250,-1752250],[397250,-1753250],[396750,-1753250],[396750,-1753750],[397250,-1753750],[397250,-1754250],[397750,-1754250],[397750,-1755250],[398750,-1755250],[398750,-1756750],[399250,-1756750],[399250,-1757250],[399750,-1757250],[399750,-1758250],[400750,-1758250],[400750,-1759250],[401750,-1759250],[401750,-1760250],[402750,-1760250],[402750,-1761250],[403250,-1761250],[403250,-1761750],[404250,-1761750],[404250,-1760250],[403750,-1760250],[403750,-1759250],[403250,-1759250],[403250,-1758750],[402250,-1758750],[402250,-1758250],[401750,-1758250],[401750,-1757250],[401250,-1757250],[401250,-1756750],[400750,-1756750],[400750,-1755750],[400250,-1755750],[400250,-1755250],[399750,-1755250],[399750,-1754250],[398750,-1754250],[398750,-1753750],[399250,-1753750],[399250,-1753250],[398250,-1753250],[398250,-1752750],[397750,-1752750],[397750,-1752250],[397250,-1752250]]]]}},{"type":"Feature","properties":{"key":"Hayes_Coats_Coast","name":"Hayes Coats Coast","area_km2":16.4,"lon":-27.7961,"lat":-76.2476},"geometry":{"type":"MultiPolygon","coordinates":[[[[-699750,1331250],[-699750,1330750],[-700250,1330750],[-700250,1329750],[-700750,1329750],[-700750,1328250],[-701250,1328250],[-701250,1327750],[-701750,1327750],[-701750,1326750],[-702250,1326750],[-702250,1326250],[-702750,1326250],[-702750,1325250],[-703250,1325250],[-703250,1324750],[-701750,1324750],[-701750,1326250],[-701250,1326250],[-701250,1325750],[-700750,1325750],[-700750,1324750],[-700250,1324750],[-700250,1326250],[-699250,1326250],[-699250,1326750],[-698750,1326750],[-698750,1327750],[-697750,1327750],[-697750,1329750],[-698250,1329750],[-698250,1330750],[-698750,1330750],[-698750,1331250],[-699750,1331250]]]]}},{"type":"Feature","properties":{"key":"Liotard","name":"Liotard","area_km2":16.0,"lon":139.5178,"lat":-66.6104},"geometry":{"type":"MultiPolygon","coordinates":[[[[1673750,-1960250],[1672750,-1960250],[1672750,-1960750],[1672250,-1960750],[1672250,-1961250],[1671750,-1961250],[1671750,-1962250],[1670250,-1962250],[1670250,-1960750],[1669750,-1960750],[1669750,-1959750],[1670250,-1959750],[1670250,-1960250],[1670750,-1960250],[1670750,-1959250],[1670250,-1959250],[1670250,-1956750],[1671250,-1956750],[1671250,-1956250],[1671750,-1956250],[1671750,-1957250],[1672250,-1957250],[1672250,-1958750],[1672750,-1958750],[1672750,-1959250],[1673750,-1959250],[1673750,-1960250]]],[[[1673750,-1958250],[1673250,-1958250],[1673250,-1957750],[1674250,-1957750],[1674250,-1957250],[1675750,-1957250],[1675750,-1959250],[1673750,-1959250],[1673750,-1958250]]]]}},{"type":"Feature","properties":{"key":"Barber","name":"Barber","area_km2":14.9,"lon":162.7963,"lat":-70.4197},"geometry":{"type":"MultiPolygon","coordinates":[[[[632750,-2048750],[632750,-2049250],[633750,-2049250],[633750,-2049750],[634250,-2049750],[634250,-2050250],[633750,-2050250],[633750,-2052250],[633250,-2052250],[633250,-2051250],[632750,-2051250],[632750,-2052750],[633250,-2052750],[633250,-2053250],[634250,-2053250],[634250,-2052750],[634750,-2052750],[634750,-2053250],[635750,-2053250],[635750,-2053750],[636250,-2053750],[636250,-2054250],[636750,-2054250],[636750,-2053250],[637250,-2053250],[637250,-2052250],[637750,-2052250],[637750,-2051750],[637250,-2051750],[637250,-2050750],[636750,-2050750],[636750,-2050250],[635750,-2050250],[635750,-2049250],[634750,-2049250],[634750,-2048750],[632750,-2048750]]]]}},{"type":"Feature","properties":{"key":"Hovde","name":"Hovde","area_km2":14.8,"lon":76.9405,"lat":-69.2504},"geometry":{"type":"MultiPolygon","coordinates":[[[[2219250,516750],[2219250,516250],[2217750,516250],[2217750,515750],[2217250,515750],[2217250,515250],[2217750,515250],[2217750,514750],[2217250,514750],[2217250,514250],[2216750,514250],[2216750,513250],[2218250,513250],[2218250,512750],[2219750,512750],[2219750,513250],[2220250,513250],[2220250,513750],[2220750,513750],[2220750,514250],[2222250,514250],[2222250,515750],[2221750,515750],[2221750,516750],[2219250,516750]]]]}},{"type":"Feature","properties":{"key":"Erebus","name":"Erebus","area_km2":12.7,"lon":166.6962,"lat":-77.7014},"geometry":{"type":"MultiPolygon","coordinates":[[[[304250,-1308250],[304250,-1308750],[303250,-1308750],[303250,-1308250],[303750,-1308250],[303750,-1307750],[304750,-1307750],[304750,-1308250],[304250,-1308250]]],[[[306250,-1306750],[306250,-1307250],[305250,-1307250],[305250,-1307750],[304750,-1307750],[304750,-1306750],[306250,-1306750]]],[[[303750,-1306250],[304750,-1306250],[304750,-1306750],[303250,-1306750],[303250,-1307250],[302750,-1307250],[302750,-1306250],[303250,-1306250],[303250,-1305250],[303750,-1305250],[303750,-1306250]]],[[[313250,-1304750],[312250,-1304750],[312250,-1305250],[310250,-1305250],[310250,-1305750],[309750,-1305750],[309750,-1305250],[309250,-1305250],[309250,-1304750],[308250,-1304750],[308250,-1305250],[306750,-1305250],[306750,-1304750],[307750,-1304750],[307750,-1304250],[308750,-1304250],[308750,-1303750],[311250,-1303750],[311250,-1303250],[313250,-1303250],[313250,-1304750]]]]}},{"type":"Feature","properties":{"key":"Quatermain_Point","name":"Quatermain Point","area_km2":12.6,"lon":170.1025,"lat":-72.0369},"geometry":{"type":"MultiPolygon","coordinates":[[[[336750,-1935250],[336750,-1936250],[335750,-1936250],[335750,-1937250],[336750,-1937250],[336750,-1939250],[337250,-1939250],[337250,-1939750],[337750,-1939750],[337750,-1940250],[338250,-1940250],[338250,-1940750],[338750,-1940750],[338750,-1939750],[339250,-1939750],[339250,-1939250],[339750,-1939250],[339750,-1938750],[340250,-1938750],[340250,-1936750],[338250,-1936750],[338250,-1936250],[337250,-1936250],[337250,-1935250],[336750,-1935250]]]]}},{"type":"Feature","properties":{"key":"CapeWashington","name":"Cape Washington","area_km2":12.5,"lon":165.138,"lat":-74.5457},"geometry":{"type":"MultiPolygon","coordinates":[[[[432750,-1630750],[432750,-1631250],[431750,-1631250],[431750,-1632250],[430750,-1632250],[430750,-1633250],[431250,-1633250],[431250,-1633750],[431750,-1633750],[431750,-1634250],[432250,-1634250],[432250,-1634750],[432750,-1634750],[432750,-1634250],[433250,-1634250],[433250,-1634750],[433750,-1634750],[433750,-1633750],[434250,-1633750],[434250,-1633250],[434750,-1633250],[434750,-1632250],[435250,-1632250],[435250,-1631750],[435750,-1631750],[435750,-1630750],[432750,-1630750]]]]}},{"type":"Feature","properties":{"key":"Kirkby","name":"Kirkby","area_km2":11.0,"lon":166.0032,"lat":-70.6688},"geometry":{"type":"MultiPolygon","coordinates":[[[[512250,-2054750],[512250,-2055250],[511250,-2055250],[511250,-2055750],[510750,-2055750],[510750,-2057250],[511750,-2057250],[511750,-2057750],[511250,-2057750],[511250,-2059250],[511750,-2059250],[511750,-2058250],[514750,-2058250],[514750,-2056750],[514250,-2056750],[514250,-2056250],[513750,-2056250],[513750,-2055750],[514250,-2055750],[514250,-2055250],[513250,-2055250],[513250,-2054750],[512250,-2054750]]]]}},{"type":"Feature","properties":{"key":"Manhaul","name":"Manhaul","area_km2":10.6,"lon":169.8157,"lat":-72.395},"geometry":{"type":"MultiPolygon","coordinates":[[[[340250,-1895250],[340250,-1895750],[338750,-1895750],[338750,-1897750],[339250,-1897750],[339250,-1898250],[340250,-1898250],[340250,-1898750],[341250,-1898750],[341250,-1898250],[342750,-1898250],[342750,-1897750],[343250,-1897750],[343250,-1897250],[342750,-1897250],[342750,-1896250],[342250,-1896250],[342250,-1895750],[340750,-1895750],[340750,-1895250],[340250,-1895250]]]]}},{"type":"Feature","properties":{"key":"ClarkeBay","name":"Clarke Bay","area_km2":10.4,"lon":-60.9854,"lat":-74.4063},"geometry":{"type":"MultiPolygon","coordinates":[[[[-1492250,828750],[-1492250,826750],[-1491750,826750],[-1491750,825250],[-1490750,825250],[-1490750,824750],[-1489750,824750],[-1489750,825250],[-1488250,825250],[-1488250,826750],[-1489750,826750],[-1489750,827750],[-1490250,827750],[-1490250,828750],[-1492250,828750]]]]}},{"type":"Feature","properties":{"key":"Rose_Point","name":"Rose Point","area_km2":9.4,"lon":-136.5401,"lat":-74.7662},"geometry":{"type":"MultiPolygon","coordinates":[[[[-1146750,-1206250],[-1146750,-1206750],[-1147250,-1206750],[-1147250,-1207250],[-1147750,-1207250],[-1147750,-1208250],[-1147250,-1208250],[-1147250,-1208750],[-1146250,-1208750],[-1146250,-1208250],[-1145250,-1208250],[-1145250,-1208750],[-1144250,-1208750],[-1144250,-1209250],[-1143750,-1209250],[-1143750,-1209750],[-1143250,-1209750],[-1143250,-1210250],[-1142750,-1210250],[-1142750,-1211250],[-1142250,-1211250],[-1142250,-1209250],[-1142750,-1209250],[-1142750,-1208750],[-1143250,-1208750],[-1143250,-1208250],[-1143750,-1208250],[-1143750,-1207750],[-1144250,-1207750],[-1144250,-1207250],[-1144750,-1207250],[-1144750,-1206750],[-1146250,-1206750],[-1146250,-1206250],[-1146750,-1206250]]]]}},{"type":"Feature","properties":{"key":"Marin","name":"Marin","area_km2":9.2,"lon":162.4244,"lat":-76.0854},"geometry":{"type":"MultiPolygon","coordinates":[[[[455750,-1445750],[455750,-1447250],[456750,-1447250],[456750,-1448250],[458750,-1448250],[458750,-1449250],[459250,-1449250],[459250,-1449750],[459750,-1449750],[459750,-1449250],[460750,-1449250],[460750,-1450750],[461750,-1450750],[461750,-1449250],[461250,-1449250],[461250,-1448750],[460750,-1448750],[460750,-1448250],[459750,-1448250],[459750,-1447750],[458750,-1447750],[458750,-1447250],[457750,-1447250],[457750,-1446250],[456750,-1446250],[456750,-1445750],[455750,-1445750]]]]}},{"type":"Feature","properties":{"key":"McLeod","name":"McLeod","area_km2":7.7,"lon":158.4279,"lat":-69.3404},"geometry":{"type":"MultiPolygon","coordinates":[[[[833750,-2107750],[833750,-2108250],[833250,-2108250],[833250,-2108750],[832750,-2108750],[832750,-2109250],[832250,-2109250],[832250,-2111250],[832750,-2111250],[832750,-2110250],[833750,-2110250],[833750,-2111250],[834250,-2111250],[834250,-2110750],[834750,-2110750],[834750,-2110250],[835750,-2110250],[835750,-2108750],[835250,-2108750],[835250,-2108250],[834750,-2108250],[834750,-2107750],[833750,-2107750]]]]}},{"type":"Feature","properties":{"key":"Perkins","name":"Perkins","area_km2":7.4,"lon":-136.7338,"lat":-74.9232},"geometry":{"type":"MultiPolygon","coordinates":[[[[-1129750,-1196750],[-1129750,-1197750],[-1130250,-1197750],[-1130250,-1199750],[-1129750,-1199750],[-1129750,-1201250],[-1127750,-1201250],[-1127750,-1200250],[-1127250,-1200250],[-1127250,-1199750],[-1127750,-1199750],[-1127750,-1199250],[-1128250,-1199250],[-1128250,-1198750],[-1128750,-1198750],[-1128750,-1198250],[-1129250,-1198250],[-1129250,-1196750],[-1129750,-1196750]]]]}},{"type":"Feature","properties":{"key":"Hamilton_Piedmont","name":"Hamilton Piedmont","area_km2":7.4,"lon":-110.1661,"lat":-74.4976},"geometry":{"type":"MultiPolygon","coordinates":[[[[-1589750,-582250],[-1589750,-583250],[-1590750,-583250],[-1590750,-583750],[-1592250,-583750],[-1592250,-584250],[-1593250,-584250],[-1593250,-584750],[-1592250,-584750],[-1592250,-585250],[-1589750,-585250],[-1589750,-584750],[-1588750,-584750],[-1588750,-583250],[-1588250,-583250],[-1588250,-582750],[-1589250,-582750],[-1589250,-582250],[-1589750,-582250]]]]}},{"type":"Feature","properties":{"key":"Rund_Bay","name":"Rund Bay","area_km2":6.6,"lon":57.3989,"lat":-67.053},"geometry":{"type":"MultiPolygon","coordinates":[[[[2134750,1358750],[2134750,1358250],[2135250,1358250],[2135250,1357250],[2133250,1357250],[2133250,1357750],[2133750,1357750],[2133750,1358750],[2134750,1358750]]],[[[2122750,1361750],[2123750,1361750],[2123750,1360750],[2124750,1360750],[2124750,1360250],[2124250,1360250],[2124250,1359750],[2123750,1359750],[2123750,1360250],[2123250,1360250],[2123250,1360750],[2122750,1360750],[2122750,1361250],[2122250,1361250],[2122250,1362250],[2121750,1362250],[2121750,1362750],[2122750,1362750],[2122750,1361750]]],[[[2128750,1364250],[2125750,1364250],[2125750,1364750],[2128750,1364750],[2128750,1364250]]]]}},{"type":"Feature","properties":{"key":"Chugunov","name":"Chugunov","area_km2":4.0,"lon":163.3461,"lat":-70.651},"geometry":{"type":"MultiPolygon","coordinates":[[[[607250,-2030250],[607250,-2030750],[607750,-2030750],[607750,-2033750],[606750,-2033750],[606750,-2034250],[609250,-2034250],[609250,-2033750],[608750,-2033750],[608750,-2032250],[608250,-2032250],[608250,-2030250],[607250,-2030250]]]]}},{"type":"Feature","properties":{"key":"Eltanin_Bay","name":"Eltanin Bay","area_km2":3.3,"lon":-81.1211,"lat":-73.6856},"geometry":{"type":"MultiPolygon","coordinates":[[[[-1761250,275750],[-1761250,274250],[-1760750,274250],[-1760750,273750],[-1761750,273750],[-1761750,274250],[-1762250,274250],[-1762250,275750],[-1761250,275750]]],[[[-1764250,277250],[-1764250,275750],[-1765250,275750],[-1765250,276750],[-1764750,276750],[-1764750,277250],[-1764250,277250]]]]}},{"type":"Feature","properties":{"key":"Falkner","name":"Falkner","area_km2":2.3,"lon":166.1814,"lat":-73.7501},"geometry":{"type":"MultiPolygon","coordinates":[[[[423750,-1724750],[423750,-1725250],[423250,-1725250],[423250,-1725750],[423750,-1725750],[423750,-1726250],[425250,-1726250],[425250,-1725750],[425750,-1725750],[425750,-1725250],[424250,-1725250],[424250,-1724750],[423750,-1724750]]]]}},{"type":"Feature","properties":{"key":"Rydberg_Peninsula","name":"Rydberg Peninsula","area_km2":1.8,"lon":-79.6136,"lat":-73.1042},"geometry":{"type":"MultiPolygon","coordinates":[[[[-1819250,333750],[-1819250,332750],[-1817750,332750],[-1817750,333250],[-1817250,333250],[-1817250,333750],[-1819250,333750]]]]}}]}